{"type":"FeatureCollection","name":"RAK MSW sub-sector collection routes","count":175,"features":[{"type":"Feature","geometry":{"type":"Polygon","coordinates":[[[56.089996,26.036593],[56.089472,26.036709],[56.088996,26.036951],[56.08882,26.037011],[56.088785,26.037046],[56.088744,26.037149],[56.088733,26.037189],[56.088734,26.037212],[56.088732,26.037236],[56.088727,26.037258],[56.088726,26.037281],[56.088722,26.037289],[56.088725,26.037414],[56.088748,26.037413],[56.088749,26.037418],[56.088729,26.037565],[56.088733,26.037716],[56.088684,26.037761],[56.088619,26.037982],[56.088586,26.038049],[56.088571,26.038142],[56.088504,26.038372],[56.088442,26.038447],[56.088368,26.038597],[56.088334,26.03858],[56.088228,26.038709],[56.088126,26.03879],[56.08803,26.038916],[56.087988,26.039008],[56.087983,26.039015],[56.087977,26.039013],[56.08796,26.039005],[56.087859,26.039004],[56.087849,26.039002],[56.087646,26.039001],[56.087557,26.039016],[56.087433,26.039033],[56.087306,26.03906],[56.087262,26.039064],[56.086591,26.039082],[56.086536,26.03907],[56.086525,26.039071],[56.086521,26.039067],[56.086467,26.039055],[56.085654,26.039186],[56.085569,26.039193],[56.085151,26.039217],[56.085152,26.03923],[56.085052,26.039229],[56.085052,26.039222],[56.080186,26.039502],[56.079046,26.033466],[56.078931,26.032856],[56.078607,26.031144],[56.0785,26.030574],[56.077105,26.025127],[56.077094,26.025084],[56.075357,26.0183],[56.075321,26.018159],[56.077814,26.017819],[56.080526,26.01745],[56.080884,26.017389],[56.080818,26.01706],[56.083358,26.016591],[56.083357,26.016589],[56.083633,26.01651],[56.083714,26.016487],[56.084054,26.01639],[56.084279,26.016993],[56.087694,26.016266],[56.087728,26.016259],[56.088259,26.016152],[56.09241,26.015313],[56.100518,26.015358],[56.107203,26.015394],[56.107204,26.015413],[56.106178,26.0226],[56.106067,26.026194],[56.103936,26.026324],[56.103377,26.026242],[56.102612,26.026233],[56.102549,26.026149],[56.102463,26.026133],[56.102436,26.026232],[56.10084,26.026214],[56.10001,26.02733],[56.099965,26.027335],[56.099975,26.027377],[56.099657,26.027805],[56.099862,26.02821],[56.09667,26.029526],[56.096483,26.029626],[56.096295,26.029794],[56.096118,26.030067],[56.096285,26.030148],[56.096316,26.030163],[56.096346,26.030179],[56.096376,26.030197],[56.096405,26.030215],[56.096433,26.030234],[56.09646,26.030254],[56.096487,26.030275],[56.096513,26.030297],[56.096537,26.03032],[56.096562,26.030343],[56.096585,26.030367],[56.096607,26.030392],[56.096628,26.030417],[56.096648,26.030443],[56.096668,26.03047],[56.096686,26.030497],[56.096703,26.030525],[56.096719,26.030553],[56.096734,26.030582],[56.096748,26.030612],[56.096761,26.030641],[56.096772,26.030671],[56.096783,26.030702],[56.096792,26.030733],[56.0968,26.030764],[56.096807,26.030795],[56.096813,26.030826],[56.096817,26.030858],[56.09682,26.03089],[56.096823,26.030921],[56.096823,26.030953],[56.096823,26.030985],[56.096821,26.031017],[56.096818,26.031049],[56.096814,26.03108],[56.096783,26.03131],[56.096527,26.033281],[56.09633,26.034793],[56.096099,26.036568],[56.094742,26.036559],[56.094626,26.036209],[56.093972,26.036205],[56.093526,26.035988],[56.093522,26.035985],[56.093435,26.035937],[56.093445,26.035913],[56.0931,26.035777],[56.093063,26.035793],[56.092964,26.035752],[56.092518,26.035749],[56.091992,26.035916],[56.091544,26.036217],[56.091215,26.036394],[56.091015,26.036507],[56.090409,26.036565],[56.089996,26.036593]]]},"properties":{"layer":"Area Name","name":"1A - SHAAM","sectorNo":"1","subSector":"1A","kind":"area","areaKm2":5.803,"fill":"#FFFFB3","fillOpacity":0.588,"stroke":"#FFFFB3","strokeWidth":1.0,"source":"Google My Maps 'RAK - MSW Sub-Sector Collection Routes' (PSD), exported 15 Sep 2026, with the map's own styling"}},{"type":"Feature","geometry":{"type":"Polygon","coordinates":[[[56.172903,25.928468],[56.169363,25.93347],[56.165464,25.939607],[56.16592,25.947746],[56.153429,25.954014],[56.137947,25.946524],[56.127179,25.937371],[56.120593,25.930988],[56.118549,25.927505],[56.118847,25.927362],[56.118198,25.926291],[56.117916,25.926427],[56.115395,25.922132],[56.110492,25.912244],[56.106162,25.908608],[56.104946,25.907587],[56.09777,25.903344],[56.091788,25.89574],[56.089267,25.891309],[56.089802,25.881434],[56.089853,25.874717],[56.082699,25.867945],[56.0813,25.864595],[56.08219,25.840813],[56.081371,25.840256],[56.079564,25.839025],[56.081966,25.835047],[56.082429,25.834432],[56.082663,25.82816],[56.106006,25.825155],[56.107101,25.827025],[56.108827,25.826885],[56.109701,25.831276],[56.111096,25.831557],[56.112574,25.834867],[56.112578,25.834877],[56.113207,25.836284],[56.113465,25.837357],[56.115541,25.840606],[56.117914,25.845954],[56.11895,25.850808],[56.119446,25.856265],[56.119257,25.863658],[56.117931,25.869084],[56.13001,25.87555],[56.144997,25.875546],[56.159955,25.87554],[56.169339,25.887191],[56.178126,25.892468],[56.179757,25.917153],[56.173095,25.918858],[56.172903,25.928468]]]},"properties":{"layer":"Area Name","name":"1C - WADI SHEHAH","sectorNo":"1","subSector":"1C","kind":"area","areaKm2":71.45,"fill":"#FB8072","fillOpacity":0.6,"stroke":"#FB8072","strokeWidth":1.0,"source":"Google My Maps 'RAK - MSW Sub-Sector Collection Routes' (PSD), exported 15 Sep 2026, with the map's own styling"}},{"type":"Feature","geometry":{"type":"Polygon","coordinates":[[[56.079717,25.97223],[56.079778,25.972177],[56.08023,25.971741],[56.080646,25.971342],[56.080804,25.971193],[56.080946,25.97104],[56.081016,25.970951],[56.081111,25.970787],[56.081329,25.970388],[56.081681,25.969754],[56.081873,25.969471],[56.082069,25.969263],[56.08237,25.969032],[56.082467,25.968974],[56.084928,25.968287],[56.087422,25.967573],[56.087412,25.967639],[56.086751,25.972461],[56.091722,25.975609],[56.093975,25.979884],[56.09532,25.982437],[56.096441,25.985509],[56.098764,25.991875],[56.100108,25.994],[56.107037,26.004958],[56.107203,26.015394],[56.100518,26.015358],[56.09241,26.015313],[56.088259,26.016152],[56.087728,26.016259],[56.087694,26.016266],[56.084279,26.016993],[56.084054,26.01639],[56.083714,26.016487],[56.083633,26.01651],[56.083357,26.016589],[56.083358,26.016591],[56.080818,26.01706],[56.080884,26.017389],[56.080526,26.01745],[56.077814,26.017819],[56.075321,26.018159],[56.074057,26.013221],[56.074025,26.013099],[56.073074,26.009381],[56.072059,26.005417],[56.071174,26.001961],[56.069823,25.998938],[56.068073,25.995024],[56.064808,25.98772],[56.061504,25.982363],[56.056718,25.984499],[56.055986,25.984331],[56.058268,25.982684],[56.058277,25.98268],[56.058303,25.982668],[56.058323,25.982657],[56.058363,25.982636],[56.05848,25.982565],[56.058594,25.982493],[56.058611,25.982481],[56.059084,25.982139],[56.059294,25.981986],[56.060053,25.981436],[56.060106,25.981397],[56.060109,25.981396],[56.060096,25.981381],[56.060103,25.981362],[56.060102,25.981361],[56.067611,25.975941],[56.069204,25.977719],[56.071,25.978516],[56.07185,25.978657],[56.072104,25.978353],[56.072503,25.977979],[56.07285,25.977656],[56.073074,25.977449],[56.073313,25.977247],[56.073502,25.977099],[56.073683,25.97697],[56.073986,25.976783],[56.074311,25.976569],[56.07494,25.976179],[56.075319,25.975949],[56.075602,25.975769],[56.075769,25.975659],[56.076078,25.975442],[56.076284,25.975285],[56.076536,25.975078],[56.076676,25.974956],[56.076819,25.974828],[56.076998,25.974671],[56.077344,25.974362],[56.077482,25.974237],[56.077883,25.973874],[56.078023,25.973753],[56.078278,25.973526],[56.079717,25.97223]]]},"properties":{"layer":"Area Name","name":"1A - GHALILAH","sectorNo":"1","subSector":"1A","kind":"area","areaKm2":15.325,"fill":"#FFFFB3","fillOpacity":0.639,"stroke":"#FFFFB3","strokeWidth":1.0,"source":"Google My Maps 'RAK - MSW Sub-Sector Collection Routes' (PSD), exported 15 Sep 2026, with the map's own styling"}},{"type":"Feature","geometry":{"type":"Polygon","coordinates":[[[56.056781,25.911839],[56.056373,25.912822],[56.056344,25.912893],[56.056342,25.912896],[56.056214,25.913205],[56.056305,25.91323],[56.054962,25.916656],[56.054786,25.917506],[56.054585,25.918479],[56.054266,25.920312],[56.054006,25.922153],[56.053976,25.922432],[56.053957,25.922711],[56.053948,25.922991],[56.053949,25.923271],[56.05396,25.923551],[56.053982,25.92383],[56.054015,25.924109],[56.054057,25.924386],[56.05411,25.924662],[56.054173,25.924937],[56.054246,25.925209],[56.054329,25.925478],[56.054422,25.925746],[56.054929,25.926789],[56.054917,25.926792],[56.055013,25.92696],[56.055357,25.927669],[56.051222,25.929466],[56.051186,25.929482],[56.050966,25.929586],[56.050858,25.92866],[56.050643,25.926829],[56.050344,25.92457],[56.049712,25.92103],[56.049207,25.919749],[56.047216,25.917669],[56.046863,25.917235],[56.048392,25.91641],[56.051309,25.916131],[56.055713,25.904473],[56.055165,25.904278],[56.056286,25.901524],[56.053124,25.899286],[56.051771,25.898026],[56.050998,25.896874],[56.050141,25.894498],[56.048161,25.894944],[56.047162,25.892581],[56.051349,25.8909],[56.052536,25.893576],[56.054116,25.893023],[56.054179,25.893362],[56.054314,25.893825],[56.054432,25.894126],[56.054573,25.894419],[56.054736,25.894702],[56.054919,25.894975],[56.055122,25.895236],[56.055345,25.895484],[56.055586,25.895717],[56.055712,25.895828],[56.05888,25.897837],[56.059215,25.898041],[56.059527,25.898274],[56.059815,25.898537],[56.059991,25.898727],[56.060227,25.89903],[56.060429,25.899354],[56.060594,25.899693],[56.060754,25.900166],[56.060801,25.900294],[56.060783,25.900287],[56.060924,25.90063],[56.060975,25.90116],[56.060841,25.901854],[56.059512,25.905131],[56.059155,25.905966],[56.057555,25.910044],[56.057101,25.911136],[56.057102,25.911136],[56.057125,25.911141],[56.05707,25.911281],[56.057022,25.91126],[56.056781,25.911839]]]},"properties":{"layer":"Area Name","name":"1A - SEIH AL QURUM","sectorNo":"1","subSector":"1A","kind":"area","areaKm2":2.005,"fill":"#FFFFB3","fillOpacity":0.639,"stroke":"#FFFFB3","strokeWidth":1.0,"source":"Google My Maps 'RAK - MSW Sub-Sector Collection Routes' (PSD), exported 15 Sep 2026, with the map's own styling"}},{"type":"Feature","geometry":{"type":"Polygon","coordinates":[[[56.047216,25.917669],[56.049207,25.919749],[56.049712,25.92103],[56.050344,25.92457],[56.050643,25.926829],[56.050858,25.92866],[56.050966,25.929586],[56.037722,25.935886],[56.016635,25.890248],[56.009008,25.89155],[56.006116,25.889283],[56.016319,25.886921],[56.018163,25.886495],[56.018479,25.886422],[56.022665,25.885452],[56.028875,25.884015],[56.028999,25.883991],[56.029124,25.883971],[56.02925,25.883955],[56.029376,25.883943],[56.029503,25.883934],[56.02963,25.88393],[56.029757,25.88393],[56.029884,25.883933],[56.030011,25.883941],[56.030137,25.883953],[56.030263,25.883968],[56.030388,25.883987],[56.030512,25.884011],[56.030636,25.884038],[56.030758,25.884069],[56.030879,25.884104],[56.030999,25.884142],[56.031117,25.884184],[56.031233,25.88423],[56.031348,25.88428],[56.031461,25.884333],[56.031571,25.884389],[56.031679,25.884449],[56.031785,25.884512],[56.031888,25.884578],[56.031989,25.884648],[56.032087,25.88472],[56.032182,25.884796],[56.032274,25.884874],[56.032363,25.884956],[56.032449,25.88504],[56.032532,25.885126],[56.032612,25.885216],[56.032688,25.885307],[56.03276,25.885401],[56.032829,25.885497],[56.032894,25.885595],[56.032956,25.885695],[56.033013,25.885797],[56.033067,25.885901],[56.033117,25.886007],[56.033163,25.886113],[56.033204,25.886222],[56.033242,25.886331],[56.033275,25.886441],[56.033304,25.886553],[56.033329,25.886665],[56.03335,25.886778],[56.033366,25.886892],[56.033378,25.887006],[56.033385,25.88712],[56.033389,25.887235],[56.033388,25.887349],[56.033382,25.887464],[56.033372,25.887578],[56.033358,25.887692],[56.03334,25.887805],[56.033317,25.887918],[56.03329,25.88803],[56.033259,25.888141],[56.033223,25.888251],[56.033184,25.888359],[56.03314,25.888467],[56.033092,25.888573],[56.033041,25.888678],[56.032985,25.88878],[56.032925,25.888882],[56.032862,25.888981],[56.032795,25.889078],[56.032724,25.889173],[56.03265,25.889266],[56.032572,25.889356],[56.032491,25.889444],[56.032406,25.889529],[56.032298,25.889633],[56.032194,25.889739],[56.032094,25.889849],[56.031998,25.889962],[56.031907,25.890078],[56.03182,25.890197],[56.031738,25.890318],[56.03166,25.890442],[56.031588,25.890568],[56.03152,25.890697],[56.031457,25.890827],[56.031399,25.89096],[56.031346,25.891094],[56.031299,25.89123],[56.031257,25.891367],[56.03122,25.891505],[56.031188,25.891645],[56.031162,25.891785],[56.031141,25.891926],[56.031125,25.892068],[56.031115,25.89221],[56.031111,25.892352],[56.031112,25.892495],[56.031118,25.892637],[56.03113,25.892779],[56.031147,25.89292],[56.03117,25.893061],[56.031198,25.893201],[56.031231,25.89334],[56.03127,25.893478],[56.031314,25.893615],[56.031363,25.89375],[56.031418,25.893884],[56.031477,25.894016],[56.031542,25.894146],[56.031611,25.894273],[56.031686,25.894399],[56.031765,25.894522],[56.031848,25.894642],[56.031937,25.89476],[56.03203,25.894875],[56.032127,25.894987],[56.032228,25.895096],[56.032334,25.895202],[56.032443,25.895304],[56.032556,25.895403],[56.032674,25.895498],[56.032794,25.895589],[56.032918,25.895677],[56.033046,25.89576],[56.033176,25.89584],[56.03331,25.895915],[56.033446,25.895987],[56.033585,25.896053],[56.033726,25.896116],[56.03387,25.896174],[56.034016,25.896227],[56.034164,25.896276],[56.034314,25.89632],[56.034465,25.89636],[56.034618,25.896394],[56.034771,25.896424],[56.034926,25.896449],[56.035082,25.896469],[56.035239,25.896485],[56.035396,25.896495],[56.035553,25.8965],[56.03571,25.896501],[56.035868,25.896496],[56.036025,25.896487],[56.036181,25.896472],[56.036337,25.896453],[56.036492,25.896429],[56.036646,25.8964],[56.036799,25.896366],[56.036951,25.896327],[56.037101,25.896284],[56.037249,25.896236],[56.037395,25.896183],[56.037539,25.896126],[56.037681,25.896064],[56.03782,25.895998],[56.037957,25.895927],[56.038091,25.895853],[56.038222,25.895774],[56.03835,25.895691],[56.038475,25.895604],[56.038596,25.895513],[56.038714,25.895419],[56.038828,25.895321],[56.038938,25.895219],[56.039044,25.895114],[56.039146,25.895005],[56.039244,25.894894],[56.039338,25.894779],[56.039427,25.894662],[56.039511,25.894542],[56.039591,25.894419],[56.039666,25.894294],[56.039736,25.894167],[56.039802,25.894037],[56.039862,25.893906],[56.039917,25.893772],[56.039967,25.893638],[56.040062,25.893544],[56.040161,25.893453],[56.040263,25.893365],[56.040368,25.893281],[56.040477,25.8932],[56.040588,25.893122],[56.040702,25.893048],[56.04082,25.892978],[56.040939,25.892912],[56.041062,25.892849],[56.041186,25.89279],[56.041313,25.892735],[56.041442,25.892684],[56.041573,25.892637],[56.041705,25.892594],[56.041839,25.892556],[56.041975,25.892522],[56.042111,25.892492],[56.042249,25.892466],[56.042388,25.892445],[56.042527,25.892428],[56.042667,25.892416],[56.042808,25.892407],[56.042948,25.892404],[56.043089,25.892405],[56.043229,25.89241],[56.043369,25.892419],[56.043509,25.892433],[56.043648,25.892452],[56.043787,25.892475],[56.043924,25.892502],[56.04406,25.892533],[56.044195,25.892569],[56.044329,25.892609],[56.044461,25.892653],[56.044591,25.892701],[56.044719,25.892753],[56.044845,25.89281],[56.044969,25.89287],[56.045091,25.892934],[56.045209,25.893002],[56.045326,25.893074],[56.045439,25.893149],[56.04555,25.893228],[56.047162,25.892581],[56.048161,25.894944],[56.050141,25.894498],[56.050998,25.896874],[56.051771,25.898026],[56.053124,25.899286],[56.056286,25.901524],[56.055165,25.904278],[56.055713,25.904473],[56.051309,25.916131],[56.048392,25.91641],[56.046863,25.917235],[56.047216,25.917669]]]},"properties":{"layer":"Area Name","name":"1A - AL HULAYLAH","sectorNo":"1","subSector":"1A","kind":"area","areaKm2":12.345,"fill":"#FFFFB3","fillOpacity":0.651,"stroke":"#FFFFB3","strokeWidth":1.0,"source":"Google My Maps 'RAK - MSW Sub-Sector Collection Routes' (PSD), exported 15 Sep 2026, with the map's own styling"}},{"type":"Feature","geometry":{"type":"Polygon","coordinates":[[[56.115761,26.049092],[56.116568,26.050594],[56.110576,26.054335],[56.107081,26.055643],[56.105774,26.054375],[56.102847,26.0534],[56.094713,26.051932],[56.094678,26.045667],[56.086853,26.04592],[56.088357,26.044131],[56.085825,26.044171],[56.085736,26.043656],[56.08543,26.043785],[56.084119,26.044011],[56.081813,26.044364],[56.080186,26.039502],[56.085052,26.039222],[56.085052,26.039229],[56.085152,26.03923],[56.085151,26.039217],[56.085569,26.039193],[56.085654,26.039186],[56.086467,26.039055],[56.086521,26.039067],[56.086525,26.039071],[56.086536,26.03907],[56.086591,26.039082],[56.087262,26.039064],[56.087306,26.03906],[56.087433,26.039033],[56.087557,26.039016],[56.087646,26.039001],[56.087849,26.039002],[56.087859,26.039004],[56.08796,26.039005],[56.087977,26.039013],[56.087983,26.039015],[56.087988,26.039008],[56.08803,26.038916],[56.088126,26.03879],[56.088228,26.038709],[56.088334,26.03858],[56.088368,26.038597],[56.088442,26.038447],[56.088504,26.038372],[56.088571,26.038142],[56.088586,26.038049],[56.088619,26.037982],[56.088684,26.037761],[56.088733,26.037716],[56.088729,26.037565],[56.088749,26.037418],[56.088748,26.037413],[56.088725,26.037414],[56.088722,26.037289],[56.088726,26.037281],[56.088727,26.037258],[56.088732,26.037236],[56.088734,26.037212],[56.088733,26.037189],[56.088744,26.037149],[56.088785,26.037046],[56.08882,26.037011],[56.088996,26.036951],[56.089472,26.036709],[56.089996,26.036593],[56.090409,26.036565],[56.091015,26.036507],[56.091215,26.036394],[56.091544,26.036217],[56.091992,26.035916],[56.092518,26.035749],[56.092964,26.035752],[56.093063,26.035793],[56.0931,26.035777],[56.093445,26.035913],[56.093435,26.035937],[56.093522,26.035985],[56.093526,26.035988],[56.093972,26.036205],[56.094626,26.036209],[56.094742,26.036559],[56.096099,26.036568],[56.09633,26.034793],[56.096527,26.033281],[56.096783,26.03131],[56.099024,26.031679],[56.099108,26.031687],[56.099193,26.031693],[56.099278,26.031696],[56.099363,26.031697],[56.099448,26.031695],[56.099532,26.031691],[56.099617,26.031684],[56.099701,26.031674],[56.099785,26.031662],[56.099868,26.031647],[56.099951,26.03163],[56.100033,26.03161],[56.100114,26.031587],[56.100195,26.031562],[56.100274,26.031535],[56.100999,26.031235],[56.102816,26.030534],[56.102833,26.030661],[56.102903,26.030682],[56.102974,26.030701],[56.103045,26.030718],[56.103117,26.030732],[56.10319,26.030745],[56.103263,26.030755],[56.103336,26.030762],[56.103409,26.030767],[56.103483,26.03077],[56.103557,26.030771],[56.103631,26.030769],[56.103704,26.030765],[56.103888,26.030756],[56.104071,26.030741],[56.104254,26.030721],[56.104436,26.030695],[56.104916,26.030636],[56.105933,26.030501],[56.10677,26.030413],[56.107497,26.030373],[56.108854,26.030282],[56.110403,26.030118],[56.110865,26.030896],[56.110932,26.032882],[56.11095,26.033441],[56.110682,26.03375],[56.110678,26.03375],[56.110679,26.033754],[56.110678,26.033754],[56.110669,26.033852],[56.11059,26.03387],[56.109902,26.034878],[56.10988,26.034852],[56.109856,26.034826],[56.109831,26.034802],[56.109806,26.034778],[56.10978,26.034755],[56.109753,26.034733],[56.109725,26.034711],[56.109696,26.034691],[56.109666,26.034671],[56.109636,26.034652],[56.109605,26.034634],[56.109574,26.034618],[56.109542,26.034602],[56.109509,26.034587],[56.109476,26.034573],[56.109442,26.03456],[56.109408,26.034548],[56.109373,26.034537],[56.109338,26.034528],[56.109302,26.034519],[56.109267,26.034512],[56.109231,26.034505],[56.109195,26.0345],[56.109158,26.034496],[56.109122,26.034493],[56.109085,26.034491],[56.109049,26.03449],[56.109012,26.03449],[56.108974,26.034492],[56.107754,26.034547],[56.10776,26.034754],[56.107753,26.034952],[56.107742,26.035275],[56.107753,26.03536],[56.107751,26.035979],[56.10771,26.03598],[56.107713,26.036027],[56.107681,26.036026],[56.107692,26.036293],[56.107554,26.036297],[56.10753,26.0364],[56.107525,26.036457],[56.107536,26.036549],[56.107593,26.036832],[56.107619,26.036921],[56.107636,26.036968],[56.107708,26.037085],[56.107718,26.037097],[56.107729,26.037103],[56.107743,26.037111],[56.107759,26.037205],[56.107755,26.03732],[56.107844,26.037475],[56.107846,26.037562],[56.110688,26.039642],[56.113439,26.044766],[56.115761,26.049092]]]},"properties":{"layer":"Area Name","name":"1A - AL JEER","sectorNo":"1","subSector":"1A","kind":"area","areaKm2":5.356,"fill":"#FFFFB3","fillOpacity":0.612,"stroke":"#FFFFB3","strokeWidth":1.0,"source":"Google My Maps 'RAK - MSW Sub-Sector Collection Routes' (PSD), exported 15 Sep 2026, with the map's own styling"}},{"type":"Feature","geometry":{"type":"Polygon","coordinates":[[[56.065874,25.92957],[56.066649,25.929386],[56.070968,25.928651],[56.070382,25.926975],[56.074969,25.927725],[56.075331,25.915968],[56.07569,25.904306],[56.085455,25.905325],[56.094214,25.904938],[56.09777,25.903344],[56.104946,25.907587],[56.106162,25.908608],[56.110492,25.912244],[56.115395,25.922132],[56.11039,25.925114],[56.103296,25.929057],[56.097391,25.934021],[56.093838,25.939614],[56.093837,25.940098],[56.09364,25.939926],[56.092344,25.941967],[56.076104,25.942785],[56.075625,25.942128],[56.073796,25.942902],[56.068967,25.943145],[56.068928,25.943141],[56.068927,25.943147],[56.068865,25.94315],[56.068868,25.943137],[56.068364,25.943096],[56.068369,25.943113],[56.068388,25.943174],[56.068389,25.943174],[56.068344,25.943176],[56.067728,25.943197],[56.067736,25.943369],[56.067745,25.943368],[56.067744,25.943374],[56.067218,25.943405],[56.067218,25.943331],[56.067219,25.943233],[56.067246,25.941945],[56.067255,25.941307],[56.067259,25.941013],[56.067248,25.940736],[56.067226,25.94046],[56.067194,25.940184],[56.067151,25.93991],[56.067098,25.939637],[56.067034,25.939366],[56.066959,25.939097],[56.066875,25.938831],[56.066792,25.9386],[56.066701,25.938373],[56.0666,25.938148],[56.066492,25.937927],[56.066374,25.937709],[56.066249,25.937495],[56.066115,25.937285],[56.065973,25.93708],[56.065824,25.936879],[56.065667,25.936683],[56.065502,25.936492],[56.06533,25.936306],[56.065183,25.936157],[56.065032,25.936012],[56.064866,25.935862],[56.064695,25.935717],[56.064519,25.935577],[56.064339,25.935441],[56.064154,25.935311],[56.062817,25.934397],[56.057823,25.930886],[56.057972,25.930757],[56.057949,25.930739],[56.058019,25.930717],[56.058145,25.930607],[56.059553,25.929901],[56.061414,25.929818],[56.063206,25.929792],[56.064515,25.929683],[56.064952,25.929851],[56.065874,25.92957]]]},"properties":{"layer":"Area Name","name":"1A - AL RAHABAH","sectorNo":"1","subSector":"1A","kind":"area","areaKm2":14.301,"fill":"#FFFFB3","fillOpacity":0.631,"stroke":"#FFFFB3","strokeWidth":1.0,"source":"Google My Maps 'RAK - MSW Sub-Sector Collection Routes' (PSD), exported 15 Sep 2026, with the map's own styling"}},{"type":"Feature","geometry":{"type":"Polygon","coordinates":[[[56.057509,25.930926],[56.056451,25.929768],[56.056587,25.929695],[56.056562,25.929666],[56.056367,25.929422],[56.056181,25.929173],[56.056005,25.928919],[56.055838,25.928658],[56.055357,25.927669],[56.055013,25.92696],[56.054917,25.926792],[56.054929,25.926789],[56.054422,25.925746],[56.054329,25.925478],[56.054246,25.925209],[56.054173,25.924937],[56.05411,25.924662],[56.054057,25.924386],[56.054015,25.924109],[56.053982,25.92383],[56.05396,25.923551],[56.053949,25.923271],[56.053948,25.922991],[56.053957,25.922711],[56.053976,25.922432],[56.054006,25.922153],[56.054266,25.920312],[56.054585,25.918479],[56.054786,25.917506],[56.054962,25.916656],[56.056305,25.91323],[56.056214,25.913205],[56.056342,25.912896],[56.056344,25.912893],[56.056373,25.912822],[56.056781,25.911839],[56.057022,25.91126],[56.05707,25.911281],[56.057125,25.911141],[56.057102,25.911136],[56.057101,25.911136],[56.057555,25.910044],[56.059155,25.905966],[56.059512,25.905131],[56.060841,25.901854],[56.060975,25.90116],[56.060924,25.90063],[56.060783,25.900287],[56.060801,25.900294],[56.064671,25.901694],[56.065839,25.902116],[56.066408,25.901858],[56.06673,25.902438],[56.070353,25.903749],[56.07569,25.904306],[56.075331,25.915968],[56.074969,25.927725],[56.070382,25.926975],[56.070968,25.928651],[56.066649,25.929386],[56.065874,25.92957],[56.064952,25.929851],[56.064515,25.929683],[56.063206,25.929792],[56.061414,25.929818],[56.059553,25.929901],[56.058145,25.930607],[56.058019,25.930717],[56.057949,25.930739],[56.057972,25.930757],[56.057823,25.930886],[56.057725,25.930818],[56.057509,25.930926]]]},"properties":{"layer":"Area Name","name":"1A - SEIH KABDAH","sectorNo":"1","subSector":"1A","kind":"area","areaKm2":5.621,"fill":"#FFFFB3","fillOpacity":0.62,"stroke":"#FFFFB3","strokeWidth":1.0,"source":"Google My Maps 'RAK - MSW Sub-Sector Collection Routes' (PSD), exported 15 Sep 2026, with the map's own styling"}},{"type":"Feature","geometry":{"type":"Polygon","coordinates":[[[56.191337,25.972007],[56.187637,25.98663],[56.180375,25.995364],[56.181719,26.005542],[56.18169,26.019023],[56.171176,26.023322],[56.163518,26.020542],[56.146777,26.014461],[56.13858,26.006864],[56.127189,26.006177],[56.107037,26.004958],[56.100108,25.994],[56.098764,25.991875],[56.096441,25.985509],[56.09532,25.982437],[56.093975,25.979884],[56.091722,25.975609],[56.086751,25.972461],[56.087412,25.967639],[56.087422,25.967573],[56.088104,25.962973],[56.089566,25.961383],[56.090568,25.960293],[56.093269,25.957854],[56.094552,25.955711],[56.095357,25.955473],[56.094474,25.951516],[56.094889,25.951343],[56.093359,25.946515],[56.092344,25.941967],[56.09364,25.939926],[56.093837,25.940098],[56.093838,25.939614],[56.097391,25.934021],[56.103296,25.929057],[56.11039,25.925114],[56.115395,25.922132],[56.117916,25.926427],[56.118198,25.926291],[56.118847,25.927362],[56.118549,25.927505],[56.120593,25.930988],[56.127179,25.937371],[56.137947,25.946524],[56.153429,25.954014],[56.16592,25.947746],[56.170684,25.946785],[56.18054,25.952943],[56.191337,25.972007]]]},"properties":{"layer":"Area Name","name":"1A - WADI GHALILAH","sectorNo":"1","subSector":"1A","kind":"area","areaKm2":70.352,"fill":"#FFFFB3","fillOpacity":0.62,"stroke":"#FFFFB3","strokeWidth":1.0,"source":"Google My Maps 'RAK - MSW Sub-Sector Collection Routes' (PSD), exported 15 Sep 2026, with the map's own styling"}},{"type":"Feature","geometry":{"type":"Polygon","coordinates":[[[56.171176,26.023322],[56.173089,26.025599],[56.17179,26.02751],[56.170088,26.031626],[56.168517,26.035568],[56.165067,26.041302],[56.164019,26.043969],[56.162391,26.046749],[56.161319,26.049357],[56.163815,26.054602],[56.161618,26.055984],[56.159336,26.060213],[56.156825,26.063637],[56.156023,26.06741],[56.153066,26.069352],[56.147807,26.068201],[56.145405,26.068257],[56.143239,26.067475],[56.142006,26.066978],[56.140398,26.06452],[56.138259,26.060379],[56.1348,26.056791],[56.13318,26.055942],[56.128605,26.056614],[56.126212,26.05562],[56.124062,26.053088],[56.123995,26.051689],[56.122296,26.050979],[56.120512,26.051388],[56.119432,26.050822],[56.116568,26.050594],[56.115761,26.049092],[56.113439,26.044766],[56.110688,26.039642],[56.107846,26.037562],[56.107844,26.037475],[56.107755,26.03732],[56.107759,26.037205],[56.107743,26.037111],[56.107729,26.037103],[56.107718,26.037097],[56.107708,26.037085],[56.107636,26.036968],[56.107619,26.036921],[56.107593,26.036832],[56.107536,26.036549],[56.107525,26.036457],[56.10753,26.0364],[56.107554,26.036297],[56.107692,26.036293],[56.107681,26.036026],[56.107713,26.036027],[56.10771,26.03598],[56.107751,26.035979],[56.107753,26.03536],[56.107742,26.035275],[56.107753,26.034952],[56.10776,26.034754],[56.107754,26.034547],[56.108974,26.034492],[56.109012,26.03449],[56.109049,26.03449],[56.109085,26.034491],[56.109122,26.034493],[56.109158,26.034496],[56.109195,26.0345],[56.109231,26.034505],[56.109267,26.034512],[56.109302,26.034519],[56.109338,26.034528],[56.109373,26.034537],[56.109408,26.034548],[56.109442,26.03456],[56.109476,26.034573],[56.109509,26.034587],[56.109542,26.034602],[56.109574,26.034618],[56.109605,26.034634],[56.109636,26.034652],[56.109666,26.034671],[56.109696,26.034691],[56.109725,26.034711],[56.109753,26.034733],[56.10978,26.034755],[56.109806,26.034778],[56.109831,26.034802],[56.109856,26.034826],[56.10988,26.034852],[56.109902,26.034878],[56.11059,26.03387],[56.110669,26.033852],[56.110678,26.033754],[56.110679,26.033754],[56.110678,26.03375],[56.110682,26.03375],[56.11095,26.033441],[56.110932,26.032882],[56.110865,26.030896],[56.110403,26.030118],[56.108854,26.030282],[56.107497,26.030373],[56.10677,26.030413],[56.105933,26.030501],[56.106067,26.026194],[56.106178,26.0226],[56.107204,26.015413],[56.107203,26.015394],[56.107037,26.004958],[56.127189,26.006177],[56.13858,26.006864],[56.146777,26.014461],[56.163518,26.020542],[56.171176,26.023322]]]},"properties":{"layer":"Area Name","name":"1A - WADI SHAAM","sectorNo":"1","subSector":"1A","kind":"area","areaKm2":30.77,"fill":"#FFFFB3","fillOpacity":0.651,"stroke":"#FFFFB3","strokeWidth":1.0,"source":"Google My Maps 'RAK - MSW Sub-Sector Collection Routes' (PSD), exported 15 Sep 2026, with the map's own styling"}},{"type":"Feature","geometry":{"type":"Polygon","coordinates":[[[56.100999,26.031235],[56.100274,26.031535],[56.100195,26.031562],[56.100114,26.031587],[56.100033,26.03161],[56.099951,26.03163],[56.099868,26.031647],[56.099785,26.031662],[56.099701,26.031674],[56.099617,26.031684],[56.099532,26.031691],[56.099448,26.031695],[56.099363,26.031697],[56.099278,26.031696],[56.099193,26.031693],[56.099108,26.031687],[56.099024,26.031679],[56.096783,26.03131],[56.096814,26.03108],[56.096818,26.031049],[56.096821,26.031017],[56.096823,26.030985],[56.096823,26.030953],[56.096823,26.030921],[56.09682,26.03089],[56.096817,26.030858],[56.096813,26.030826],[56.096807,26.030795],[56.0968,26.030764],[56.096792,26.030733],[56.096783,26.030702],[56.096772,26.030671],[56.096761,26.030641],[56.096748,26.030612],[56.096734,26.030582],[56.096719,26.030553],[56.096703,26.030525],[56.096686,26.030497],[56.096668,26.03047],[56.096648,26.030443],[56.096628,26.030417],[56.096607,26.030392],[56.096585,26.030367],[56.096562,26.030343],[56.096537,26.03032],[56.096513,26.030297],[56.096487,26.030275],[56.09646,26.030254],[56.096433,26.030234],[56.096405,26.030215],[56.096376,26.030197],[56.096346,26.030179],[56.096316,26.030163],[56.096285,26.030148],[56.096118,26.030067],[56.096295,26.029794],[56.096483,26.029626],[56.09667,26.029526],[56.099862,26.02821],[56.099657,26.027805],[56.099975,26.027377],[56.099965,26.027335],[56.10001,26.02733],[56.10084,26.026214],[56.102436,26.026232],[56.102463,26.026133],[56.102549,26.026149],[56.102612,26.026233],[56.103377,26.026242],[56.103936,26.026324],[56.106067,26.026194],[56.105933,26.030501],[56.104916,26.030636],[56.104436,26.030695],[56.104254,26.030721],[56.104071,26.030741],[56.103888,26.030756],[56.103704,26.030765],[56.103631,26.030769],[56.103557,26.030771],[56.103483,26.03077],[56.103409,26.030767],[56.103336,26.030762],[56.103263,26.030755],[56.10319,26.030745],[56.103117,26.030732],[56.103045,26.030718],[56.102974,26.030701],[56.102903,26.030682],[56.102833,26.030661],[56.102816,26.030534],[56.100999,26.031235]]]},"properties":{"layer":"Area Name","name":"1A - RMAILAH","sectorNo":"1","subSector":"1A","kind":"area","areaKm2":0.407,"fill":"#FFFFB3","fillOpacity":0.639,"stroke":"#FFFFB3","strokeWidth":1.0,"source":"Google My Maps 'RAK - MSW Sub-Sector Collection Routes' (PSD), exported 15 Sep 2026, with the map's own styling"}},{"type":"Feature","geometry":{"type":"Polygon","coordinates":[[[56.060102,25.981361],[56.060103,25.981362],[56.060096,25.981381],[56.060109,25.981396],[56.060106,25.981397],[56.060053,25.981436],[56.059294,25.981986],[56.059084,25.982139],[56.058611,25.982481],[56.058594,25.982493],[56.05848,25.982565],[56.058363,25.982636],[56.058323,25.982657],[56.058303,25.982668],[56.058277,25.98268],[56.058268,25.982684],[56.055986,25.984331],[56.046291,25.98211],[56.043431,25.974866],[56.046716,25.967661],[56.046802,25.967283],[56.035149,25.97035],[56.031957,25.960444],[56.043609,25.95739],[56.04319,25.95609],[56.046491,25.955221],[56.046334,25.954513],[56.041439,25.943927],[56.037722,25.935886],[56.050966,25.929586],[56.051186,25.929482],[56.051222,25.929466],[56.055357,25.927669],[56.055838,25.928658],[56.056005,25.928919],[56.056181,25.929173],[56.056367,25.929422],[56.056562,25.929666],[56.056587,25.929695],[56.056451,25.929768],[56.057509,25.930926],[56.057725,25.930818],[56.057823,25.930886],[56.062817,25.934397],[56.064154,25.935311],[56.064339,25.935441],[56.064519,25.935577],[56.064695,25.935717],[56.064866,25.935862],[56.065032,25.936012],[56.065183,25.936157],[56.06533,25.936306],[56.065502,25.936492],[56.065667,25.936683],[56.065824,25.936879],[56.065973,25.93708],[56.066115,25.937285],[56.066249,25.937495],[56.066374,25.937709],[56.066492,25.937927],[56.0666,25.938148],[56.066701,25.938373],[56.066792,25.9386],[56.066875,25.938831],[56.066959,25.939097],[56.067034,25.939366],[56.067098,25.939637],[56.067151,25.93991],[56.067194,25.940184],[56.067226,25.94046],[56.067248,25.940736],[56.067259,25.941013],[56.067255,25.941307],[56.067246,25.941945],[56.067219,25.943233],[56.067218,25.943331],[56.067218,25.943405],[56.067744,25.943374],[56.067745,25.943368],[56.067736,25.943369],[56.067728,25.943197],[56.068344,25.943176],[56.068389,25.943174],[56.068388,25.943174],[56.068369,25.943113],[56.068364,25.943096],[56.068868,25.943137],[56.068865,25.94315],[56.068927,25.943147],[56.068928,25.943141],[56.068967,25.943145],[56.073796,25.942902],[56.075625,25.942128],[56.076104,25.942785],[56.092344,25.941967],[56.093359,25.946515],[56.094889,25.951343],[56.094474,25.951516],[56.095357,25.955473],[56.094552,25.955711],[56.093269,25.957854],[56.090568,25.960293],[56.089566,25.961383],[56.088104,25.962973],[56.087422,25.967573],[56.084928,25.968287],[56.082467,25.968974],[56.08237,25.969032],[56.082069,25.969263],[56.081873,25.969471],[56.081681,25.969754],[56.081329,25.970388],[56.081111,25.970787],[56.081016,25.970951],[56.080946,25.97104],[56.080804,25.971193],[56.080646,25.971342],[56.08023,25.971741],[56.079778,25.972177],[56.079717,25.97223],[56.078278,25.973526],[56.078023,25.973753],[56.077883,25.973874],[56.077482,25.974237],[56.077344,25.974362],[56.076998,25.974671],[56.076819,25.974828],[56.076676,25.974956],[56.076536,25.975078],[56.076284,25.975285],[56.076078,25.975442],[56.075769,25.975659],[56.075602,25.975769],[56.075319,25.975949],[56.07494,25.976179],[56.074311,25.976569],[56.073986,25.976783],[56.073683,25.97697],[56.073502,25.977099],[56.073313,25.977247],[56.073074,25.977449],[56.07285,25.977656],[56.072503,25.977979],[56.072104,25.978353],[56.07185,25.978657],[56.071,25.978516],[56.069204,25.977719],[56.067611,25.975941],[56.060102,25.981361]]]},"properties":{"layer":"Area Name","name":"1A - KHOR KHWAIR","sectorNo":"1","subSector":"1A","kind":"area","areaKm2":22.723,"fill":"#FFFFB3","fillOpacity":0.612,"stroke":"#FFFFB3","strokeWidth":1.0,"source":"Google My Maps 'RAK - MSW Sub-Sector Collection Routes' (PSD), exported 15 Sep 2026, with the map's own styling"}},{"type":"Feature","geometry":{"type":"Polygon","coordinates":[[[56.09777,25.903344],[56.094214,25.904938],[56.085455,25.905325],[56.07569,25.904306],[56.070353,25.903749],[56.06673,25.902438],[56.066408,25.901858],[56.065839,25.902116],[56.064671,25.901694],[56.060801,25.900294],[56.060754,25.900166],[56.060594,25.899693],[56.060429,25.899354],[56.060227,25.89903],[56.059991,25.898727],[56.059815,25.898537],[56.059527,25.898274],[56.059215,25.898041],[56.05888,25.897837],[56.055712,25.895828],[56.055586,25.895717],[56.055345,25.895484],[56.055122,25.895236],[56.054919,25.894975],[56.054736,25.894702],[56.054573,25.894419],[56.054432,25.894126],[56.054314,25.893825],[56.054179,25.893362],[56.054116,25.893023],[56.052536,25.893576],[56.051349,25.8909],[56.051108,25.890356],[56.050887,25.889778],[56.050487,25.888733],[56.04919,25.885708],[56.049062,25.885475],[56.048273,25.884913],[56.048094,25.884803],[56.047913,25.884697],[56.047727,25.884597],[56.047539,25.884501],[56.042343,25.882114],[56.043051,25.881126],[56.040352,25.880074],[56.038533,25.879274],[56.037068,25.878518],[56.037046,25.878505],[56.035214,25.877408],[56.034304,25.876863],[56.029143,25.873807],[56.027917,25.873057],[56.023997,25.87066],[56.022738,25.869659],[56.022416,25.868264],[56.022063,25.866876],[56.02187,25.866131],[56.021698,25.865383],[56.021548,25.86463],[56.02138,25.862573],[56.028246,25.861228],[56.029224,25.861036],[56.042685,25.859435],[56.05794,25.860914],[56.0813,25.864595],[56.082699,25.867945],[56.089853,25.874717],[56.089802,25.881434],[56.089267,25.891309],[56.091788,25.89574],[56.09777,25.903344]]]},"properties":{"layer":"Area Name","name":"1B - DHAYA","sectorNo":"1","subSector":"1B","kind":"area","areaKm2":22.51,"fill":"#BEBADA","fillOpacity":0.62,"stroke":"#BEBADA","strokeWidth":1.0,"source":"Google My Maps 'RAK - MSW Sub-Sector Collection Routes' (PSD), exported 15 Sep 2026, with the map's own styling"}},{"type":"Feature","geometry":{"type":"Polygon","coordinates":[[[56.042948,25.892404],[56.042808,25.892407],[56.042667,25.892416],[56.042527,25.892428],[56.042388,25.892445],[56.042249,25.892466],[56.042111,25.892492],[56.041975,25.892522],[56.041839,25.892556],[56.041705,25.892594],[56.041573,25.892637],[56.041442,25.892684],[56.041313,25.892735],[56.041186,25.89279],[56.041062,25.892849],[56.040939,25.892912],[56.04082,25.892978],[56.040702,25.893048],[56.040588,25.893122],[56.040477,25.8932],[56.040368,25.893281],[56.040263,25.893365],[56.040161,25.893453],[56.040062,25.893544],[56.039967,25.893638],[56.039917,25.893772],[56.039862,25.893906],[56.039802,25.894037],[56.039736,25.894167],[56.039666,25.894294],[56.039591,25.894419],[56.039511,25.894542],[56.039427,25.894662],[56.039338,25.894779],[56.039244,25.894894],[56.039146,25.895005],[56.039044,25.895114],[56.038938,25.895219],[56.038828,25.895321],[56.038714,25.895419],[56.038596,25.895513],[56.038475,25.895604],[56.03835,25.895691],[56.038222,25.895774],[56.038091,25.895853],[56.037957,25.895927],[56.03782,25.895998],[56.037681,25.896064],[56.037539,25.896126],[56.037395,25.896183],[56.037249,25.896236],[56.037101,25.896284],[56.036951,25.896327],[56.036799,25.896366],[56.036646,25.8964],[56.036492,25.896429],[56.036337,25.896453],[56.036181,25.896472],[56.036025,25.896487],[56.035868,25.896496],[56.03571,25.896501],[56.035553,25.8965],[56.035396,25.896495],[56.035239,25.896485],[56.035082,25.896469],[56.034926,25.896449],[56.034771,25.896424],[56.034618,25.896394],[56.034465,25.89636],[56.034314,25.89632],[56.034164,25.896276],[56.034016,25.896227],[56.03387,25.896174],[56.033726,25.896116],[56.033585,25.896053],[56.033446,25.895987],[56.03331,25.895915],[56.033176,25.89584],[56.033046,25.89576],[56.032918,25.895677],[56.032794,25.895589],[56.032674,25.895498],[56.032556,25.895403],[56.032443,25.895304],[56.032334,25.895202],[56.032228,25.895096],[56.032127,25.894987],[56.03203,25.894875],[56.031937,25.89476],[56.031848,25.894642],[56.031765,25.894522],[56.031686,25.894399],[56.031611,25.894273],[56.031542,25.894146],[56.031477,25.894016],[56.031418,25.893884],[56.031363,25.89375],[56.031314,25.893615],[56.03127,25.893478],[56.031231,25.89334],[56.031198,25.893201],[56.03117,25.893061],[56.031147,25.89292],[56.03113,25.892779],[56.031118,25.892637],[56.031112,25.892495],[56.031111,25.892352],[56.031115,25.89221],[56.031125,25.892068],[56.031141,25.891926],[56.031162,25.891785],[56.031188,25.891645],[56.03122,25.891505],[56.031257,25.891367],[56.031299,25.89123],[56.031346,25.891094],[56.031399,25.89096],[56.031457,25.890827],[56.03152,25.890697],[56.031588,25.890568],[56.03166,25.890442],[56.031738,25.890318],[56.03182,25.890197],[56.031907,25.890078],[56.031998,25.889962],[56.032094,25.889849],[56.032194,25.889739],[56.032298,25.889633],[56.032406,25.889529],[56.032491,25.889444],[56.032572,25.889356],[56.03265,25.889266],[56.032724,25.889173],[56.032795,25.889078],[56.032862,25.888981],[56.032925,25.888882],[56.032985,25.88878],[56.033041,25.888678],[56.033092,25.888573],[56.03314,25.888467],[56.033184,25.888359],[56.033223,25.888251],[56.033259,25.888141],[56.03329,25.88803],[56.033317,25.887918],[56.03334,25.887805],[56.033358,25.887692],[56.033372,25.887578],[56.033382,25.887464],[56.033388,25.887349],[56.033389,25.887235],[56.033385,25.88712],[56.033378,25.887006],[56.033366,25.886892],[56.03335,25.886778],[56.033329,25.886665],[56.033304,25.886553],[56.033275,25.886441],[56.033242,25.886331],[56.033204,25.886222],[56.033163,25.886113],[56.033117,25.886007],[56.033067,25.885901],[56.033013,25.885797],[56.032956,25.885695],[56.032894,25.885595],[56.032829,25.885497],[56.03276,25.885401],[56.032688,25.885307],[56.032612,25.885216],[56.032532,25.885126],[56.032449,25.88504],[56.032363,25.884956],[56.032274,25.884874],[56.032182,25.884796],[56.032087,25.88472],[56.031989,25.884648],[56.031888,25.884578],[56.031785,25.884512],[56.031679,25.884449],[56.031571,25.884389],[56.031461,25.884333],[56.031348,25.88428],[56.031233,25.88423],[56.031117,25.884184],[56.030999,25.884142],[56.030879,25.884104],[56.030758,25.884069],[56.030636,25.884038],[56.030512,25.884011],[56.030388,25.883987],[56.030263,25.883968],[56.030137,25.883953],[56.030011,25.883941],[56.029884,25.883933],[56.029757,25.88393],[56.02963,25.88393],[56.029503,25.883934],[56.029376,25.883943],[56.02925,25.883955],[56.029124,25.883971],[56.028999,25.883991],[56.028875,25.884015],[56.022665,25.885452],[56.018479,25.886422],[56.018163,25.886495],[56.016319,25.886921],[56.006116,25.889283],[56.00785,25.883118],[56.001057,25.866699],[56.005064,25.865958],[56.005514,25.865875],[56.005897,25.865804],[56.010679,25.864829],[56.011751,25.864611],[56.016748,25.863592],[56.01678,25.863585],[56.016803,25.86358],[56.016825,25.863574],[56.016848,25.863567],[56.01687,25.863559],[56.016892,25.863551],[56.016913,25.863542],[56.016934,25.863532],[56.016955,25.863522],[56.016975,25.863512],[56.016995,25.8635],[56.017015,25.863488],[56.017034,25.863476],[56.018468,25.862496],[56.018537,25.862449],[56.018615,25.862478],[56.018694,25.862505],[56.018775,25.86253],[56.018856,25.862552],[56.018938,25.862571],[56.019021,25.862588],[56.019104,25.862603],[56.019188,25.862614],[56.019272,25.862623],[56.019357,25.862629],[56.019441,25.862633],[56.019526,25.862634],[56.019611,25.862632],[56.019696,25.862627],[56.019702,25.862627],[56.02138,25.862573],[56.021548,25.86463],[56.021698,25.865383],[56.02187,25.866131],[56.022063,25.866876],[56.022416,25.868264],[56.022738,25.869659],[56.023997,25.87066],[56.027917,25.873057],[56.029143,25.873807],[56.034304,25.876863],[56.035214,25.877408],[56.037046,25.878505],[56.037068,25.878518],[56.038533,25.879274],[56.040352,25.880074],[56.043051,25.881126],[56.042343,25.882114],[56.047539,25.884501],[56.047727,25.884597],[56.047913,25.884697],[56.048094,25.884803],[56.048273,25.884913],[56.049062,25.885475],[56.04919,25.885708],[56.050487,25.888733],[56.050887,25.889778],[56.051108,25.890356],[56.051349,25.8909],[56.047162,25.892581],[56.04555,25.893228],[56.045439,25.893149],[56.045326,25.893074],[56.045209,25.893002],[56.045091,25.892934],[56.044969,25.89287],[56.044845,25.89281],[56.044719,25.892753],[56.044591,25.892701],[56.044461,25.892653],[56.044329,25.892609],[56.044195,25.892569],[56.04406,25.892533],[56.043924,25.892502],[56.043787,25.892475],[56.043648,25.892452],[56.043509,25.892433],[56.043369,25.892419],[56.043229,25.89241],[56.043089,25.892405],[56.042948,25.892404]]]},"properties":{"layer":"Area Name","name":"1B - AL RAMS","sectorNo":"1","subSector":"1B","kind":"area","areaKm2":8.407,"fill":"#BEBADA","fillOpacity":0.58,"stroke":"#BEBADA","strokeWidth":1.0,"source":"Google My Maps 'RAK - MSW Sub-Sector Collection Routes' (PSD), exported 15 Sep 2026, with the map's own styling"}},{"type":"Feature","geometry":{"type":"Polygon","coordinates":[[[56.094713,26.051932],[56.089408,26.050975],[56.088287,26.050815],[56.088019,26.050777],[56.08684,26.050615],[56.08376,26.050184],[56.081813,26.044364],[56.084119,26.044011],[56.08543,26.043785],[56.085736,26.043656],[56.085825,26.044171],[56.088357,26.044131],[56.086853,26.04592],[56.094678,26.045667],[56.094713,26.051932]]]},"properties":{"layer":"Area Name","name":"1A - RAS AL DAHRAH","sectorNo":"1","subSector":"1A","kind":"area","areaKm2":0.776,"fill":"#FFFFB3","fillOpacity":0.58,"stroke":"#FFFFB3","strokeWidth":1.0,"source":"Google My Maps 'RAK - MSW Sub-Sector Collection Routes' (PSD), exported 15 Sep 2026, with the map's own styling"}},{"type":"Feature","geometry":{"type":"Polygon","coordinates":[[[56.020701,25.755956],[56.018927,25.751921],[56.01836,25.749791],[56.023771,25.748343],[56.024146,25.750271],[56.031507,25.75088],[56.032287,25.756287],[56.028808,25.756263],[56.028771,25.75638],[56.028035,25.756571],[56.028038,25.756599],[56.027838,25.756654],[56.027707,25.756256],[56.025476,25.756241],[56.025484,25.756324],[56.025275,25.75624],[56.024802,25.756237],[56.023903,25.755873],[56.023244,25.755469],[56.020701,25.755956]]]},"properties":{"layer":"Area Name","name":"5A+5B - AL GHAFIA","sectorNo":"5","subSector":"5A","kind":"area","areaKm2":0.853,"fill":"#FFED6F","fillOpacity":0.612,"stroke":"#FFED6F","strokeWidth":1.0,"source":"Google My Maps 'RAK - MSW Sub-Sector Collection Routes' (PSD), exported 15 Sep 2026, with the map's own styling"}},{"type":"Feature","geometry":{"type":"Polygon","coordinates":[[[55.998782,25.813714],[55.998852,25.813559],[55.99908,25.813173],[55.99916,25.813064],[55.999341,25.812818],[55.999574,25.812553],[55.999664,25.81247],[56.000041,25.812124],[56.000114,25.81207],[56.000101,25.812054],[56.000385,25.811836],[56.000399,25.811862],[56.000407,25.811856],[56.000922,25.811555],[56.001342,25.811353],[56.001639,25.811138],[56.001973,25.81077],[56.002336,25.810232],[56.002533,25.810342],[56.002621,25.810269],[56.002894,25.81035],[56.002929,25.81036],[56.002892,25.810541],[56.002862,25.81069],[56.00402,25.81133],[56.004086,25.811204],[56.004419,25.811389],[56.004821,25.811256],[56.009905,25.80373],[56.014872,25.806507],[56.015195,25.806687],[56.015778,25.805824],[56.016173,25.806063],[56.016225,25.805941],[56.016312,25.805984],[56.017037,25.804544],[56.016749,25.804385],[56.017445,25.803354],[56.017483,25.803138],[56.017341,25.802962],[56.016379,25.80243],[56.019833,25.797345],[56.020475,25.7977],[56.021961,25.795557],[56.022644,25.795943],[56.022632,25.795961],[56.02366,25.796541],[56.023672,25.796524],[56.023859,25.79663],[56.024542,25.796928],[56.025313,25.797213],[56.025656,25.79659],[56.025922,25.79606],[56.02628,25.795244],[56.026476,25.794828],[56.02682,25.794211],[56.027667,25.792939],[56.030418,25.79445],[56.030358,25.795424],[56.033346,25.795353],[56.033815,25.795164],[56.034221,25.79515],[56.03411,25.794412],[56.034117,25.793497],[56.034434,25.792856],[56.035472,25.790892],[56.03577,25.790182],[56.03703,25.788428],[56.03924,25.788216],[56.041284,25.787327],[56.050438,25.787452],[56.061433,25.787602],[56.060761,25.801725],[56.049429,25.800905],[56.049164,25.801026],[56.047969,25.80093],[56.04652,25.805339],[56.046801,25.806297],[56.046816,25.806693],[56.046774,25.806949],[56.04666,25.807269],[56.046383,25.807823],[56.046055,25.808475],[56.04537,25.809777],[56.045345,25.809825],[56.045255,25.80998],[56.045041,25.810208],[56.044525,25.810631],[56.04452,25.810634],[56.044434,25.810686],[56.04424,25.810736],[56.040981,25.810632],[56.040978,25.812757],[56.040974,25.813222],[56.040684,25.813938],[56.040661,25.814111],[56.040469,25.815522],[56.040153,25.818738],[56.039497,25.822908],[56.043955,25.823416],[56.043901,25.830107],[56.043255,25.833505],[56.043472,25.837229],[56.043794,25.843387],[56.043759,25.847728],[56.042685,25.859435],[56.029224,25.861036],[56.02778,25.851003],[56.026998,25.849766],[56.026762,25.849512],[56.026864,25.84925],[56.026994,25.848917],[56.026105,25.848427],[56.025786,25.848093],[56.025397,25.84804],[56.02455,25.847126],[56.02468,25.846099],[56.024151,25.846014],[56.024141,25.846071],[56.024145,25.846013],[56.023621,25.845929],[56.023287,25.84588],[56.023001,25.845853],[56.019663,25.845821],[56.019466,25.844947],[56.019069,25.843679],[56.018906,25.843158],[56.017928,25.840902],[56.016878,25.838528],[56.015509,25.836289],[56.015048,25.835701],[56.013579,25.834013],[56.013382,25.833878],[56.012615,25.833354],[56.010941,25.832211],[56.009566,25.831276],[56.009468,25.831209],[56.009419,25.831177],[56.006169,25.82905],[56.004125,25.827667],[56.004099,25.827696],[56.003459,25.828406],[56.003128,25.828742],[56.002956,25.828927],[56.002741,25.829097],[56.001625,25.829777],[55.999605,25.827306],[55.996783,25.823984],[55.997787,25.823308],[55.995911,25.822039],[55.994922,25.821396],[55.994788,25.82131],[55.992472,25.819618],[55.991929,25.819209],[55.991361,25.818547],[55.991092,25.818234],[55.991508,25.817953],[55.991542,25.817944],[55.991534,25.817877],[55.992178,25.817773],[55.992179,25.817776],[55.993433,25.817446],[55.993942,25.817307],[55.994194,25.817203],[55.994423,25.817075],[55.99461,25.816981],[55.995583,25.816629],[55.997313,25.81601],[55.997556,25.815862],[55.997795,25.815731],[55.998001,25.815544],[55.998141,25.815377],[55.998333,25.815053],[55.998423,25.814805],[55.998499,25.814495],[55.99854,25.814327],[55.998645,25.814016],[55.998782,25.813714]]]},"properties":{"layer":"Area Name","name":"2A - SHAMAL","sectorNo":"2","subSector":"2A","kind":"area","areaKm2":25.59,"fill":"#80B1D3","fillOpacity":0.651,"stroke":"#80B1D3","strokeWidth":1.0,"source":"Google My Maps 'RAK - MSW Sub-Sector Collection Routes' (PSD), exported 15 Sep 2026, with the map's own styling"}},{"type":"Feature","geometry":{"type":"Polygon","coordinates":[[[56.006435,25.753565],[56.006434,25.753566],[56.006433,25.753567],[56.005639,25.754305],[56.005192,25.754057],[56.004639,25.753751],[56.004573,25.753496],[56.004098,25.753445],[56.004008,25.753447],[56.004007,25.753402],[56.002263,25.752436],[56.002257,25.752098],[56.001666,25.752105],[56.00116,25.751825],[56.00084,25.751624],[56.000689,25.751529],[56.000091,25.751152],[55.998501,25.750533],[55.998416,25.7505],[55.998138,25.750392],[55.997045,25.750129],[55.995814,25.749889],[55.995781,25.749891],[55.995666,25.750029],[55.994467,25.749954],[55.99377,25.749988],[55.992625,25.750162],[55.992625,25.750158],[55.992307,25.750354],[55.99136,25.749399],[55.992246,25.74894],[55.99259,25.748669],[55.99282,25.748344],[55.99365,25.746447],[55.993748,25.746054],[55.993751,25.745694],[55.993716,25.745368],[55.993775,25.745094],[55.993909,25.744906],[55.994081,25.744753],[55.994328,25.744652],[55.994745,25.744603],[55.995578,25.744712],[55.995881,25.744714],[55.996279,25.744648],[55.997006,25.744402],[55.997001,25.744335],[55.996951,25.743751],[55.995655,25.743268],[55.99538,25.743185],[55.995311,25.743164],[55.995301,25.743178],[55.995282,25.743202],[55.995252,25.74323],[55.995232,25.743248],[55.995202,25.743276],[55.995164,25.743312],[55.995122,25.743357],[55.995055,25.743433],[55.994962,25.743372],[55.994829,25.743291],[55.994662,25.743187],[55.994577,25.743133],[55.994556,25.74312],[55.994489,25.743084],[55.994421,25.743049],[55.99434,25.743003],[55.994269,25.742963],[55.994216,25.742933],[55.99416,25.742905],[55.994118,25.742887],[55.99404,25.742853],[55.994013,25.742842],[55.993763,25.74274],[55.993686,25.742711],[55.993505,25.74264],[55.99345,25.742608],[55.993427,25.742594],[55.992649,25.742359],[55.991115,25.742026],[55.991118,25.742053],[55.98964,25.741933],[55.989294,25.741905],[55.989357,25.741645],[55.989241,25.74162],[55.989236,25.741638],[55.987906,25.741428],[55.987884,25.741325],[55.985945,25.740905],[55.984582,25.740809],[55.983337,25.741002],[55.981786,25.741463],[55.982697,25.74049],[55.982922,25.740067],[55.982977,25.740069],[55.983448,25.740085],[55.983463,25.739711],[55.983426,25.739372],[55.983425,25.739365],[55.983392,25.739185],[55.983327,25.738821],[55.983186,25.73876],[55.982886,25.738714],[55.982736,25.738691],[55.982022,25.738553],[55.981272,25.738443],[55.981145,25.738478],[55.981072,25.738459],[55.981033,25.738469],[55.980951,25.738426],[55.980828,25.738393],[55.980806,25.738518],[55.980325,25.738267],[55.979942,25.738067],[55.980339,25.737472],[55.980758,25.73689],[55.980974,25.736589],[55.981178,25.736282],[55.981371,25.735969],[55.981552,25.73565],[55.981721,25.735326],[55.981878,25.734997],[55.982022,25.734663],[55.982154,25.734325],[55.982273,25.733983],[55.98238,25.733638],[55.982413,25.733515],[55.982473,25.73329],[55.982554,25.732939],[55.982621,25.732585],[55.982635,25.73252],[55.983358,25.729172],[55.983437,25.728808],[55.984149,25.725512],[55.984193,25.725299],[55.984229,25.725085],[55.984258,25.724871],[55.984278,25.724655],[55.98429,25.724439],[55.984294,25.724222],[55.984291,25.724006],[55.984279,25.72379],[55.984259,25.723574],[55.984231,25.723359],[55.984195,25.723145],[55.984151,25.722932],[55.984099,25.722721],[55.984039,25.722512],[55.983972,25.722304],[55.983968,25.722294],[55.983896,25.722098],[55.983813,25.721895],[55.983723,25.721695],[55.983625,25.721498],[55.98352,25.721303],[55.983408,25.721112],[55.983289,25.720925],[55.983163,25.720741],[55.98303,25.720561],[55.983727,25.720114],[55.984075,25.719892],[55.984821,25.719613],[55.985333,25.719421],[55.985975,25.719382],[55.986596,25.719344],[55.987355,25.719396],[55.988142,25.719451],[55.989988,25.720073],[55.990237,25.720117],[55.990037,25.719099],[55.990067,25.719096],[55.989667,25.717209],[55.98964,25.717075],[55.989655,25.717052],[55.98967,25.717033],[55.989674,25.717023],[55.989824,25.716789],[55.989832,25.716783],[55.989907,25.71672],[55.989928,25.716699],[55.989962,25.716654],[55.990121,25.716647],[55.990123,25.71666],[55.990227,25.716642],[55.99125,25.716599],[55.994343,25.715731],[55.998085,25.715081],[55.998303,25.715019],[55.998314,25.715012],[55.998977,25.714826],[55.998978,25.714827],[56.000061,25.714521],[56.000162,25.715055],[56.001741,25.713979],[56.001995,25.713776],[56.003042,25.712997],[56.003499,25.7135],[56.006778,25.717109],[56.006805,25.717139],[56.009674,25.721179],[56.01061,25.722902],[56.011515,25.724569],[56.01181,25.72506],[56.011894,25.725203],[56.012294,25.725921],[56.012669,25.72665],[56.013019,25.727389],[56.01335,25.728136],[56.013655,25.728891],[56.013934,25.729655],[56.014319,25.730888],[56.014657,25.732133],[56.015454,25.735206],[56.015635,25.73592],[56.016285,25.737872],[56.016547,25.73948],[56.016925,25.740944],[56.017666,25.74382],[56.018038,25.744943],[56.018102,25.746462],[56.018056,25.747135],[56.018088,25.748066],[56.018104,25.748523],[56.018185,25.74979],[56.017828,25.749826],[56.011623,25.750434],[56.01012,25.750873],[56.009178,25.751487],[56.00836,25.752045],[56.007392,25.75276],[56.006435,25.753565]]]},"properties":{"layer":"Area Name","name":"5A&5B - AL SALIHIA","sectorNo":"5","subSector":"5A","kind":"area","areaKm2":10.957,"fill":"#FFED6F","fillOpacity":0.58,"stroke":"#FFED6F","strokeWidth":1.0,"source":"Google My Maps 'RAK - MSW Sub-Sector Collection Routes' (PSD), exported 15 Sep 2026, with the map's own styling"}},{"type":"Feature","geometry":{"type":"Polygon","coordinates":[[[56.00695,25.717109],[56.003671,25.7135],[56.003214,25.712997],[56.002167,25.713776],[56.001913,25.713979],[56.000334,25.715055],[56.000233,25.714521],[55.99915,25.714827],[55.999149,25.714826],[55.998486,25.715012],[55.998475,25.715019],[55.998257,25.715081],[55.994515,25.715731],[55.991422,25.716599],[55.990399,25.716642],[55.990295,25.71666],[55.990293,25.716647],[55.990134,25.716654],[55.9901,25.716699],[55.990079,25.71672],[55.990004,25.716783],[55.989996,25.716789],[55.989846,25.717023],[55.989842,25.717033],[55.989827,25.717052],[55.989812,25.717075],[55.989839,25.717209],[55.990239,25.719096],[55.990209,25.719099],[55.990409,25.720117],[55.99016,25.720073],[55.988314,25.719451],[55.987527,25.719396],[55.986768,25.719344],[55.986147,25.719382],[55.985505,25.719421],[55.984993,25.719613],[55.984247,25.719892],[55.983899,25.720114],[55.983202,25.720561],[55.983062,25.720385],[55.982916,25.720214],[55.982763,25.720047],[55.982605,25.719886],[55.979359,25.715687],[55.979258,25.71556],[55.979152,25.715437],[55.979041,25.715317],[55.978926,25.715201],[55.978815,25.715095],[55.978778,25.714983],[55.978574,25.714888],[55.978556,25.714873],[55.978425,25.714772],[55.97829,25.714674],[55.978151,25.714581],[55.978009,25.714493],[55.977864,25.714408],[55.977715,25.714328],[55.977564,25.714253],[55.97741,25.714183],[55.977253,25.714117],[55.977094,25.714056],[55.976933,25.714],[55.97677,25.713949],[55.976612,25.713905],[55.976451,25.713865],[55.97629,25.71383],[55.976127,25.7138],[55.975964,25.713775],[55.975799,25.713754],[55.975634,25.713739],[55.975469,25.713728],[55.975303,25.713722],[55.975137,25.713722],[55.974971,25.713726],[55.974806,25.713735],[55.97464,25.713748],[55.974256,25.713781],[55.973871,25.713802],[55.973485,25.713812],[55.9731,25.71381],[55.972714,25.713798],[55.972329,25.713774],[55.971984,25.713743],[55.971641,25.713704],[55.971299,25.713655],[55.970958,25.713597],[55.970169,25.711501],[55.970132,25.711395],[55.970098,25.711289],[55.970069,25.711181],[55.970043,25.711073],[55.970022,25.710964],[55.970004,25.710854],[55.969991,25.710744],[55.969982,25.710634],[55.969977,25.710523],[55.969976,25.710412],[55.969979,25.710301],[55.969986,25.710191],[55.969937,25.709336],[55.969926,25.70915],[55.969806,25.70708],[55.973353,25.706499],[55.973262,25.705695],[55.973705,25.705627],[55.977044,25.705113],[55.977119,25.705101],[55.977297,25.705074],[55.977262,25.704402],[55.977117,25.70161],[55.980285,25.701342],[55.980226,25.701076],[55.980762,25.700861],[55.980798,25.701131],[55.980819,25.701282],[55.982383,25.701051],[55.982972,25.701115],[55.982974,25.701091],[55.982988,25.701054],[55.983023,25.701013],[55.983068,25.700988],[55.983628,25.700793],[55.983803,25.701213],[55.985375,25.700782],[55.985938,25.700862],[55.986829,25.700647],[55.986822,25.700589],[55.986816,25.7005],[55.986845,25.700384],[55.986856,25.700362],[55.986938,25.700257],[55.986977,25.700233],[55.987233,25.700108],[55.987726,25.699891],[55.988154,25.699704],[55.98836,25.699614],[55.988481,25.699554],[55.988739,25.69943],[55.988793,25.699458],[55.988831,25.699477],[55.994111,25.697896],[55.994095,25.697779],[55.99398,25.696948],[55.993917,25.696796],[55.993871,25.696683],[55.996074,25.696242],[55.995879,25.69562],[55.995963,25.695306],[55.995931,25.695198],[55.998449,25.695746],[55.998828,25.695823],[55.999017,25.695774],[55.999089,25.695761],[55.999319,25.695796],[55.999488,25.695825],[55.999925,25.695954],[56.000213,25.696073],[56.000313,25.69611],[56.000338,25.696132],[56.001803,25.696432],[56.001992,25.696467],[56.002182,25.696496],[56.002373,25.696518],[56.002565,25.696534],[56.002758,25.696544],[56.002951,25.696547],[56.003144,25.696544],[56.003336,25.696534],[56.003529,25.696518],[56.00372,25.696495],[56.00391,25.696466],[56.004099,25.696431],[56.004286,25.696389],[56.004472,25.696341],[56.004655,25.696287],[56.004836,25.696227],[56.004958,25.696223],[56.007038,25.696162],[56.007677,25.696143],[56.00787,25.696182],[56.007765,25.696518],[56.007626,25.696965],[56.007868,25.699046],[56.008246,25.702298],[56.008228,25.703837],[56.008796,25.704884],[56.009356,25.707652],[56.009361,25.707685],[56.00968,25.708088],[56.011315,25.71004],[56.009517,25.711273],[56.009468,25.711298],[56.010943,25.71365],[56.01197,25.715302],[56.011265,25.715696],[56.011187,25.715732],[56.010269,25.716158],[56.009219,25.716541],[56.00695,25.717109]]]},"properties":{"layer":"Area Name","name":"5A - AL HAIL","sectorNo":"5","subSector":"5A","kind":"area","areaKm2":7.168,"fill":"#FFED6F","fillOpacity":0.541,"stroke":"#FFED6F","strokeWidth":1.0,"source":"Google My Maps 'RAK - MSW Sub-Sector Collection Routes' (PSD), exported 15 Sep 2026, with the map's own styling"}},{"type":"Feature","geometry":{"type":"Polygon","coordinates":[[[56.023728,25.762826],[56.023727,25.762824],[56.023203,25.761912],[56.022498,25.760037],[56.022257,25.759212],[56.021299,25.757192],[56.020701,25.755956],[56.023244,25.755469],[56.023903,25.755873],[56.024802,25.756237],[56.025275,25.75624],[56.025484,25.756324],[56.025476,25.756241],[56.027707,25.756256],[56.027838,25.756654],[56.028038,25.756599],[56.028035,25.756571],[56.028771,25.75638],[56.028808,25.756263],[56.032287,25.756287],[56.031507,25.75088],[56.041427,25.751239],[56.040963,25.761744],[56.036998,25.7616],[56.035016,25.761528],[56.03387,25.761236],[56.032991,25.761166],[56.032564,25.761275],[56.032421,25.761513],[56.030334,25.761841],[56.030216,25.761871],[56.027282,25.762303],[56.026596,25.762461],[56.025911,25.762554],[56.02588,25.762509],[56.023728,25.762826]]]},"properties":{"layer":"Area Name","name":"5A&5B - WADI MALAHA","sectorNo":"5","subSector":"5A","kind":"area","areaKm2":1.751,"fill":"#FFED6F","fillOpacity":0.612,"stroke":"#FFED6F","strokeWidth":1.0,"source":"Google My Maps 'RAK - MSW Sub-Sector Collection Routes' (PSD), exported 15 Sep 2026, with the map's own styling"}},{"type":"Feature","geometry":{"type":"Polygon","coordinates":[[[55.987114,25.804327],[55.987072,25.804337],[55.987029,25.804345],[55.986932,25.804365],[55.986942,25.804434],[55.98692,25.80444],[55.986588,25.804406],[55.986234,25.804303],[55.985976,25.804294],[55.985286,25.804399],[55.984575,25.804519],[55.984014,25.804723],[55.983605,25.804978],[55.982925,25.805571],[55.982703,25.805768],[55.982687,25.805781],[55.982518,25.80593],[55.982494,25.805952],[55.982375,25.806057],[55.982454,25.806135],[55.982621,25.806302],[55.98263,25.806311],[55.982772,25.806559],[55.982873,25.806912],[55.982905,25.806899],[55.983011,25.807314],[55.982997,25.807326],[55.983072,25.807483],[55.983089,25.807555],[55.983102,25.807708],[55.983095,25.807775],[55.983086,25.807832],[55.983049,25.807887],[55.982985,25.807957],[55.982846,25.808063],[55.982615,25.808204],[55.981877,25.807369],[55.980096,25.80562],[55.978831,25.804377],[55.97759,25.802808],[55.976268,25.8007],[55.972592,25.794595],[55.972543,25.794515],[55.973841,25.794084],[55.979034,25.792181],[55.980678,25.791579],[55.982166,25.791003],[55.982168,25.791033],[55.984349,25.790234],[55.984685,25.790111],[55.984728,25.79027],[55.984821,25.790617],[55.988324,25.789852],[55.988671,25.789776],[55.988978,25.790902],[55.989073,25.791248],[55.989137,25.791483],[55.990606,25.796992],[55.993256,25.796426],[55.995242,25.795996],[55.995512,25.795922],[55.995613,25.795873],[55.999976,25.798288],[55.994753,25.806022],[55.993361,25.805251],[55.993115,25.805102],[55.99255,25.805059],[55.992591,25.804784],[55.991617,25.804193],[55.990696,25.803258],[55.990583,25.803249],[55.990593,25.803139],[55.990604,25.80303],[55.990527,25.803024],[55.989929,25.801987],[55.989475,25.80046],[55.987227,25.801685],[55.98723,25.801697],[55.987163,25.80172],[55.986486,25.802089],[55.987164,25.803087],[55.987212,25.803157],[55.987546,25.803512],[55.987888,25.803876],[55.987697,25.804056],[55.98746,25.804236],[55.987341,25.804278],[55.987114,25.804327]]]},"properties":{"layer":"Area Name","name":"2B - AL HUDEEBA","sectorNo":"2","subSector":"2B","kind":"area","areaKm2":2.836,"fill":"#FDB462","fillOpacity":0.58,"stroke":"#FDB462","strokeWidth":1.0,"source":"Google My Maps 'RAK - MSW Sub-Sector Collection Routes' (PSD), exported 15 Sep 2026, with the map's own styling"}},{"type":"Feature","geometry":{"type":"Polygon","coordinates":[[[56.02468,25.846099],[56.02455,25.847126],[56.025397,25.84804],[56.025786,25.848093],[56.026105,25.848427],[56.026994,25.848917],[56.026864,25.84925],[56.026762,25.849512],[56.026998,25.849766],[56.02778,25.851003],[56.029224,25.861036],[56.028246,25.861228],[56.02138,25.862573],[56.020739,25.856164],[56.020364,25.85242],[56.020189,25.85067],[56.020092,25.849698],[56.019663,25.845821],[56.023001,25.845853],[56.023287,25.84588],[56.023621,25.845929],[56.024145,25.846013],[56.024141,25.846071],[56.024151,25.846014],[56.02468,25.846099]]]},"properties":{"layer":"Area Name","name":"2A - GHEELAN","sectorNo":"2","subSector":"2A","kind":"area","areaKm2":1.282,"fill":"#80B1D3","fillOpacity":0.588,"stroke":"#80B1D3","strokeWidth":1.0,"source":"Google My Maps 'RAK - MSW Sub-Sector Collection Routes' (PSD), exported 15 Sep 2026, with the map's own styling"}},{"type":"Feature","geometry":{"type":"Polygon","coordinates":[[[55.991534,25.817877],[55.991542,25.817944],[55.991508,25.817953],[55.991092,25.818234],[55.988457,25.815033],[55.987302,25.813629],[55.985648,25.811629],[55.985332,25.811244],[55.983975,25.809595],[55.982615,25.808204],[55.982846,25.808063],[55.982985,25.807957],[55.983049,25.807887],[55.983086,25.807832],[55.983095,25.807775],[55.983102,25.807708],[55.983089,25.807555],[55.983072,25.807483],[55.982997,25.807326],[55.983011,25.807314],[55.982905,25.806899],[55.982873,25.806912],[55.982772,25.806559],[55.98263,25.806311],[55.982621,25.806302],[55.982454,25.806135],[55.982375,25.806057],[55.982494,25.805952],[55.982518,25.80593],[55.982687,25.805781],[55.982703,25.805768],[55.982925,25.805571],[55.983605,25.804978],[55.984014,25.804723],[55.984575,25.804519],[55.985286,25.804399],[55.985976,25.804294],[55.986234,25.804303],[55.986588,25.804406],[55.98692,25.80444],[55.986942,25.804434],[55.986932,25.804365],[55.987029,25.804345],[55.987072,25.804337],[55.987114,25.804327],[55.987341,25.804278],[55.98746,25.804236],[55.987697,25.804056],[55.987888,25.803876],[55.987546,25.803512],[55.987212,25.803157],[55.987164,25.803087],[55.986486,25.802089],[55.987163,25.80172],[55.98723,25.801697],[55.987227,25.801685],[55.989475,25.80046],[55.989929,25.801987],[55.990527,25.803024],[55.990604,25.80303],[55.990593,25.803139],[55.990583,25.803249],[55.990696,25.803258],[55.991617,25.804193],[55.992591,25.804784],[55.99255,25.805059],[55.993115,25.805102],[55.993361,25.805251],[55.994753,25.806022],[55.999976,25.798288],[56.00504,25.801064],[55.999799,25.808824],[56.002336,25.810232],[56.001973,25.81077],[56.001639,25.811138],[56.001342,25.811353],[56.000922,25.811555],[56.000407,25.811856],[56.000399,25.811862],[56.000385,25.811836],[56.000101,25.812054],[56.000114,25.81207],[56.000041,25.812124],[55.999664,25.81247],[55.999574,25.812553],[55.999341,25.812818],[55.99916,25.813064],[55.99908,25.813173],[55.998852,25.813559],[55.998782,25.813714],[55.998645,25.814016],[55.99854,25.814327],[55.998499,25.814495],[55.998423,25.814805],[55.998333,25.815053],[55.998141,25.815377],[55.998001,25.815544],[55.997795,25.815731],[55.997556,25.815862],[55.997313,25.81601],[55.995583,25.816629],[55.99461,25.816981],[55.994423,25.817075],[55.994194,25.817203],[55.993942,25.817307],[55.993433,25.817446],[55.992179,25.817776],[55.992178,25.817773],[55.991534,25.817877]]]},"properties":{"layer":"Area Name","name":"2A - AL GHUB","sectorNo":"2","subSector":"2A","kind":"area","areaKm2":2.535,"fill":"#80B1D3","fillOpacity":0.651,"stroke":"#80B1D3","strokeWidth":1.0,"source":"Google My Maps 'RAK - MSW Sub-Sector Collection Routes' (PSD), exported 15 Sep 2026, with the map's own styling"}},{"type":"Feature","geometry":{"type":"Polygon","coordinates":[[[56.082429,25.834432],[56.081966,25.835047],[56.079564,25.839025],[56.081371,25.840256],[56.08219,25.840813],[56.0813,25.864595],[56.05794,25.860914],[56.042685,25.859435],[56.043759,25.847728],[56.043794,25.843387],[56.043472,25.837229],[56.043255,25.833505],[56.043901,25.830107],[56.043955,25.823416],[56.039497,25.822908],[56.040153,25.818738],[56.040469,25.815522],[56.040661,25.814111],[56.040684,25.813938],[56.040974,25.813222],[56.040978,25.812757],[56.040981,25.810632],[56.04424,25.810736],[56.044434,25.810686],[56.04452,25.810634],[56.044525,25.810631],[56.045041,25.810208],[56.045255,25.80998],[56.045345,25.809825],[56.04537,25.809777],[56.046055,25.808475],[56.046383,25.807823],[56.04666,25.807269],[56.046774,25.806949],[56.046816,25.806693],[56.046801,25.806297],[56.04652,25.805339],[56.047969,25.80093],[56.049164,25.801026],[56.049429,25.800905],[56.060761,25.801725],[56.060163,25.814284],[56.064913,25.815704],[56.064913,25.815695],[56.064971,25.815673],[56.06534,25.815695],[56.065341,25.815832],[56.065557,25.815896],[56.065841,25.815981],[56.066125,25.816066],[56.066409,25.816151],[56.066694,25.816236],[56.066978,25.816321],[56.067262,25.816406],[56.069595,25.817103],[56.07104,25.82413],[56.071041,25.82413],[56.069108,25.827047],[56.082663,25.82816],[56.082429,25.834432]]]},"properties":{"layer":"Area Name","name":"2A - WADI HAQEEL","sectorNo":"2","subSector":"2A","kind":"area","areaKm2":20.914,"fill":"#80B1D3","fillOpacity":0.639,"stroke":"#80B1D3","strokeWidth":1.0,"source":"Google My Maps 'RAK - MSW Sub-Sector Collection Routes' (PSD), exported 15 Sep 2026, with the map's own styling"}},{"type":"Feature","geometry":{"type":"Polygon","coordinates":[[[56.022257,25.759212],[56.022498,25.760037],[56.023203,25.761912],[56.023727,25.762824],[56.023728,25.762826],[56.025366,25.766539],[56.025594,25.767057],[56.025592,25.767059],[56.024471,25.767841],[56.02109,25.765981],[56.020574,25.765698],[56.020174,25.765478],[56.019392,25.765047],[56.017123,25.768385],[56.015723,25.770444],[56.014563,25.772152],[56.014514,25.772224],[56.012607,25.775031],[56.01161,25.776499],[56.0095,25.779605],[56.008684,25.780807],[56.007342,25.782795],[56.006751,25.783645],[56.006568,25.78384],[56.006516,25.783896],[56.006245,25.784297],[56.006582,25.784183],[56.008461,25.783865],[56.0089,25.783745],[56.010402,25.783322],[56.011998,25.782784],[56.013273,25.782367],[56.013614,25.782255],[56.014519,25.785702],[56.015252,25.788289],[56.01543,25.788953],[56.015451,25.789426],[56.015331,25.789833],[56.014264,25.791332],[56.012331,25.790265],[56.00997,25.788962],[56.008028,25.787894],[56.007389,25.787638],[56.006913,25.78752],[56.00629,25.787505],[56.005581,25.787624],[56.002657,25.788279],[56.001369,25.788562],[56.000895,25.788666],[56.000863,25.788673],[55.999124,25.789055],[55.996876,25.78955],[55.996104,25.789718],[55.995294,25.789894],[55.989073,25.791248],[55.988978,25.790902],[55.988671,25.789776],[55.988324,25.789852],[55.984821,25.790617],[55.984728,25.79027],[55.984685,25.790111],[55.983162,25.784363],[55.982861,25.783412],[55.98286,25.783411],[55.982849,25.78271],[55.983008,25.78215],[55.983188,25.781832],[55.983674,25.781263],[55.984323,25.780518],[55.983527,25.777233],[55.982691,25.773998],[55.982044,25.771494],[55.989725,25.769818],[55.990261,25.76971],[55.990927,25.769686],[55.991594,25.769796],[55.992124,25.769992],[55.992485,25.770189],[55.997572,25.773001],[55.999996,25.76941],[56.000653,25.768416],[56.004035,25.770288],[56.006557,25.766553],[56.007135,25.765696],[56.008933,25.763034],[56.007598,25.761923],[56.006914,25.761182],[56.006219,25.760193],[56.005819,25.759566],[56.005249,25.757557],[56.005403,25.755866],[56.005811,25.754305],[56.006605,25.753567],[56.006606,25.753566],[56.006607,25.753565],[56.007564,25.75276],[56.008532,25.752045],[56.00935,25.751487],[56.010292,25.750873],[56.011795,25.750434],[56.018,25.749826],[56.018357,25.74979],[56.018357,25.749792],[56.01836,25.749791],[56.018927,25.751921],[56.020701,25.755956],[56.021299,25.757192],[56.022257,25.759212]]]},"properties":{"layer":"Area Name","name":"2B - SEIH AL ARAIBI","sectorNo":"2","subSector":"2B","kind":"area","areaKm2":9.338,"fill":"#FDB462","fillOpacity":0.62,"stroke":"#FDB462","strokeWidth":1.0,"source":"Google My Maps 'RAK - MSW Sub-Sector Collection Routes' (PSD), exported 15 Sep 2026, with the map's own styling"}},{"type":"Feature","geometry":{"type":"Polygon","coordinates":[[[56.006579,25.766553],[56.004056,25.770288],[56.000675,25.768416],[56.000687,25.768397],[56.003786,25.763818],[56.006118,25.760375],[56.00624,25.760193],[56.006935,25.761182],[56.007619,25.761923],[56.008955,25.763034],[56.007157,25.765696],[56.006579,25.766553]]]},"properties":{"layer":"Area Name","name":"2B - SEIH AL QUSSAIDAT","sectorNo":"2","subSector":"2B","kind":"area","areaKm2":0.395,"fill":"#F9A825","fillOpacity":0.541,"stroke":"#F9A825","strokeWidth":1.0,"source":"Google My Maps 'RAK - MSW Sub-Sector Collection Routes' (PSD), exported 15 Sep 2026, with the map's own styling"}},{"type":"Feature","geometry":{"type":"Polygon","coordinates":[[[55.969622,25.766702],[55.96914,25.76833],[55.968657,25.769958],[55.968575,25.770295],[55.968341,25.771261],[55.968417,25.773013],[55.968433,25.773399],[55.966123,25.773395],[55.963844,25.773392],[55.961914,25.773388],[55.961041,25.773213],[55.961621,25.770782],[55.96164,25.770702],[55.961615,25.770429],[55.957314,25.767733],[55.958514,25.763003],[55.959014,25.763098],[55.959429,25.761639],[55.959819,25.760269],[55.95936,25.760096],[55.960504,25.756529],[55.964549,25.753857],[55.964876,25.753537],[55.966549,25.755598],[55.966915,25.755373],[55.967054,25.755308],[55.967195,25.755248],[55.967338,25.755192],[55.967484,25.75514],[55.967631,25.755093],[55.96778,25.755051],[55.967931,25.755013],[55.968082,25.75498],[55.968236,25.754952],[55.96839,25.754928],[55.968544,25.754909],[55.9687,25.754896],[55.968856,25.754887],[55.969012,25.754883],[55.969168,25.754883],[55.969324,25.754889],[55.96948,25.7549],[55.969636,25.754915],[55.96979,25.754935],[55.972892,25.755733],[55.973222,25.754651],[55.973613,25.753349],[55.974248,25.75192],[55.975001,25.750378],[55.975237,25.749973],[55.975606,25.750079],[55.975731,25.750128],[55.975859,25.750173],[55.975988,25.750213],[55.976119,25.750248],[55.976252,25.750278],[55.976446,25.750313],[55.976641,25.750344],[55.976836,25.750371],[55.977033,25.750392],[55.978395,25.750543],[55.979218,25.750639],[55.981923,25.750948],[55.983422,25.751118],[55.984029,25.751191],[55.985152,25.751327],[55.985232,25.751338],[55.986638,25.751498],[55.987452,25.751593],[55.987588,25.7516],[55.987725,25.751601],[55.987861,25.751596],[55.987998,25.751585],[55.988133,25.751569],[55.988252,25.75155],[55.98837,25.751526],[55.988486,25.751496],[55.9886,25.75146],[55.988712,25.751418],[55.988821,25.75137],[55.988927,25.751318],[55.98903,25.75126],[55.989142,25.751193],[55.989249,25.751121],[55.989353,25.751045],[55.989453,25.750963],[55.989547,25.750878],[55.990536,25.750033],[55.99133,25.749513],[55.991532,25.749399],[55.992479,25.750354],[55.992797,25.750158],[55.992797,25.750162],[55.993942,25.749988],[55.994639,25.749954],[55.995838,25.750029],[55.995953,25.749891],[55.995986,25.749889],[55.997217,25.750129],[55.99831,25.750392],[55.998588,25.7505],[55.998673,25.750533],[56.000263,25.751152],[56.000861,25.751529],[56.001012,25.751624],[56.001332,25.751825],[56.001838,25.752105],[56.002429,25.752098],[56.002435,25.752436],[56.004179,25.753402],[56.00418,25.753447],[56.00427,25.753445],[56.004745,25.753496],[56.004811,25.753751],[56.005364,25.754057],[56.005811,25.754305],[56.005403,25.755866],[56.005249,25.757557],[56.005819,25.759566],[56.006219,25.760193],[56.006096,25.760375],[56.003765,25.763818],[56.000666,25.768397],[56.000653,25.768416],[55.999996,25.76941],[55.997572,25.773001],[55.992485,25.770189],[55.992124,25.769992],[55.991594,25.769796],[55.990927,25.769686],[55.990261,25.76971],[55.989725,25.769818],[55.982044,25.771494],[55.981995,25.771138],[55.981236,25.76561],[55.978057,25.765619],[55.977891,25.76562],[55.97723,25.765588],[55.974969,25.765478],[55.973147,25.765205],[55.971487,25.764941],[55.970159,25.764921],[55.969622,25.766702]]]},"properties":{"layer":"Area Name","name":"2B - AL QUSSAIDAT","sectorNo":"2","subSector":"2B","kind":"area","areaKm2":8.693,"fill":"#FDB462","fillOpacity":0.58,"stroke":"#FDB462","strokeWidth":1.0,"source":"Google My Maps 'RAK - MSW Sub-Sector Collection Routes' (PSD), exported 15 Sep 2026, with the map's own styling"}},{"type":"Feature","geometry":{"type":"Polygon","coordinates":[[[55.977102,25.776334],[55.976105,25.772614],[55.978059,25.772455],[55.977718,25.769607],[55.977496,25.767781],[55.977504,25.767726],[55.97749,25.767727],[55.97723,25.765588],[55.977891,25.76562],[55.978057,25.765619],[55.981236,25.76561],[55.981995,25.771138],[55.982044,25.771494],[55.982691,25.773998],[55.983527,25.777233],[55.984323,25.780518],[55.983674,25.781263],[55.983188,25.781832],[55.983008,25.78215],[55.982849,25.78271],[55.98286,25.783411],[55.982861,25.783412],[55.983162,25.784363],[55.984685,25.790111],[55.984349,25.790234],[55.982168,25.791033],[55.982166,25.791003],[55.980678,25.791579],[55.979034,25.792181],[55.973841,25.794084],[55.972543,25.794515],[55.972592,25.794595],[55.972046,25.794917],[55.971533,25.795121],[55.971349,25.794679],[55.968412,25.786873],[55.968362,25.786759],[55.970059,25.786329],[55.969538,25.784256],[55.969276,25.781678],[55.971628,25.781617],[55.9732,25.781458],[55.974478,25.781149],[55.976329,25.780714],[55.977319,25.780615],[55.976746,25.778587],[55.977649,25.778373],[55.977568,25.778068],[55.977286,25.777019],[55.977276,25.776981],[55.977243,25.776858],[55.977102,25.776334]]]},"properties":{"layer":"Area Name","name":"2B - AL ARAIBI","sectorNo":"2","subSector":"2B","kind":"area","areaKm2":2.753,"fill":"#FDB462","fillOpacity":0.569,"stroke":"#FDB462","strokeWidth":1.0,"source":"Google My Maps 'RAK - MSW Sub-Sector Collection Routes' (PSD), exported 15 Sep 2026, with the map's own styling"}},{"type":"Feature","geometry":{"type":"Polygon","coordinates":[[[56.000462,25.797541],[55.999976,25.798288],[55.995613,25.795873],[55.995512,25.795922],[55.995242,25.795996],[55.993256,25.796426],[55.990606,25.796992],[55.989137,25.791483],[55.989073,25.791248],[55.995294,25.789894],[55.996104,25.789718],[55.996876,25.78955],[55.999124,25.789055],[56.000863,25.788673],[56.000895,25.788666],[56.001369,25.788562],[56.002657,25.788279],[56.003467,25.791334],[56.00355,25.791742],[56.003588,25.792292],[56.003515,25.79277],[56.00332,25.793302],[56.002455,25.794608],[56.00202,25.795249],[56.000462,25.797541]]]},"properties":{"layer":"Area Name","name":"2B - SEIH AL HUDAIBA","sectorNo":"2","subSector":"2B","kind":"area","areaKm2":1.033,"fill":"#FDB462","fillOpacity":0.6,"stroke":"#FDB462","strokeWidth":1.0,"source":"Google My Maps 'RAK - MSW Sub-Sector Collection Routes' (PSD), exported 15 Sep 2026, with the map's own styling"}},{"type":"Feature","geometry":{"type":"Polygon","coordinates":[[[56.061684,25.782319],[56.061895,25.777894],[56.061825,25.777759],[56.061903,25.777725],[56.062494,25.765313],[56.040842,25.764466],[56.040963,25.761744],[56.041427,25.751239],[56.051057,25.751587],[56.063126,25.752022],[56.103448,25.753469],[56.109127,25.753672],[56.133223,25.75453],[56.13448,25.754575],[56.160437,25.755494],[56.156435,25.76124],[56.155572,25.781362],[56.154854,25.798074],[56.141409,25.812613],[56.141586,25.827861],[56.15115,25.841164],[56.152654,25.84803],[56.162958,25.857926],[56.164273,25.865297],[56.159955,25.87554],[56.144997,25.875546],[56.13001,25.87555],[56.117931,25.869084],[56.119257,25.863658],[56.119446,25.856265],[56.11895,25.850808],[56.117914,25.845954],[56.115541,25.840606],[56.113465,25.837357],[56.113207,25.836284],[56.112578,25.834877],[56.112574,25.834867],[56.111096,25.831557],[56.109701,25.831276],[56.108827,25.826885],[56.107101,25.827025],[56.106006,25.825155],[56.082663,25.82816],[56.069108,25.827047],[56.071041,25.82413],[56.07104,25.82413],[56.069595,25.817103],[56.067262,25.816406],[56.066978,25.816321],[56.066694,25.816236],[56.066409,25.816151],[56.066125,25.816066],[56.065841,25.815981],[56.065557,25.815896],[56.065341,25.815832],[56.06534,25.815695],[56.064971,25.815673],[56.064913,25.815695],[56.064913,25.815704],[56.060163,25.814284],[56.060761,25.801725],[56.061433,25.787602],[56.061579,25.784535],[56.061666,25.782702],[56.061872,25.782588],[56.061684,25.782319]]]},"properties":{"layer":"Area Name","name":"2B - WADI AL BEEH","sectorNo":"2","subSector":"2B","kind":"area","areaKm2":96.106,"fill":"#FDB462","fillOpacity":0.631,"stroke":"#FDB462","strokeWidth":1.0,"source":"Google My Maps 'RAK - MSW Sub-Sector Collection Routes' (PSD), exported 15 Sep 2026, with the map's own styling"}},{"type":"Feature","geometry":{"type":"Polygon","coordinates":[[[56.004821,25.811256],[56.004419,25.811389],[56.004086,25.811204],[56.00402,25.81133],[56.002862,25.81069],[56.002892,25.810541],[56.002929,25.81036],[56.002894,25.81035],[56.002621,25.810269],[56.002533,25.810342],[56.002336,25.810232],[55.999799,25.808824],[56.00504,25.801064],[55.999976,25.798288],[56.000462,25.797541],[56.00202,25.795249],[56.002455,25.794608],[56.00332,25.793302],[56.003515,25.79277],[56.003588,25.792292],[56.00355,25.791742],[56.003467,25.791334],[56.002657,25.788279],[56.005581,25.787624],[56.00629,25.787505],[56.006913,25.78752],[56.007389,25.787638],[56.008028,25.787894],[56.00997,25.788962],[56.012331,25.790265],[56.014264,25.791332],[56.015331,25.789833],[56.015451,25.789426],[56.01543,25.788953],[56.015252,25.788289],[56.014519,25.785702],[56.013614,25.782255],[56.017025,25.781161],[56.016314,25.778551],[56.016803,25.778264],[56.018599,25.777233],[56.020645,25.784726],[56.020852,25.785173],[56.021177,25.785471],[56.025085,25.787588],[56.025532,25.786926],[56.027464,25.784063],[56.029911,25.785416],[56.030892,25.786003],[56.03092,25.78611],[56.030978,25.786273],[56.031098,25.786247],[56.031345,25.786274],[56.031688,25.786479],[56.031699,25.786314],[56.031859,25.786332],[56.031872,25.78595],[56.031736,25.785758],[56.031768,25.785268],[56.031874,25.783669],[56.031885,25.782255],[56.031757,25.780897],[56.03515,25.781489],[56.035654,25.782015],[56.03735,25.783613],[56.040089,25.786646],[56.040574,25.786288],[56.041284,25.787327],[56.03924,25.788216],[56.03703,25.788428],[56.03577,25.790182],[56.035472,25.790892],[56.034434,25.792856],[56.034117,25.793497],[56.03411,25.794412],[56.034221,25.79515],[56.033815,25.795164],[56.033346,25.795353],[56.030358,25.795424],[56.030418,25.79445],[56.027667,25.792939],[56.02682,25.794211],[56.026476,25.794828],[56.02628,25.795244],[56.025922,25.79606],[56.025656,25.79659],[56.025313,25.797213],[56.024542,25.796928],[56.023859,25.79663],[56.023672,25.796524],[56.02366,25.796541],[56.022632,25.795961],[56.022644,25.795943],[56.021961,25.795557],[56.020475,25.7977],[56.019833,25.797345],[56.016379,25.80243],[56.017341,25.802962],[56.017483,25.803138],[56.017445,25.803354],[56.016749,25.804385],[56.017037,25.804544],[56.016312,25.805984],[56.016225,25.805941],[56.016173,25.806063],[56.015778,25.805824],[56.015195,25.806687],[56.014872,25.806507],[56.009905,25.80373],[56.004821,25.811256]]]},"properties":{"layer":"Area Name","name":"2A - SEIH AL GHUB","sectorNo":"2","subSector":"2A","kind":"area","areaKm2":5.913,"fill":"#80B1D3","fillOpacity":0.651,"stroke":"#80B1D3","strokeWidth":1.0,"source":"Google My Maps 'RAK - MSW Sub-Sector Collection Routes' (PSD), exported 15 Sep 2026, with the map's own styling"}},{"type":"Feature","geometry":{"type":"Polygon","coordinates":[[[56.031757,25.780897],[56.031572,25.779752],[56.031174,25.77809],[56.030298,25.775649],[56.034056,25.773926],[56.035992,25.773096],[56.03798,25.772583],[56.038533,25.77244],[56.040282,25.772412],[56.04049,25.772443],[56.041985,25.772661],[56.043162,25.773104],[56.04412,25.773545],[56.044817,25.773866],[56.045206,25.774383],[56.046632,25.776489],[56.047931,25.778119],[56.058217,25.782181],[56.059135,25.782187],[56.059525,25.782625],[56.060739,25.783898],[56.061579,25.784535],[56.061433,25.787602],[56.050438,25.787452],[56.041284,25.787327],[56.040574,25.786288],[56.040089,25.786646],[56.03735,25.783613],[56.035654,25.782015],[56.03515,25.781489],[56.031757,25.780897]]]},"properties":{"layer":"Area Name","name":"2B - AL FERIYA","sectorNo":"2","subSector":"2B","kind":"area","areaKm2":3.071,"fill":"#FDB462","fillOpacity":0.612,"stroke":"#FDB462","strokeWidth":1.0,"source":"Google My Maps 'RAK - MSW Sub-Sector Collection Routes' (PSD), exported 15 Sep 2026, with the map's own styling"}},{"type":"Feature","geometry":{"type":"Polygon","coordinates":[[[56.061903,25.777725],[56.061825,25.777759],[56.061895,25.777894],[56.061684,25.782319],[56.061872,25.782588],[56.061666,25.782702],[56.061579,25.784535],[56.060739,25.783898],[56.059525,25.782625],[56.059135,25.782187],[56.058217,25.782181],[56.047931,25.778119],[56.046632,25.776489],[56.045206,25.774383],[56.044817,25.773866],[56.04412,25.773545],[56.043162,25.773104],[56.041985,25.772661],[56.04049,25.772443],[56.040282,25.772412],[56.038533,25.77244],[56.03798,25.772583],[56.035992,25.773096],[56.034056,25.773926],[56.030298,25.775649],[56.031174,25.77809],[56.031572,25.779752],[56.031757,25.780897],[56.031885,25.782255],[56.031874,25.783669],[56.031768,25.785268],[56.031736,25.785758],[56.031872,25.78595],[56.031859,25.786332],[56.031699,25.786314],[56.031688,25.786479],[56.031345,25.786274],[56.031098,25.786247],[56.030978,25.786273],[56.03092,25.78611],[56.030892,25.786003],[56.029911,25.785416],[56.027464,25.784063],[56.025532,25.786926],[56.025085,25.787588],[56.021177,25.785471],[56.020852,25.785173],[56.020645,25.784726],[56.018599,25.777233],[56.016803,25.778264],[56.016314,25.778551],[56.017025,25.781161],[56.013614,25.782255],[56.013273,25.782367],[56.011998,25.782784],[56.010402,25.783322],[56.0089,25.783745],[56.008461,25.783865],[56.006582,25.784183],[56.006245,25.784297],[56.006516,25.783896],[56.006751,25.783645],[56.007342,25.782795],[56.008684,25.780807],[56.0095,25.779605],[56.01161,25.776499],[56.012607,25.775031],[56.014514,25.772224],[56.014563,25.772152],[56.015723,25.770444],[56.017123,25.768385],[56.019392,25.765047],[56.020174,25.765478],[56.020574,25.765698],[56.02109,25.765981],[56.024471,25.767841],[56.025594,25.767057],[56.025366,25.766539],[56.023728,25.762826],[56.02588,25.762509],[56.025911,25.762554],[56.026596,25.762461],[56.027282,25.762303],[56.030216,25.761871],[56.030334,25.761841],[56.032421,25.761513],[56.032564,25.761275],[56.032991,25.761166],[56.03387,25.761236],[56.035016,25.761528],[56.036998,25.7616],[56.040963,25.761744],[56.040842,25.764466],[56.062494,25.765313],[56.061903,25.777725]]]},"properties":{"layer":"Area Name","name":"2B - AL BURAIRAT","sectorNo":"2","subSector":"2B","kind":"area","areaKm2":8.437,"fill":"#FDB462","fillOpacity":0.588,"stroke":"#FDB462","strokeWidth":1.0,"source":"Google My Maps 'RAK - MSW Sub-Sector Collection Routes' (PSD), exported 15 Sep 2026, with the map's own styling"}},{"type":"Feature","geometry":{"type":"Polygon","coordinates":[[[55.972604,25.815736],[55.972467,25.815777],[55.970012,25.816532],[55.969691,25.816509],[55.969234,25.816378],[55.968681,25.816163],[55.968038,25.815878],[55.966872,25.815362],[55.9659,25.815983],[55.964241,25.813695],[55.962974,25.812159],[55.960651,25.809345],[55.960457,25.80943],[55.960251,25.80914],[55.960408,25.809051],[55.9599,25.808435],[55.959303,25.807712],[55.958387,25.806144],[55.956556,25.806125],[55.95571,25.806119],[55.953406,25.805962],[55.954123,25.804018],[55.951852,25.797932],[55.952006,25.797402],[55.952135,25.797042],[55.953489,25.795875],[55.953838,25.795681],[55.957986,25.795428],[55.958232,25.796329],[55.958376,25.796378],[55.959081,25.798342],[55.959792,25.800425],[55.959803,25.800455],[55.961519,25.805191],[55.964043,25.804487],[55.964367,25.805216],[55.964599,25.805767],[55.965532,25.805513],[55.967128,25.807737],[55.967611,25.808409],[55.968587,25.809769],[55.970351,25.812225],[55.97042,25.812188],[55.970959,25.812924],[55.97154,25.813749],[55.971622,25.813858],[55.971989,25.814349],[55.972211,25.814591],[55.972382,25.814912],[55.972374,25.814986],[55.972604,25.815736]]]},"properties":{"layer":"Area Name","name":"3B - AL MAIREED","sectorNo":"3","subSector":"3B","kind":"area","areaKm2":1.678,"fill":"#FCCDE5","fillOpacity":0.588,"stroke":"#FCCDE5","strokeWidth":1.0,"source":"Google My Maps 'RAK - MSW Sub-Sector Collection Routes' (PSD), exported 15 Sep 2026, with the map's own styling"}},{"type":"Feature","geometry":{"type":"Polygon","coordinates":[[[55.982279,25.825083],[55.982102,25.825166],[55.981837,25.825291],[55.981571,25.825416],[55.981315,25.825557],[55.979707,25.826315],[55.979616,25.826359],[55.979528,25.826406],[55.979441,25.826456],[55.979356,25.826509],[55.979273,25.826564],[55.979193,25.826621],[55.979324,25.827163],[55.978547,25.826775],[55.978357,25.826023],[55.977915,25.825508],[55.976577,25.824525],[55.975686,25.82372],[55.968563,25.818802],[55.967365,25.817534],[55.965403,25.816753],[55.965188,25.816737],[55.96511,25.816725],[55.964953,25.816503],[55.9659,25.815983],[55.966872,25.815362],[55.968038,25.815878],[55.968681,25.816163],[55.969234,25.816378],[55.969691,25.816509],[55.970012,25.816532],[55.972467,25.815777],[55.972604,25.815736],[55.972374,25.814986],[55.972382,25.814912],[55.972211,25.814591],[55.971989,25.814349],[55.971622,25.813858],[55.97154,25.813749],[55.970959,25.812924],[55.97042,25.812188],[55.970351,25.812225],[55.968587,25.809769],[55.967611,25.808409],[55.967128,25.807737],[55.965532,25.805513],[55.964599,25.805767],[55.964367,25.805216],[55.964043,25.804487],[55.96854,25.803234],[55.968654,25.803202],[55.969655,25.802923],[55.974389,25.801602],[55.974416,25.801651],[55.976239,25.804508],[55.977353,25.806254],[55.977872,25.80718],[55.977929,25.807283],[55.979573,25.810217],[55.981288,25.813278],[55.980834,25.81343],[55.982276,25.8159],[55.979533,25.817187],[55.978049,25.817881],[55.977117,25.8182],[55.979152,25.824203],[55.980605,25.823796],[55.98069,25.823771],[55.980774,25.823744],[55.980857,25.823715],[55.98094,25.823683],[55.981021,25.823649],[55.981101,25.823613],[55.981435,25.823456],[55.981472,25.823536],[55.981507,25.823618],[55.981603,25.823858],[55.981638,25.82394],[55.981676,25.824022],[55.981717,25.824103],[55.981761,25.824182],[55.982279,25.825083]]]},"properties":{"layer":"Area Name","name":"3B - AL MAMOURAH","sectorNo":"3","subSector":"3B","kind":"area","areaKm2":2.395,"fill":"#FCCDE5","fillOpacity":0.58,"stroke":"#FCCDE5","strokeWidth":1.0,"source":"Google My Maps 'RAK - MSW Sub-Sector Collection Routes' (PSD), exported 15 Sep 2026, with the map's own styling"}},{"type":"Feature","geometry":{"type":"Polygon","coordinates":[[[56.018468,25.862496],[56.017034,25.863476],[56.017015,25.863488],[56.016995,25.8635],[56.016975,25.863512],[56.016955,25.863522],[56.016934,25.863532],[56.016913,25.863542],[56.016892,25.863551],[56.01687,25.863559],[56.016848,25.863567],[56.016825,25.863574],[56.016803,25.86358],[56.01678,25.863585],[56.016748,25.863592],[56.011751,25.864611],[56.010679,25.864829],[56.005897,25.865804],[56.005514,25.865875],[56.005064,25.865958],[56.001057,25.866699],[55.996235,25.858996],[55.994127,25.855628],[55.986771,25.846424],[55.981944,25.840384],[55.979155,25.836219],[55.984033,25.832707],[55.979324,25.827163],[55.979193,25.826621],[55.979273,25.826564],[55.979356,25.826509],[55.979441,25.826456],[55.979528,25.826406],[55.979616,25.826359],[55.979707,25.826315],[55.981315,25.825557],[55.981571,25.825416],[55.981837,25.825291],[55.982102,25.825166],[55.982279,25.825083],[55.981761,25.824182],[55.981717,25.824103],[55.981676,25.824022],[55.981638,25.82394],[55.981603,25.823858],[55.981507,25.823618],[55.981472,25.823536],[55.981435,25.823456],[55.981101,25.823613],[55.981021,25.823649],[55.98094,25.823683],[55.980857,25.823715],[55.980774,25.823744],[55.98069,25.823771],[55.980605,25.823796],[55.979152,25.824203],[55.977117,25.8182],[55.978049,25.817881],[55.979533,25.817187],[55.982276,25.8159],[55.980834,25.81343],[55.981288,25.813278],[55.982508,25.812872],[55.983102,25.81258],[55.985012,25.811466],[55.985332,25.811244],[55.985648,25.811629],[55.987302,25.813629],[55.988457,25.815033],[55.991092,25.818234],[55.991361,25.818547],[55.991929,25.819209],[55.992472,25.819618],[55.994788,25.82131],[55.994922,25.821396],[55.995911,25.822039],[55.997787,25.823308],[55.996783,25.823984],[55.999605,25.827306],[56.001625,25.829777],[56.002741,25.829097],[56.002956,25.828927],[56.003128,25.828742],[56.003459,25.828406],[56.004099,25.827696],[56.004125,25.827667],[56.006169,25.82905],[56.009419,25.831177],[56.009468,25.831209],[56.009566,25.831276],[56.010941,25.832211],[56.012615,25.833354],[56.013382,25.833878],[56.013579,25.834013],[56.015048,25.835701],[56.015509,25.836289],[56.016878,25.838528],[56.017928,25.840902],[56.018906,25.843158],[56.019069,25.843679],[56.019466,25.844947],[56.019663,25.845821],[56.020092,25.849698],[56.020189,25.85067],[56.020364,25.85242],[56.020739,25.856164],[56.02138,25.862573],[56.019702,25.862627],[56.019696,25.862627],[56.019611,25.862632],[56.019526,25.862634],[56.019441,25.862633],[56.019357,25.862629],[56.019272,25.862623],[56.019188,25.862614],[56.019104,25.862603],[56.019021,25.862588],[56.018938,25.862571],[56.018856,25.862552],[56.018775,25.86253],[56.018694,25.862505],[56.018615,25.862478],[56.018537,25.862449],[56.018468,25.862496]]]},"properties":{"layer":"Area Name","name":"3A - JULFAR","sectorNo":"3","subSector":"3A","kind":"area","areaKm2":14.434,"fill":"#B3DE69","fillOpacity":0.561,"stroke":"#B3DE69","strokeWidth":1.0,"source":"Google My Maps 'RAK - MSW Sub-Sector Collection Routes' (PSD), exported 15 Sep 2026, with the map's own styling"}},{"type":"Feature","geometry":{"type":"Polygon","coordinates":[[[55.98992,25.836258],[55.986469,25.830978],[55.989979,25.828562],[55.990191,25.82842],[55.993688,25.826067],[55.993698,25.826076],[55.994262,25.826672],[55.995869,25.827884],[55.995513,25.82827],[55.996462,25.829429],[55.996323,25.829522],[55.992958,25.83178],[55.994383,25.833511],[55.993042,25.83496],[55.992636,25.834452],[55.98992,25.836258]]]},"properties":{"layer":"Area Name","name":"3A - AL SHURISHA","sectorNo":"3","subSector":"3A","kind":"area","areaKm2":0.563,"fill":"#B3DE69","fillOpacity":0.561,"stroke":"#B3DE69","strokeWidth":1.0,"source":"Google My Maps 'RAK - MSW Sub-Sector Collection Routes' (PSD), exported 15 Sep 2026, with the map's own styling"}},{"type":"Feature","geometry":{"type":"Polygon","coordinates":[[[55.935877,25.769277],[55.936423,25.769364],[55.937113,25.769642],[55.937708,25.769973],[55.938112,25.770394],[55.938743,25.771285],[55.93866,25.771302],[55.937998,25.771536],[55.937534,25.771861],[55.9371,25.772425],[55.936796,25.773198],[55.936857,25.773796],[55.937046,25.774812],[55.937555,25.776815],[55.937832,25.777764],[55.938667,25.778715],[55.940041,25.779978],[55.943311,25.783165],[55.946151,25.785956],[55.946156,25.785962],[55.950524,25.790132],[55.951674,25.791267],[55.951934,25.792603],[55.950927,25.792817],[55.94987,25.792898],[55.947841,25.793189],[55.946441,25.79148],[55.945557,25.790728],[55.943335,25.788903],[55.943101,25.78871],[55.943004,25.788611],[55.940149,25.785688],[55.93747,25.782773],[55.937097,25.782423],[55.936068,25.781456],[55.935262,25.77829],[55.935169,25.778138],[55.935068,25.777973],[55.934133,25.777006],[55.929893,25.773126],[55.931753,25.771438],[55.933519,25.769835],[55.934187,25.76953],[55.934816,25.769348],[55.935355,25.769267],[55.935877,25.769277]]]},"properties":{"layer":"Area Name","name":"3C - DAFAN RAS AL KHAIMAH","sectorNo":"3","subSector":"3C","kind":"area","areaKm2":1.364,"fill":"#D9D9D9","fillOpacity":0.631,"stroke":"#D9D9D9","strokeWidth":1.0,"source":"Google My Maps 'RAK - MSW Sub-Sector Collection Routes' (PSD), exported 15 Sep 2026, with the map's own styling"}},{"type":"Feature","geometry":{"type":"Polygon","coordinates":[[[55.97759,25.802808],[55.978831,25.804377],[55.980096,25.80562],[55.981877,25.807369],[55.982615,25.808204],[55.983975,25.809595],[55.985332,25.811244],[55.985012,25.811466],[55.983102,25.81258],[55.982508,25.812872],[55.981288,25.813278],[55.979573,25.810217],[55.977929,25.807283],[55.977872,25.80718],[55.977353,25.806254],[55.976239,25.804508],[55.974416,25.801651],[55.974389,25.801602],[55.976268,25.8007],[55.97759,25.802808]]]},"properties":{"layer":"Area Name","name":"3","sectorNo":"3","subSector":"3","kind":"area","areaKm2":0.461,"fill":"#D9D9D9","fillOpacity":1.0,"stroke":"#D9D9D9","strokeWidth":1.0,"source":"Google My Maps 'RAK - MSW Sub-Sector Collection Routes' (PSD), exported 15 Sep 2026, with the map's own styling"}},{"type":"Feature","geometry":{"type":"Polygon","coordinates":[[[55.943335,25.788903],[55.945557,25.790728],[55.946441,25.79148],[55.947841,25.793189],[55.945614,25.793661],[55.945531,25.793678],[55.94378,25.7941],[55.942313,25.794405],[55.941561,25.794732],[55.941415,25.794591],[55.941295,25.794476],[55.938087,25.790752],[55.942448,25.789305],[55.943335,25.788903]]]},"properties":{"layer":"Area Name","name":"3C- SIDROW","sectorNo":"3","subSector":"3C","kind":"area","areaKm2":0.344,"fill":"#D9D9D9","fillOpacity":0.569,"stroke":"#D9D9D9","strokeWidth":1.0,"source":"Google My Maps 'RAK - MSW Sub-Sector Collection Routes' (PSD), exported 15 Sep 2026, with the map's own styling"}},{"type":"Feature","geometry":{"type":"Polygon","coordinates":[[[55.959726,25.819621],[55.958684,25.817862],[55.950445,25.811922],[55.952961,25.80717],[55.953406,25.805962],[55.95571,25.806119],[55.956556,25.806125],[55.958387,25.806144],[55.959303,25.807712],[55.9599,25.808435],[55.960408,25.809051],[55.960251,25.80914],[55.960457,25.80943],[55.960651,25.809345],[55.962974,25.812159],[55.964241,25.813695],[55.9659,25.815983],[55.964953,25.816503],[55.964086,25.816979],[55.963141,25.817892],[55.961577,25.818684],[55.961643,25.818796],[55.960893,25.819176],[55.960823,25.819066],[55.959726,25.819621]]]},"properties":{"layer":"Area Name","name":"3B -  NEW AL MAIREED","sectorNo":"3","subSector":"3B","kind":"area","areaKm2":1.242,"fill":"#FCCDE5","fillOpacity":0.569,"stroke":"#FCCDE5","strokeWidth":1.0,"source":"Google My Maps 'RAK - MSW Sub-Sector Collection Routes' (PSD), exported 15 Sep 2026, with the map's own styling"}},{"type":"Feature","geometry":{"type":"Polygon","coordinates":[[[55.961577,25.818684],[55.963141,25.817892],[55.964086,25.816979],[55.964953,25.816503],[55.96511,25.816725],[55.965188,25.816737],[55.965403,25.816753],[55.967365,25.817534],[55.968563,25.818802],[55.975686,25.82372],[55.976577,25.824525],[55.977915,25.825508],[55.978357,25.826023],[55.978547,25.826775],[55.979324,25.827163],[55.984033,25.832707],[55.979155,25.836219],[55.975101,25.830163],[55.968397,25.832777],[55.968368,25.832787],[55.968339,25.832795],[55.96831,25.832803],[55.96828,25.83281],[55.96825,25.832816],[55.96822,25.832821],[55.96819,25.832825],[55.968159,25.832828],[55.968129,25.83283],[55.968098,25.832831],[55.968068,25.832831],[55.968037,25.83283],[55.968007,25.832829],[55.967976,25.832826],[55.967946,25.832822],[55.967916,25.832818],[55.967886,25.832812],[55.967856,25.832806],[55.967827,25.832798],[55.967797,25.83279],[55.967769,25.832781],[55.96774,25.832771],[55.967712,25.83276],[55.967684,25.832748],[55.967657,25.832735],[55.967631,25.832721],[55.967604,25.832707],[55.967579,25.832692],[55.967554,25.832676],[55.96753,25.832659],[55.967506,25.832642],[55.967483,25.832623],[55.967461,25.832604],[55.967439,25.832585],[55.967418,25.832564],[55.967398,25.832543],[55.967379,25.832522],[55.967361,25.8325],[55.967344,25.832477],[55.967327,25.832454],[55.967311,25.83243],[55.967296,25.832406],[55.967283,25.832381],[55.96727,25.832356],[55.967258,25.832331],[55.959726,25.819621],[55.960823,25.819066],[55.960893,25.819176],[55.961643,25.818796],[55.961577,25.818684]]]},"properties":{"layer":"Area Name","name":"3B - KHOOR AL MAIREED","sectorNo":"3","subSector":"3B","kind":"area","areaKm2":2.268,"fill":"#FCCDE5","fillOpacity":0.588,"stroke":"#FCCDE5","strokeWidth":1.0,"source":"Google My Maps 'RAK - MSW Sub-Sector Collection Routes' (PSD), exported 15 Sep 2026, with the map's own styling"}},{"type":"Feature","geometry":{"type":"Polygon","coordinates":[[[55.951934,25.792603],[55.951936,25.792645],[55.951971,25.793448],[55.951133,25.795488],[55.950427,25.796975],[55.950311,25.797391],[55.950338,25.797402],[55.950273,25.797644],[55.950213,25.797638],[55.950163,25.798059],[55.950106,25.798532],[55.950387,25.799579],[55.950606,25.800227],[55.951044,25.801128],[55.951061,25.801152],[55.951057,25.801154],[55.951324,25.801704],[55.952367,25.804025],[55.951973,25.805058],[55.9511,25.806807],[55.949456,25.81055],[55.9483,25.805037],[55.943908,25.796999],[55.941561,25.794732],[55.942313,25.794405],[55.94378,25.7941],[55.945531,25.793678],[55.945614,25.793661],[55.947841,25.793189],[55.94987,25.792898],[55.950927,25.792817],[55.951934,25.792603]]]},"properties":{"layer":"Area Name","name":"3C - OLD TOWN","sectorNo":"3","subSector":"3C","kind":"area","areaKm2":0.904,"fill":"#D9D9D9","fillOpacity":0.588,"stroke":"#D9D9D9","strokeWidth":1.0,"source":"Google My Maps 'RAK - MSW Sub-Sector Collection Routes' (PSD), exported 15 Sep 2026, with the map's own styling"}},{"type":"Feature","geometry":{"type":"Polygon","coordinates":[[[55.951934,25.792603],[55.951674,25.791267],[55.950524,25.790132],[55.946156,25.785962],[55.946151,25.785956],[55.943311,25.783165],[55.940041,25.779978],[55.938667,25.778715],[55.937832,25.777764],[55.937555,25.776815],[55.937046,25.774812],[55.936857,25.773796],[55.936796,25.773198],[55.9371,25.772425],[55.937534,25.771861],[55.937998,25.771536],[55.93866,25.771302],[55.938743,25.771285],[55.939486,25.771129],[55.947571,25.772371],[55.946859,25.776715],[55.954163,25.777246],[55.95461,25.775184],[55.963977,25.776534],[55.964495,25.781401],[55.962153,25.781952],[55.96337,25.786618],[55.9542,25.788807],[55.953572,25.791233],[55.953796,25.79207],[55.954158,25.793555],[55.96553,25.790483],[55.966988,25.794879],[55.958035,25.795425],[55.957986,25.795428],[55.953838,25.795681],[55.953489,25.795875],[55.952135,25.797042],[55.952006,25.797402],[55.951852,25.797932],[55.954123,25.804018],[55.953406,25.805962],[55.952961,25.80717],[55.950445,25.811922],[55.949456,25.81055],[55.9511,25.806807],[55.951973,25.805058],[55.952367,25.804025],[55.951324,25.801704],[55.951057,25.801154],[55.951061,25.801152],[55.951044,25.801128],[55.950606,25.800227],[55.950387,25.799579],[55.950106,25.798532],[55.950163,25.798059],[55.950213,25.797638],[55.950273,25.797644],[55.950338,25.797402],[55.950311,25.797391],[55.950427,25.796975],[55.951133,25.795488],[55.951971,25.793448],[55.951936,25.792645],[55.951934,25.792603]]]},"properties":{"layer":"Area Name","name":"3B - KHOOR RAS AL KHAIMAH","sectorNo":"3","subSector":"3B","kind":"area","areaKm2":4.286,"fill":"#FCCDE5","fillOpacity":0.588,"stroke":"#FCCDE5","strokeWidth":1.0,"source":"Google My Maps 'RAK - MSW Sub-Sector Collection Routes' (PSD), exported 15 Sep 2026, with the map's own styling"}},{"type":"Feature","geometry":{"type":"Polygon","coordinates":[[[55.921455,25.768246],[55.921625,25.76854],[55.925101,25.76884],[55.92534,25.76896],[55.929893,25.773126],[55.934133,25.777006],[55.935068,25.777973],[55.935169,25.778138],[55.935262,25.77829],[55.936068,25.781456],[55.937097,25.782423],[55.93747,25.782773],[55.940149,25.785688],[55.943004,25.788611],[55.943101,25.78871],[55.943335,25.788903],[55.942448,25.789305],[55.938087,25.790752],[55.937826,25.790451],[55.937604,25.790349],[55.937464,25.790145],[55.93353,25.785497],[55.933285,25.785232],[55.929321,25.780707],[55.929246,25.780627],[55.929236,25.780617],[55.916927,25.768245],[55.917532,25.767818],[55.919421,25.766482],[55.920108,25.765934],[55.921455,25.768246]]]},"properties":{"layer":"Area Name","name":"3C - DAHAN","sectorNo":"3","subSector":"3C","kind":"area","areaKm2":1.814,"fill":"#D9D9D9","fillOpacity":0.612,"stroke":"#D9D9D9","strokeWidth":1.0,"source":"Google My Maps 'RAK - MSW Sub-Sector Collection Routes' (PSD), exported 15 Sep 2026, with the map's own styling"}},{"type":"Feature","geometry":{"type":"Polygon","coordinates":[[[55.9732,25.781458],[55.971628,25.781617],[55.969276,25.781678],[55.969538,25.784256],[55.970059,25.786329],[55.968362,25.786759],[55.967753,25.785391],[55.967376,25.784629],[55.967004,25.78115],[55.966912,25.781159],[55.966895,25.78103],[55.966188,25.781129],[55.965645,25.781204],[55.96526,25.781258],[55.965263,25.781291],[55.965264,25.781325],[55.964495,25.781401],[55.963977,25.776534],[55.95461,25.775184],[55.954163,25.777246],[55.946859,25.776715],[55.947571,25.772371],[55.939486,25.771129],[55.940116,25.770746],[55.940257,25.770579],[55.940516,25.770271],[55.941141,25.768449],[55.944493,25.769579],[55.946503,25.770286],[55.961041,25.773213],[55.961914,25.773388],[55.963844,25.773392],[55.966123,25.773395],[55.968433,25.773399],[55.968417,25.773013],[55.968341,25.771261],[55.968575,25.770295],[55.968657,25.769958],[55.96914,25.76833],[55.969622,25.766702],[55.970159,25.764921],[55.971487,25.764941],[55.973147,25.765205],[55.974969,25.765478],[55.97723,25.765588],[55.97749,25.767727],[55.977504,25.767726],[55.977496,25.767781],[55.977718,25.769607],[55.978059,25.772455],[55.976105,25.772614],[55.977102,25.776334],[55.977243,25.776858],[55.977276,25.776981],[55.977286,25.777019],[55.977568,25.778068],[55.977649,25.778373],[55.976746,25.778587],[55.977319,25.780615],[55.976329,25.780714],[55.974478,25.781149],[55.9732,25.781458]]]},"properties":{"layer":"Area Name","name":"2B - AL JUWAIS","sectorNo":"2","subSector":"2B","kind":"area","areaKm2":3.001,"fill":"#FDB462","fillOpacity":0.529,"stroke":"#FDB462","strokeWidth":1.0,"source":"Google My Maps 'RAK - MSW Sub-Sector Collection Routes' (PSD), exported 15 Sep 2026, with the map's own styling"}},{"type":"Feature","geometry":{"type":"Polygon","coordinates":[[[55.976268,25.8007],[55.974389,25.801602],[55.969655,25.802923],[55.968654,25.803202],[55.96854,25.803234],[55.964043,25.804487],[55.961519,25.805191],[55.959803,25.800455],[55.959792,25.800425],[55.959081,25.798342],[55.958376,25.796378],[55.958232,25.796329],[55.957986,25.795428],[55.958035,25.795425],[55.966988,25.794879],[55.96553,25.790483],[55.96556,25.790474],[55.964667,25.78775],[55.968362,25.786759],[55.968412,25.786873],[55.971349,25.794679],[55.971533,25.795121],[55.972046,25.794917],[55.972592,25.794595],[55.976268,25.8007]]]},"properties":{"layer":"Area Name","name":"2B - NAKHEEL","sectorNo":"2","subSector":"2B","kind":"area","areaKm2":1.784,"fill":"#FDB462","fillOpacity":0.561,"stroke":"#FDB462","strokeWidth":1.0,"source":"Google My Maps 'RAK - MSW Sub-Sector Collection Routes' (PSD), exported 15 Sep 2026, with the map's own styling"}},{"type":"Feature","geometry":{"type":"Polygon","coordinates":[[[55.96553,25.790483],[55.954158,25.793555],[55.953796,25.79207],[55.953572,25.791233],[55.9542,25.788807],[55.96337,25.786618],[55.962153,25.781952],[55.964495,25.781401],[55.965264,25.781325],[55.965263,25.781291],[55.96526,25.781258],[55.965645,25.781204],[55.966188,25.781129],[55.966895,25.78103],[55.966912,25.781159],[55.967004,25.78115],[55.967376,25.784629],[55.967753,25.785391],[55.968362,25.786759],[55.964667,25.78775],[55.96556,25.790474],[55.96553,25.790483]]]},"properties":{"layer":"Area Name","name":"3B - DAFAN AL NAKHEEL","sectorNo":"3","subSector":"3B","kind":"area","areaKm2":0.863,"fill":"#FCCDE5","fillOpacity":0.569,"stroke":"#FCCDE5","strokeWidth":1.0,"source":"Google My Maps 'RAK - MSW Sub-Sector Collection Routes' (PSD), exported 15 Sep 2026, with the map's own styling"}},{"type":"Feature","geometry":{"type":"Polygon","coordinates":[[[55.946503,25.770286],[55.946823,25.76885],[55.947245,25.768102],[55.951603,25.764128],[55.954186,25.762189],[55.954189,25.76218],[55.958514,25.763003],[55.957314,25.767733],[55.961615,25.770429],[55.96164,25.770702],[55.961621,25.770782],[55.961041,25.773213],[55.946503,25.770286]]]},"properties":{"layer":"Area Name","name":"4A - AL QURUM","sectorNo":"4","subSector":"4A","kind":"area","areaKm2":1.029,"fill":"#CD6699","fillOpacity":0.569,"stroke":"#CD6699","strokeWidth":1.0,"source":"Google My Maps 'RAK - MSW Sub-Sector Collection Routes' (PSD), exported 15 Sep 2026, with the map's own styling"}},{"type":"Feature","geometry":{"type":"Polygon","coordinates":[[[55.934816,25.769348],[55.934187,25.76953],[55.933519,25.769835],[55.931753,25.771438],[55.929893,25.773126],[55.92534,25.76896],[55.925101,25.76884],[55.921625,25.76854],[55.921455,25.768246],[55.920108,25.765934],[55.922772,25.766105],[55.926852,25.766369],[55.927263,25.761629],[55.927432,25.760842],[55.927843,25.760254],[55.929294,25.759156],[55.928813,25.758499],[55.932166,25.756683],[55.936921,25.754147],[55.937707,25.753728],[55.945884,25.749366],[55.948192,25.753437],[55.950736,25.751083],[55.953672,25.748366],[55.954711,25.747405],[55.955318,25.755886],[55.954906,25.759213],[55.954189,25.76218],[55.954186,25.762189],[55.951603,25.764128],[55.947245,25.768102],[55.946823,25.76885],[55.946503,25.770286],[55.944493,25.769579],[55.941141,25.768449],[55.940516,25.770271],[55.940257,25.770579],[55.940116,25.770746],[55.939486,25.771129],[55.938743,25.771285],[55.938112,25.770394],[55.937708,25.769973],[55.937113,25.769642],[55.936423,25.769364],[55.935877,25.769277],[55.935355,25.769267],[55.934816,25.769348]]]},"properties":{"layer":"Area Name","name":"4A - KHUZAM","sectorNo":"4","subSector":"4A","kind":"area","areaKm2":5.008,"fill":"#CD6699","fillOpacity":0.561,"stroke":"#CD6699","strokeWidth":1.0,"source":"Google My Maps 'RAK - MSW Sub-Sector Collection Routes' (PSD), exported 15 Sep 2026, with the map's own styling"}},{"type":"Feature","geometry":{"type":"Polygon","coordinates":[[[55.975237,25.749973],[55.975001,25.750378],[55.974248,25.75192],[55.973613,25.753349],[55.973222,25.754651],[55.972892,25.755733],[55.96979,25.754935],[55.969636,25.754915],[55.96948,25.7549],[55.969324,25.754889],[55.969168,25.754883],[55.969012,25.754883],[55.968856,25.754887],[55.9687,25.754896],[55.968544,25.754909],[55.96839,25.754928],[55.968236,25.754952],[55.968082,25.75498],[55.967931,25.755013],[55.96778,25.755051],[55.967631,25.755093],[55.967484,25.75514],[55.967338,25.755192],[55.967195,25.755248],[55.967054,25.755308],[55.966915,25.755373],[55.966549,25.755598],[55.964876,25.753537],[55.965032,25.753384],[55.965276,25.752823],[55.965745,25.747826],[55.965879,25.746393],[55.965805,25.746387],[55.965931,25.745016],[55.966008,25.745022],[55.96602,25.744887],[55.969791,25.745131],[55.969942,25.742971],[55.969947,25.742909],[55.970098,25.7412],[55.97015,25.740611],[55.970389,25.737912],[55.97044,25.734702],[55.970497,25.733751],[55.970621,25.73168],[55.96956,25.731595],[55.970049,25.730932],[55.970773,25.729985],[55.970593,25.729771],[55.970735,25.728992],[55.970903,25.728399],[55.971123,25.727749],[55.971137,25.727707],[55.972001,25.727714],[55.973561,25.727727],[55.976652,25.727748],[55.976657,25.727149],[55.97666,25.72686],[55.976684,25.72404],[55.976692,25.723063],[55.978876,25.723079],[55.980249,25.72308],[55.980593,25.723039],[55.979656,25.721333],[55.982605,25.719886],[55.982763,25.720047],[55.982916,25.720214],[55.983062,25.720385],[55.983202,25.720561],[55.983335,25.720741],[55.983461,25.720925],[55.98358,25.721112],[55.983692,25.721303],[55.983797,25.721498],[55.983895,25.721695],[55.983985,25.721895],[55.984068,25.722098],[55.98414,25.722294],[55.984144,25.722304],[55.984211,25.722512],[55.984271,25.722721],[55.984323,25.722932],[55.984367,25.723145],[55.984403,25.723359],[55.984431,25.723574],[55.984451,25.72379],[55.984463,25.724006],[55.984466,25.724222],[55.984462,25.724439],[55.98445,25.724655],[55.98443,25.724871],[55.984401,25.725085],[55.984365,25.725299],[55.984321,25.725512],[55.983609,25.728808],[55.98353,25.729172],[55.982807,25.73252],[55.982793,25.732585],[55.982726,25.732939],[55.982645,25.73329],[55.982585,25.733515],[55.982552,25.733638],[55.982445,25.733983],[55.982326,25.734325],[55.982194,25.734663],[55.98205,25.734997],[55.981893,25.735326],[55.981724,25.73565],[55.981543,25.735969],[55.98135,25.736282],[55.981146,25.736589],[55.98093,25.73689],[55.980511,25.737472],[55.980114,25.738067],[55.980497,25.738267],[55.980978,25.738518],[55.981,25.738393],[55.981123,25.738426],[55.981205,25.738469],[55.981244,25.738459],[55.981317,25.738478],[55.981444,25.738443],[55.982194,25.738553],[55.982908,25.738691],[55.983058,25.738714],[55.983358,25.73876],[55.983499,25.738821],[55.983564,25.739185],[55.983597,25.739365],[55.983598,25.739372],[55.983635,25.739711],[55.98362,25.740085],[55.983149,25.740069],[55.983094,25.740067],[55.982869,25.74049],[55.981958,25.741463],[55.983509,25.741002],[55.984754,25.740809],[55.986117,25.740905],[55.988056,25.741325],[55.988078,25.741428],[55.989408,25.741638],[55.989413,25.74162],[55.989529,25.741645],[55.989466,25.741905],[55.989812,25.741933],[55.99129,25.742053],[55.991287,25.742026],[55.992821,25.742359],[55.993599,25.742594],[55.993622,25.742608],[55.993677,25.74264],[55.993858,25.742711],[55.993935,25.74274],[55.994185,25.742842],[55.994212,25.742853],[55.99429,25.742887],[55.994332,25.742905],[55.994388,25.742933],[55.994441,25.742963],[55.994512,25.743003],[55.994593,25.743049],[55.994661,25.743084],[55.994728,25.74312],[55.994749,25.743133],[55.994834,25.743187],[55.995001,25.743291],[55.995134,25.743372],[55.995227,25.743433],[55.995294,25.743357],[55.995336,25.743312],[55.995374,25.743276],[55.995404,25.743248],[55.995424,25.74323],[55.995454,25.743202],[55.995473,25.743178],[55.995483,25.743164],[55.995552,25.743185],[55.995827,25.743268],[55.997123,25.743751],[55.997173,25.744335],[55.997178,25.744402],[55.996451,25.744648],[55.996053,25.744714],[55.99575,25.744712],[55.994917,25.744603],[55.9945,25.744652],[55.994253,25.744753],[55.994081,25.744906],[55.993947,25.745094],[55.993888,25.745368],[55.993923,25.745694],[55.99392,25.746054],[55.993822,25.746447],[55.992992,25.748344],[55.992762,25.748669],[55.992418,25.74894],[55.991532,25.749399],[55.99133,25.749513],[55.990536,25.750033],[55.989547,25.750878],[55.989453,25.750963],[55.989353,25.751045],[55.989249,25.751121],[55.989142,25.751193],[55.98903,25.75126],[55.988927,25.751318],[55.988821,25.75137],[55.988712,25.751418],[55.9886,25.75146],[55.988486,25.751496],[55.98837,25.751526],[55.988252,25.75155],[55.988133,25.751569],[55.987998,25.751585],[55.987861,25.751596],[55.987725,25.751601],[55.987588,25.7516],[55.987452,25.751593],[55.986638,25.751498],[55.985232,25.751338],[55.985152,25.751327],[55.984029,25.751191],[55.983422,25.751118],[55.981923,25.750948],[55.979218,25.750639],[55.978395,25.750543],[55.977033,25.750392],[55.976836,25.750371],[55.976641,25.750344],[55.976446,25.750313],[55.976252,25.750278],[55.976119,25.750248],[55.975988,25.750213],[55.975859,25.750173],[55.975731,25.750128],[55.975606,25.750079],[55.975237,25.749973]]]},"properties":{"layer":"Area Name","name":"5A - AL FELYYAH","sectorNo":"5","subSector":"5A","kind":"area","areaKm2":5.518,"fill":"#FFED6F","fillOpacity":0.569,"stroke":"#FFED6F","strokeWidth":1.0,"source":"Google My Maps 'RAK - MSW Sub-Sector Collection Routes' (PSD), exported 15 Sep 2026, with the map's own styling"}},{"type":"Feature","geometry":{"type":"Polygon","coordinates":[[[55.950736,25.751083],[55.948192,25.753437],[55.945884,25.749366],[55.937707,25.753728],[55.936921,25.754147],[55.932166,25.756683],[55.928813,25.758499],[55.929294,25.759156],[55.927843,25.760254],[55.927432,25.760842],[55.927263,25.761629],[55.926852,25.766369],[55.922772,25.766105],[55.920108,25.765934],[55.917413,25.761879],[55.915252,25.759317],[55.912647,25.756515],[55.911103,25.754854],[55.913754,25.753842],[55.914853,25.753423],[55.916094,25.752949],[55.91656,25.75275],[55.918103,25.752094],[55.919906,25.751001],[55.92074,25.750434],[55.921789,25.749722],[55.924073,25.748198],[55.924271,25.748089],[55.925039,25.747664],[55.927751,25.746673],[55.928416,25.746378],[55.930047,25.745655],[55.930935,25.745191],[55.931668,25.744608],[55.932507,25.743744],[55.932912,25.743332],[55.933242,25.742997],[55.934218,25.742383],[55.935131,25.742013],[55.936826,25.741343],[55.93938,25.740474],[55.940006,25.740261],[55.940855,25.739963],[55.943291,25.739109],[55.944687,25.73864],[55.945704,25.738247],[55.946434,25.73797],[55.947192,25.737458],[55.948005,25.736664],[55.949088,25.735699],[55.950201,25.734708],[55.951176,25.737191],[55.951487,25.737982],[55.951556,25.738157],[55.951852,25.73874],[55.952154,25.738742],[55.952756,25.738849],[55.953583,25.739196],[55.953692,25.739709],[55.953644,25.740835],[55.953483,25.741489],[55.953482,25.741496],[55.953071,25.74255],[55.953058,25.742583],[55.953547,25.74297],[55.954164,25.743459],[55.954291,25.744711],[55.954302,25.744811],[55.954332,25.744821],[55.954404,25.744887],[55.954207,25.74504],[55.954009,25.745201],[55.953857,25.745524],[55.953849,25.74597],[55.954169,25.746289],[55.954645,25.746494],[55.954711,25.747405],[55.953672,25.748366],[55.950736,25.751083]]]},"properties":{"layer":"Area Name","name":"4A - SHEIKH SAQR CITY","sectorNo":"4","subSector":"4A","kind":"area","areaKm2":5.891,"fill":"#CD6699","fillOpacity":0.62,"stroke":"#CD6699","strokeWidth":1.0,"source":"Google My Maps 'RAK - MSW Sub-Sector Collection Routes' (PSD), exported 15 Sep 2026, with the map's own styling"}},{"type":"Feature","geometry":{"type":"Polygon","coordinates":[[[55.89867,25.744893],[55.898985,25.745258],[55.900772,25.747126],[55.902702,25.748224],[55.905037,25.749477],[55.907012,25.750923],[55.910312,25.754003],[55.911103,25.754854],[55.912647,25.756515],[55.915252,25.759317],[55.917413,25.761879],[55.920108,25.765934],[55.919421,25.766482],[55.917532,25.767818],[55.916927,25.768245],[55.91368,25.766788],[55.895449,25.746472],[55.896922,25.745272],[55.898106,25.744781],[55.898451,25.744639],[55.89867,25.744893]]]},"properties":{"layer":"Area Name","name":"4A - AL NADIYA","sectorNo":"4","subSector":"4A","kind":"area","areaKm2":1.791,"fill":"#CD6699","fillOpacity":0.588,"stroke":"#CD6699","strokeWidth":1.0,"source":"Google My Maps 'RAK - MSW Sub-Sector Collection Routes' (PSD), exported 15 Sep 2026, with the map's own styling"}},{"type":"Feature","geometry":{"type":"Polygon","coordinates":[[[55.88057,25.671326],[55.883475,25.670782],[55.884014,25.670659],[55.884863,25.670392],[55.885394,25.670195],[55.885859,25.669999],[55.885862,25.669998],[55.888061,25.669054],[55.890918,25.667818],[55.895387,25.665992],[55.898547,25.672248],[55.899046,25.673062],[55.899628,25.673936],[55.900222,25.674774],[55.900788,25.67552],[55.901591,25.676488],[55.901827,25.676747],[55.902193,25.677148],[55.903005,25.677988],[55.904461,25.67933],[55.905177,25.679934],[55.906951,25.681296],[55.910614,25.684072],[55.918585,25.6901],[55.921403,25.692237],[55.922333,25.692925],[55.925137,25.695],[55.919359,25.700199],[55.916954,25.702363],[55.911979,25.708054],[55.910787,25.709418],[55.903254,25.718034],[55.903252,25.718036],[55.895118,25.727293],[55.890442,25.732637],[55.889296,25.733946],[55.888206,25.735191],[55.880028,25.729801],[55.877193,25.728007],[55.876365,25.727483],[55.871752,25.724394],[55.871287,25.724145],[55.869973,25.723441],[55.866436,25.721575],[55.861661,25.718345],[55.862595,25.716873],[55.862914,25.71637],[55.864511,25.713855],[55.869324,25.706271],[55.869406,25.706142],[55.873702,25.699372],[55.873833,25.699166],[55.876781,25.69452],[55.881974,25.686334],[55.882207,25.685867],[55.882423,25.685393],[55.88262,25.684912],[55.882799,25.684426],[55.88296,25.683934],[55.883102,25.683437],[55.883225,25.682937],[55.883329,25.682433],[55.883415,25.681926],[55.88348,25.681416],[55.883527,25.680905],[55.883554,25.680393],[55.883562,25.67988],[55.883551,25.679367],[55.88352,25.678855],[55.88347,25.678345],[55.883401,25.677836],[55.883312,25.677329],[55.883205,25.676825],[55.883078,25.676326],[55.882933,25.67583],[55.882769,25.675339],[55.882586,25.674854],[55.882386,25.674374],[55.882167,25.673901],[55.881931,25.673435],[55.881677,25.672977],[55.881406,25.672526],[55.881118,25.672085],[55.880987,25.671893],[55.880851,25.671702],[55.880712,25.671513],[55.88057,25.671326]]]},"properties":{"layer":"Area Name","name":"4B - SHEIKH KHALIFA CITY","sectorNo":"4","subSector":"4B","kind":"area","areaKm2":23.388,"fill":"#97DBF2","fillOpacity":0.49,"stroke":"#97DBF2","strokeWidth":1.0,"source":"Google My Maps 'RAK - MSW Sub-Sector Collection Routes' (PSD), exported 15 Sep 2026, with the map's own styling"}},{"type":"Feature","geometry":{"type":"Polygon","coordinates":[[[55.956113,25.71256],[55.951264,25.714535],[55.949406,25.715006],[55.948264,25.715124],[55.945087,25.71558],[55.943226,25.716231],[55.942036,25.717307],[55.940415,25.719343],[55.935305,25.715615],[55.93087,25.712464],[55.923122,25.70676],[55.920055,25.704574],[55.916954,25.702363],[55.919359,25.700199],[55.925137,25.695],[55.935438,25.702929],[55.935823,25.703212],[55.936217,25.703483],[55.936622,25.703742],[55.937037,25.703987],[55.93746,25.70422],[55.937892,25.704439],[55.938324,25.704654],[55.943172,25.705377],[55.944649,25.705268],[55.950954,25.704251],[55.952951,25.703951],[55.954935,25.70359],[55.956363,25.70329],[55.961025,25.702163],[55.962278,25.70186],[55.963751,25.706072],[55.963765,25.706494],[55.963386,25.706491],[55.959146,25.706461],[55.958743,25.70727],[55.958098,25.708567],[55.956113,25.71256]]]},"properties":{"layer":"Area Name","name":"5A - AWAFI","sectorNo":"5","subSector":"5A","kind":"area","areaKm2":5.099,"fill":"#FFED6F","fillOpacity":0.42,"stroke":"#FFED6F","strokeWidth":1.0,"source":"Google My Maps 'RAK - MSW Sub-Sector Collection Routes' (PSD), exported 15 Sep 2026, with the map's own styling"}},{"type":"Feature","geometry":{"type":"Polygon","coordinates":[[[55.866436,25.721575],[55.869973,25.723441],[55.871287,25.724145],[55.871752,25.724394],[55.876365,25.727483],[55.877193,25.728007],[55.880028,25.729801],[55.888206,25.735191],[55.888282,25.735241],[55.892379,25.738309],[55.894795,25.740683],[55.896412,25.742272],[55.898451,25.744639],[55.898106,25.744781],[55.896922,25.745272],[55.895449,25.746472],[55.888816,25.742156],[55.883658,25.738689],[55.884771,25.737258],[55.879661,25.734238],[55.876758,25.733132],[55.87186,25.730501],[55.873411,25.728684],[55.872982,25.728422],[55.871026,25.727227],[55.867207,25.724443],[55.866888,25.724352],[55.86684,25.724339],[55.865436,25.723941],[55.865346,25.723883],[55.864947,25.723624],[55.864017,25.72302],[55.863651,25.722783],[55.863642,25.722777],[55.862641,25.722127],[55.861364,25.721354],[55.860249,25.72068],[55.860088,25.720583],[55.861038,25.719142],[55.861661,25.718345],[55.866436,25.721575]]]},"properties":{"layer":"Area Name","name":"4B - AL ARQOUB","sectorNo":"4","subSector":"4B","kind":"area","areaKm2":1.907,"fill":"#97DBF2","fillOpacity":0.58,"stroke":"#97DBF2","strokeWidth":1.0,"source":"Google My Maps 'RAK - MSW Sub-Sector Collection Routes' (PSD), exported 15 Sep 2026, with the map's own styling"}},{"type":"Feature","geometry":{"type":"Polygon","coordinates":[[[55.94731,25.732415],[55.947511,25.732609],[55.947954,25.733413],[55.948417,25.7344],[55.948776,25.735067],[55.949088,25.735699],[55.948005,25.736664],[55.947192,25.737458],[55.946434,25.73797],[55.945704,25.738247],[55.944687,25.73864],[55.943291,25.739109],[55.940855,25.739963],[55.940006,25.740261],[55.93938,25.740474],[55.936826,25.741343],[55.935131,25.742013],[55.934218,25.742383],[55.933242,25.742997],[55.932912,25.743332],[55.932507,25.743744],[55.931668,25.744608],[55.930935,25.745191],[55.930047,25.745655],[55.928416,25.746378],[55.927751,25.746673],[55.925039,25.747664],[55.924271,25.748089],[55.924073,25.748198],[55.921789,25.749722],[55.92074,25.750434],[55.919906,25.751001],[55.918103,25.752094],[55.91656,25.75275],[55.916094,25.752949],[55.914853,25.753423],[55.913754,25.753842],[55.911103,25.754854],[55.910312,25.754003],[55.907012,25.750923],[55.905037,25.749477],[55.902702,25.748224],[55.900772,25.747126],[55.898985,25.745258],[55.89867,25.744893],[55.898451,25.744639],[55.896412,25.742272],[55.894795,25.740683],[55.892379,25.738309],[55.888282,25.735241],[55.888206,25.735191],[55.889296,25.733946],[55.890442,25.732637],[55.895118,25.727293],[55.903252,25.718036],[55.903254,25.718034],[55.910787,25.709418],[55.911979,25.708054],[55.916954,25.702363],[55.920055,25.704574],[55.923122,25.70676],[55.93087,25.712464],[55.935305,25.715615],[55.940415,25.719343],[55.944182,25.722928],[55.948039,25.726917],[55.948672,25.727572],[55.945786,25.729937],[55.945554,25.730128],[55.94584,25.730461],[55.946108,25.730637],[55.946305,25.730919],[55.946517,25.731309],[55.946666,25.731686],[55.947066,25.732176],[55.946996,25.732238],[55.947241,25.732478],[55.94731,25.732415]]]},"properties":{"layer":"Area Name","name":"4B - AL DHAIT","sectorNo":"4","subSector":"4B","kind":"area","areaKm2":19.452,"fill":"#97DBF2","fillOpacity":0.49,"stroke":"#97DBF2","strokeWidth":1.0,"source":"Google My Maps 'RAK - MSW Sub-Sector Collection Routes' (PSD), exported 15 Sep 2026, with the map's own styling"}},{"type":"Feature","geometry":{"type":"Polygon","coordinates":[[[55.982605,25.719886],[55.979656,25.721333],[55.980593,25.723039],[55.980249,25.72308],[55.978876,25.723079],[55.976692,25.723063],[55.976684,25.72404],[55.97666,25.72686],[55.976657,25.727149],[55.976652,25.727748],[55.973561,25.727727],[55.972001,25.727714],[55.971137,25.727707],[55.971123,25.727749],[55.970903,25.728399],[55.970735,25.728992],[55.970593,25.729771],[55.970773,25.729985],[55.970049,25.730932],[55.96956,25.731595],[55.970621,25.73168],[55.970497,25.733751],[55.97044,25.734702],[55.970389,25.737912],[55.97015,25.740611],[55.970098,25.7412],[55.969947,25.742909],[55.969942,25.742971],[55.969791,25.745131],[55.96602,25.744887],[55.966008,25.745022],[55.965931,25.745016],[55.965805,25.746387],[55.965879,25.746393],[55.965745,25.747826],[55.965276,25.752823],[55.965032,25.753384],[55.964876,25.753537],[55.964549,25.753857],[55.960504,25.756529],[55.95936,25.760096],[55.959819,25.760269],[55.959429,25.761639],[55.959014,25.763098],[55.958514,25.763003],[55.954189,25.76218],[55.954906,25.759213],[55.955318,25.755886],[55.954711,25.747405],[55.954645,25.746494],[55.954169,25.746289],[55.953849,25.74597],[55.953857,25.745524],[55.954009,25.745201],[55.954207,25.74504],[55.954404,25.744887],[55.954332,25.744821],[55.954302,25.744811],[55.954291,25.744711],[55.954164,25.743459],[55.953547,25.74297],[55.953058,25.742583],[55.953071,25.74255],[55.953482,25.741496],[55.953644,25.740835],[55.953692,25.739709],[55.953583,25.739196],[55.952756,25.738849],[55.952154,25.738742],[55.951852,25.73874],[55.951556,25.738157],[55.951487,25.737982],[55.951176,25.737191],[55.950201,25.734708],[55.949088,25.735699],[55.948776,25.735067],[55.948417,25.7344],[55.947954,25.733413],[55.947511,25.732609],[55.94731,25.732415],[55.947241,25.732478],[55.946996,25.732238],[55.947066,25.732176],[55.946666,25.731686],[55.946517,25.731309],[55.946305,25.730919],[55.946108,25.730637],[55.94584,25.730461],[55.945554,25.730128],[55.945786,25.729937],[55.948672,25.727572],[55.948039,25.726917],[55.944182,25.722928],[55.940415,25.719343],[55.942036,25.717307],[55.943226,25.716231],[55.945087,25.71558],[55.948264,25.715124],[55.949406,25.715006],[55.951264,25.714535],[55.956106,25.712562],[55.956113,25.71256],[55.958098,25.708567],[55.958741,25.707274],[55.959146,25.706461],[55.963386,25.706491],[55.963765,25.706494],[55.963751,25.706072],[55.962278,25.70186],[55.964916,25.701222],[55.967719,25.700545],[55.967797,25.700526],[55.96777,25.700459],[55.967999,25.700407],[55.968709,25.700269],[55.969301,25.70019],[55.972109,25.699483],[55.972992,25.703466],[55.973022,25.703581],[55.973092,25.704195],[55.973001,25.704209],[55.973186,25.705021],[55.973262,25.705695],[55.973353,25.706499],[55.969806,25.70708],[55.969926,25.70915],[55.969937,25.709336],[55.969986,25.710191],[55.969979,25.710301],[55.969976,25.710412],[55.969977,25.710523],[55.969982,25.710634],[55.969991,25.710744],[55.970004,25.710854],[55.970022,25.710964],[55.970043,25.711073],[55.970069,25.711181],[55.970098,25.711289],[55.970132,25.711395],[55.970169,25.711501],[55.970958,25.713597],[55.971299,25.713655],[55.971641,25.713704],[55.971984,25.713743],[55.972329,25.713774],[55.972714,25.713798],[55.9731,25.71381],[55.973485,25.713812],[55.973871,25.713802],[55.974256,25.713781],[55.97464,25.713748],[55.974806,25.713735],[55.974971,25.713726],[55.975137,25.713722],[55.975303,25.713723],[55.975469,25.713728],[55.975634,25.713739],[55.975799,25.713754],[55.975964,25.713775],[55.976127,25.7138],[55.97629,25.71383],[55.976451,25.713865],[55.976612,25.713905],[55.97677,25.713949],[55.976933,25.714],[55.977094,25.714056],[55.977253,25.714117],[55.97741,25.714183],[55.977564,25.714253],[55.977715,25.714328],[55.977864,25.714408],[55.978009,25.714493],[55.978151,25.714581],[55.97829,25.714674],[55.978425,25.714772],[55.978556,25.714873],[55.978574,25.714888],[55.978778,25.714983],[55.978815,25.715095],[55.978926,25.715201],[55.979041,25.715317],[55.979152,25.715437],[55.979258,25.71556],[55.979359,25.715687],[55.982605,25.719886]]]},"properties":{"layer":"Area Name","name":"5A - AL KHARAN","sectorNo":"5","subSector":"5A","kind":"area","areaKm2":12.523,"fill":"#FFED6F","fillOpacity":0.541,"stroke":"#FFED6F","strokeWidth":1.0,"source":"Google My Maps 'RAK - MSW Sub-Sector Collection Routes' (PSD), exported 15 Sep 2026, with the map's own styling"}},{"type":"Feature","geometry":{"type":"Polygon","coordinates":[[[55.918976,25.610892],[55.918455,25.610992],[55.91616,25.611441],[55.914129,25.611908],[55.914007,25.611937],[55.913886,25.61197],[55.913767,25.612007],[55.913649,25.612047],[55.913533,25.612091],[55.913418,25.612138],[55.910983,25.606807],[55.907733,25.592187],[55.907697,25.592022],[55.907692,25.591978],[55.907431,25.591962],[55.907253,25.589652],[55.907145,25.588279],[55.907112,25.58758],[55.907205,25.587571],[55.908038,25.577734],[55.908044,25.577661],[55.907111,25.573185],[55.906849,25.572018],[55.906836,25.571961],[55.906521,25.570555],[55.906119,25.56876],[55.906062,25.568506],[55.905889,25.567734],[55.905879,25.567688],[55.905864,25.56763],[55.905436,25.565966],[55.90552,25.565073],[55.906908,25.56462],[55.909155,25.563965],[55.909118,25.5639],[55.90912,25.563899],[55.909005,25.5637],[55.907761,25.561499],[55.912109,25.560116],[55.915534,25.559173],[55.916405,25.557476],[55.918655,25.558053],[55.92476,25.55775],[55.929083,25.557332],[55.929101,25.55733],[55.930112,25.567288],[55.930192,25.567274],[55.930186,25.567238],[55.930621,25.5672],[55.931619,25.567028],[55.933305,25.566798],[55.934588,25.566692],[55.934593,25.566691],[55.934824,25.566672],[55.936335,25.566548],[55.937846,25.566423],[55.93784,25.566365],[55.937978,25.566354],[55.938038,25.567019],[55.93807,25.567189],[55.938108,25.567358],[55.938151,25.567526],[55.938465,25.568425],[55.938512,25.568566],[55.938562,25.568705],[55.938615,25.568844],[55.939308,25.570585],[55.940947,25.573814],[55.941063,25.574086],[55.941186,25.574356],[55.941416,25.574868],[55.941553,25.575174],[55.941765,25.575856],[55.941902,25.57658],[55.941943,25.576904],[55.942169,25.578686],[55.942295,25.579726],[55.942403,25.581676],[55.942408,25.581692],[55.942412,25.581709],[55.942415,25.581725],[55.942417,25.581741],[55.942419,25.581757],[55.942421,25.581774],[55.942421,25.58179],[55.942422,25.581807],[55.942421,25.581823],[55.94242,25.58184],[55.942418,25.581856],[55.942416,25.581873],[55.942413,25.581889],[55.942544,25.582725],[55.943003,25.584417],[55.944103,25.587096],[55.941234,25.587942],[55.941039,25.588021],[55.940847,25.588104],[55.940658,25.588193],[55.940472,25.588286],[55.940289,25.588384],[55.936511,25.590309],[55.928099,25.594614],[55.926567,25.595427],[55.926427,25.595523],[55.92629,25.595623],[55.926157,25.595727],[55.926027,25.595835],[55.925902,25.595946],[55.925781,25.596062],[55.925047,25.596831],[55.924415,25.597579],[55.924334,25.597699],[55.924259,25.597822],[55.924187,25.597947],[55.924121,25.598074],[55.92406,25.598204],[55.924003,25.598335],[55.923952,25.598468],[55.923906,25.598602],[55.923865,25.598738],[55.923829,25.598875],[55.923799,25.599013],[55.923774,25.599152],[55.923754,25.599292],[55.923739,25.599432],[55.92373,25.599572],[55.923727,25.599713],[55.923729,25.599854],[55.923736,25.599995],[55.923748,25.600135],[55.923824,25.60205],[55.923839,25.602149],[55.923857,25.602247],[55.923879,25.602345],[55.923905,25.602442],[55.923934,25.602538],[55.923967,25.602633],[55.924003,25.602727],[55.924043,25.60282],[55.924085,25.602912],[55.924748,25.604452],[55.924837,25.604695],[55.924918,25.604939],[55.924991,25.605186],[55.925056,25.605435],[55.926009,25.609213],[55.92601,25.609226],[55.92601,25.609239],[55.926009,25.609252],[55.926008,25.609265],[55.926007,25.609278],[55.926005,25.609291],[55.926003,25.609304],[55.926,25.609317],[55.925997,25.60933],[55.925993,25.609343],[55.925988,25.609355],[55.925984,25.609368],[55.925978,25.60938],[55.925973,25.609392],[55.925966,25.609404],[55.92596,25.609416],[55.925952,25.609427],[55.925945,25.609438],[55.925937,25.609449],[55.925929,25.60946],[55.92592,25.609471],[55.925911,25.609481],[55.925901,25.609491],[55.925891,25.6095],[55.925881,25.609509],[55.92587,25.609518],[55.925859,25.609527],[55.925848,25.609535],[55.925836,25.609543],[55.925824,25.609551],[55.925812,25.609558],[55.925799,25.609564],[55.925787,25.609571],[55.925774,25.609577],[55.925761,25.609582],[55.925747,25.609587],[55.925734,25.609592],[55.92572,25.609596],[55.925706,25.6096],[55.925692,25.609603],[55.925678,25.609606],[55.925664,25.609609],[55.925649,25.609611],[55.925635,25.609612],[55.92562,25.609614],[55.923465,25.610067],[55.920985,25.610506],[55.919413,25.610808],[55.919413,25.610798],[55.918976,25.610892]]]},"properties":{"layer":"Area Name","name":"5B - AL HARAMAL","sectorNo":"5","subSector":"5B","kind":"area","areaKm2":14.745,"fill":"#795548","fillOpacity":0.259,"stroke":"#795548","strokeWidth":1.0,"source":"Google My Maps 'RAK - MSW Sub-Sector Collection Routes' (PSD), exported 15 Sep 2026, with the map's own styling"}},{"type":"Feature","geometry":{"type":"Polygon","coordinates":[[[55.962407,25.635079],[55.962325,25.635089],[55.962267,25.635105],[55.961852,25.63327],[55.961771,25.632978],[55.961666,25.632628],[55.961644,25.632498],[55.961544,25.632305],[55.960703,25.629951],[55.961089,25.629906],[55.960333,25.626569],[55.960393,25.626556],[55.959879,25.623952],[55.959745,25.623976],[55.958731,25.619498],[55.958506,25.619556],[55.958119,25.6168],[55.958028,25.61615],[55.957996,25.616068],[55.957941,25.615849],[55.957826,25.615505],[55.96149,25.614866],[55.973217,25.612821],[55.974206,25.612648],[55.974206,25.612847],[55.974382,25.614862],[55.973703,25.614898],[55.9737,25.614905],[55.973612,25.617655],[55.974703,25.617635],[55.97475,25.618442],[55.974015,25.618633],[55.974164,25.621795],[55.973021,25.625349],[55.973025,25.625663],[55.97238,25.628032],[55.972424,25.628647],[55.971846,25.628881],[55.97188,25.630365],[55.971882,25.630456],[55.97191,25.631657],[55.97206,25.631651],[55.972127,25.631649],[55.971967,25.632685],[55.971953,25.632778],[55.971794,25.633813],[55.971129,25.63392],[55.970782,25.633976],[55.970772,25.634036],[55.970705,25.634052],[55.96952,25.634342],[55.969326,25.634389],[55.969344,25.634465],[55.968845,25.634537],[55.968188,25.634631],[55.967509,25.634729],[55.967476,25.634452],[55.965297,25.634722],[55.965303,25.63482],[55.965145,25.634788],[55.962407,25.635079]]]},"properties":{"layer":"Area Name","name":"5","sectorNo":"5","subSector":"5","kind":"area","areaKm2":3.044,"fill":"#795548","fillOpacity":0.231,"stroke":"#795548","strokeWidth":1.0,"source":"Google My Maps 'RAK - MSW Sub-Sector Collection Routes' (PSD), exported 15 Sep 2026, with the map's own styling"}},{"type":"Feature","geometry":{"type":"Polygon","coordinates":[[[56.006979,25.632667],[56.006707,25.632779],[56.006766,25.632898],[56.006678,25.632935],[56.006687,25.631822],[56.006683,25.62975],[56.006703,25.627389],[56.008943,25.627369],[56.009971,25.627179],[56.011708,25.626835],[56.011416,25.625539],[56.012508,25.62534],[56.013665,25.624951],[56.013676,25.624979],[56.013941,25.624899],[56.013911,25.624869],[56.015185,25.624441],[56.015094,25.624207],[56.014818,25.62344],[56.014823,25.622824],[56.014809,25.622495],[56.015456,25.621982],[56.017171,25.621793],[56.01716,25.621706],[56.017141,25.621382],[56.017444,25.621273],[56.017474,25.621156],[56.017425,25.620803],[56.017418,25.620749],[56.017568,25.620678],[56.01807,25.620797],[56.018455,25.620751],[56.018632,25.620839],[56.018624,25.621151],[56.018537,25.621215],[56.018394,25.62128],[56.018374,25.621287],[56.01857,25.621592],[56.019047,25.621501],[56.022018,25.620934],[56.02219,25.621046],[56.022901,25.627273],[56.022294,25.627353],[56.022276,25.627314],[56.022263,25.627286],[56.022239,25.627245],[56.022082,25.627066],[56.022064,25.626984],[56.022016,25.626997],[56.021991,25.626958],[56.021922,25.626976],[56.02195,25.627098],[56.022047,25.627344],[56.022028,25.627354],[56.022005,25.627367],[56.021986,25.627376],[56.021959,25.627398],[56.020084,25.627646],[56.020066,25.627656],[56.019556,25.627744],[56.019537,25.627718],[56.019098,25.627777],[56.018587,25.627995],[56.018095,25.628033],[56.017068,25.628445],[56.017323,25.628978],[56.017121,25.629831],[56.016688,25.629797],[56.016221,25.629761],[56.01583,25.629731],[56.015026,25.630099],[56.014244,25.630458],[56.014326,25.630615],[56.014555,25.63105],[56.012787,25.63139],[56.012637,25.630777],[56.011632,25.631008],[56.01177,25.631802],[56.008843,25.632357],[56.008668,25.632429],[56.007311,25.632671],[56.00731,25.632672],[56.00725,25.632554],[56.006979,25.632667]]]},"properties":{"layer":"Area Name","name":"5A - KHATT AL QULAYYAH","sectorNo":"5","subSector":"5A","kind":"area","areaKm2":1.091,"fill":"#FFED6F","fillOpacity":0.502,"stroke":"#FFED6F","strokeWidth":1.0,"source":"Google My Maps 'RAK - MSW Sub-Sector Collection Routes' (PSD), exported 15 Sep 2026, with the map's own styling"}},{"type":"Feature","geometry":{"type":"Polygon","coordinates":[[[56.00405,25.638438],[56.003981,25.638301],[56.003844,25.636513],[56.003469,25.633723],[56.00042,25.642463],[55.997205,25.642092],[55.997633,25.640826],[55.999316,25.635834],[55.99989,25.634024],[55.999943,25.633835],[56.000121,25.633145],[56.000276,25.632451],[56.000408,25.631753],[56.000431,25.631615],[56.000527,25.630963],[56.000603,25.630309],[56.000728,25.628829],[56.00082,25.627347],[56.006703,25.627389],[56.006683,25.62975],[56.006687,25.631822],[56.006678,25.632935],[56.006675,25.63323],[56.006798,25.633465],[56.008523,25.636774],[56.008589,25.636899],[56.008417,25.636996],[56.007769,25.637362],[56.007184,25.637692],[56.00708,25.637528],[56.006901,25.637622],[56.006632,25.637763],[56.006506,25.637826],[56.006378,25.637885],[56.006248,25.637941],[56.006115,25.637992],[56.005981,25.638039],[56.005845,25.638082],[56.005707,25.63812],[56.005568,25.638154],[56.005428,25.638184],[56.005286,25.63821],[56.005144,25.63823],[56.005001,25.638247],[56.004294,25.638389],[56.00405,25.638438]]]},"properties":{"layer":"Area Name","name":"5A - UM SIDIRA","sectorNo":"5","subSector":"5A","kind":"area","areaKm2":0.956,"fill":"#FFED6F","fillOpacity":0.541,"stroke":"#FFED6F","strokeWidth":1.0,"source":"Google My Maps 'RAK - MSW Sub-Sector Collection Routes' (PSD), exported 15 Sep 2026, with the map's own styling"}},{"type":"Feature","geometry":{"type":"Polygon","coordinates":[[[56.025877,25.653325],[56.025172,25.648503],[56.02567,25.647749],[56.025171,25.647144],[56.024875,25.646786],[56.024557,25.641772],[56.024019,25.637056],[56.074126,25.637383],[56.07453,25.640369],[56.072902,25.644088],[56.070864,25.646044],[56.0689,25.648061],[56.067014,25.650138],[56.065207,25.652272],[56.063481,25.65446],[56.061839,25.656701],[56.060282,25.658991],[56.058813,25.661329],[56.057432,25.66371],[56.056142,25.666133],[56.054944,25.668594],[56.053839,25.671091],[56.032431,25.670951],[56.027887,25.67092],[56.029083,25.662297],[56.029279,25.661975],[56.029419,25.660361],[56.027553,25.657396],[56.026247,25.655975],[56.027578,25.653657],[56.025877,25.653325]]]},"properties":{"layer":"Area Name","name":"5A - THAWI AL BEER","sectorNo":"5","subSector":"5A","kind":"area","areaKm2":14.225,"fill":"#FFED6F","fillOpacity":0.478,"stroke":"#FFED6F","strokeWidth":1.0,"source":"Google My Maps 'RAK - MSW Sub-Sector Collection Routes' (PSD), exported 15 Sep 2026, with the map's own styling"}},{"type":"Feature","geometry":{"type":"Polygon","coordinates":[[[56.021163,25.688046],[56.02116,25.688182],[56.017246,25.687482],[56.017037,25.687468],[56.015276,25.68755],[56.01527,25.687508],[56.015239,25.68726],[56.015092,25.686078],[56.01509,25.686072],[56.015089,25.686067],[56.015087,25.686061],[56.015085,25.686056],[56.015083,25.68605],[56.015081,25.686045],[56.015078,25.686039],[56.015075,25.686034],[56.015072,25.686029],[56.015069,25.686024],[56.015066,25.686019],[56.015063,25.686014],[56.015059,25.68601],[56.015055,25.686005],[56.015051,25.686001],[56.015047,25.685996],[56.015043,25.685992],[56.015038,25.685988],[56.015033,25.685984],[56.015029,25.68598],[56.015024,25.685977],[56.015019,25.685973],[56.015013,25.68597],[56.015008,25.685967],[56.015003,25.685964],[56.014997,25.685961],[56.014992,25.685958],[56.014986,25.685956],[56.01498,25.685954],[56.014974,25.685952],[56.014968,25.68595],[56.014962,25.685948],[56.014956,25.685946],[56.01495,25.685945],[56.014944,25.685944],[56.014937,25.685943],[56.014931,25.685942],[56.014925,25.685941],[56.014841,25.685936],[56.014756,25.685934],[56.014672,25.685934],[56.014588,25.685937],[56.014504,25.685942],[56.01442,25.68595],[56.014337,25.68596],[56.014254,25.685973],[56.014168,25.686],[56.014081,25.686024],[56.013992,25.686045],[56.013904,25.686064],[56.013814,25.686079],[56.013724,25.686092],[56.013633,25.686103],[56.013543,25.68611],[56.013452,25.686114],[56.01336,25.686116],[56.013269,25.686115],[56.013178,25.686111],[56.013087,25.686104],[56.012997,25.686095],[56.012906,25.686082],[56.012817,25.686067],[56.012728,25.686049],[56.012639,25.686028],[56.012552,25.686005],[56.012466,25.685978],[56.01238,25.68595],[56.012296,25.685918],[56.012213,25.685884],[56.012131,25.685847],[56.012051,25.685808],[56.009091,25.684433],[56.008546,25.684259],[56.008091,25.684292],[56.007436,25.682194],[56.007503,25.682194],[56.009772,25.68197],[56.010074,25.68211],[56.011331,25.679888],[56.01456,25.681378],[56.017301,25.682642],[56.017674,25.682741],[56.021261,25.682769],[56.021308,25.682769],[56.021205,25.685766],[56.021163,25.688046]]]},"properties":{"layer":"Area Name","name":"5A - BANI ZAID","sectorNo":"5","subSector":"5A","kind":"area","areaKm2":0.691,"fill":"#FFED6F","fillOpacity":0.522,"stroke":"#FFED6F","strokeWidth":1.0,"source":"Google My Maps 'RAK - MSW Sub-Sector Collection Routes' (PSD), exported 15 Sep 2026, with the map's own styling"}},{"type":"Feature","geometry":{"type":"Polygon","coordinates":[[[56.159739,25.675716],[56.103556,25.675381],[56.103833,25.638378],[56.112494,25.637899],[56.114448,25.634654],[56.11821,25.632946],[56.118441,25.631483],[56.11955,25.630624],[56.120537,25.631429],[56.121514,25.63084],[56.121656,25.631279],[56.121386,25.631923],[56.120628,25.635297],[56.119834,25.636506],[56.119944,25.637191],[56.118751,25.638423],[56.118748,25.638427],[56.129259,25.640796],[56.148618,25.637389],[56.153413,25.622825],[56.16707,25.621043],[56.179752,25.620985],[56.159739,25.675716]]]},"properties":{"layer":"Area Name","name":"5A - JABEL MOBRAH","sectorNo":"5","subSector":"5A","kind":"area","areaKm2":30.994,"fill":"#FFED6F","fillOpacity":0.561,"stroke":"#FFED6F","strokeWidth":1.0,"source":"Google My Maps 'RAK - MSW Sub-Sector Collection Routes' (PSD), exported 15 Sep 2026, with the map's own styling"}},{"type":"Feature","geometry":{"type":"Polygon","coordinates":[[[55.980226,25.701076],[55.980285,25.701342],[55.977117,25.70161],[55.977262,25.704402],[55.977297,25.705074],[55.977119,25.705101],[55.977044,25.705113],[55.973705,25.705627],[55.973262,25.705695],[55.973186,25.705021],[55.973001,25.704209],[55.973092,25.704195],[55.973022,25.703581],[55.972992,25.703466],[55.972109,25.699483],[55.969301,25.70019],[55.968709,25.700269],[55.967999,25.700407],[55.96777,25.700459],[55.967797,25.700526],[55.967719,25.700545],[55.967357,25.699606],[55.967291,25.699425],[55.967231,25.699241],[55.967179,25.699056],[55.967133,25.698869],[55.967094,25.698681],[55.967062,25.698492],[55.967037,25.698302],[55.96702,25.698111],[55.967009,25.69792],[55.967006,25.697729],[55.967009,25.697538],[55.96702,25.697346],[55.967038,25.697156],[55.967063,25.696966],[55.967095,25.696777],[55.967134,25.696589],[55.96718,25.696402],[55.967232,25.696217],[55.967462,25.695311],[55.967463,25.695141],[55.967505,25.695142],[55.967577,25.694856],[55.967854,25.693765],[55.967905,25.69355],[55.967948,25.693333],[55.967983,25.693115],[55.968011,25.692897],[55.968032,25.692677],[55.968044,25.692458],[55.96805,25.692237],[55.968047,25.692017],[55.968036,25.691792],[55.968018,25.691568],[55.967991,25.691344],[55.967957,25.691121],[55.967914,25.690899],[55.967864,25.690679],[55.967396,25.689202],[55.9672,25.688585],[55.96711,25.688283],[55.967031,25.687978],[55.966963,25.687671],[55.966905,25.687362],[55.967629,25.687287],[55.967986,25.687207],[55.971428,25.686373],[55.971421,25.686522],[55.971622,25.686533],[55.971622,25.686541],[55.971917,25.686551],[55.972558,25.686588],[55.973588,25.686678],[55.973984,25.686853],[55.975105,25.686602],[55.975329,25.686543],[55.977526,25.686084],[55.97918,25.685833],[55.978998,25.686091],[55.978975,25.686116],[55.978936,25.686178],[55.978832,25.686327],[55.978739,25.686448],[55.978723,25.68647],[55.978602,25.686603],[55.978481,25.68672],[55.978402,25.686809],[55.978369,25.68686],[55.978858,25.686911],[55.979867,25.687018],[55.980502,25.687128],[55.980602,25.687137],[55.981225,25.687193],[55.981351,25.68718],[55.981353,25.687184],[55.982644,25.687165],[55.984742,25.686891],[55.98712,25.686058],[55.987122,25.686042],[55.987338,25.685968],[55.987786,25.681194],[55.99088,25.681311],[55.990919,25.680442],[55.991289,25.680445],[55.991259,25.680234],[55.992167,25.680132],[55.992168,25.680089],[55.992467,25.680092],[55.992528,25.680092],[55.99338,25.679997],[55.993381,25.680018],[55.994832,25.679902],[55.995235,25.679839],[55.996852,25.679781],[55.996841,25.679625],[55.997107,25.679602],[55.99679,25.678889],[55.996639,25.678281],[55.996619,25.677935],[55.996629,25.677564],[55.996639,25.677196],[55.99669,25.677066],[55.996825,25.676565],[55.996798,25.675769],[55.996795,25.6757],[55.996772,25.675026],[55.996719,25.673468],[55.997179,25.673364],[55.998183,25.673137],[55.998143,25.673022],[55.997964,25.672338],[55.998245,25.668423],[55.998002,25.668321],[55.998305,25.667602],[55.998393,25.667391],[55.998688,25.666691],[55.999046,25.666942],[55.999881,25.667534],[55.99997,25.667543],[56.000077,25.667303],[56.000821,25.667625],[56.001633,25.667703],[56.00168,25.666957],[56.001704,25.666573],[56.001753,25.665787],[56.002657,25.665879],[56.004282,25.665917],[56.004244,25.66653],[56.004185,25.667455],[56.003898,25.672005],[56.004027,25.673713],[56.00409,25.67456],[56.004198,25.675989],[56.00447,25.67785],[56.004496,25.678458],[56.004559,25.678463],[56.004714,25.679523],[56.004824,25.679519],[56.005089,25.68219],[56.007436,25.682194],[56.008091,25.684292],[56.008546,25.684259],[56.009091,25.684433],[56.012051,25.685808],[56.012131,25.685847],[56.012213,25.685884],[56.012296,25.685918],[56.01238,25.68595],[56.012466,25.685978],[56.012552,25.686005],[56.012639,25.686028],[56.012728,25.686049],[56.012817,25.686067],[56.012906,25.686082],[56.012997,25.686095],[56.013087,25.686104],[56.013178,25.686111],[56.013269,25.686115],[56.01336,25.686116],[56.013452,25.686114],[56.013543,25.68611],[56.013633,25.686103],[56.013724,25.686092],[56.013814,25.686079],[56.013904,25.686064],[56.013992,25.686045],[56.014081,25.686024],[56.014168,25.686],[56.014254,25.685973],[56.014337,25.68596],[56.01442,25.68595],[56.014504,25.685942],[56.014588,25.685937],[56.014672,25.685934],[56.014756,25.685934],[56.014841,25.685936],[56.014925,25.685941],[56.014931,25.685942],[56.014937,25.685943],[56.014944,25.685944],[56.01495,25.685945],[56.014956,25.685946],[56.014962,25.685948],[56.014968,25.68595],[56.014974,25.685952],[56.01498,25.685954],[56.014986,25.685956],[56.014992,25.685958],[56.014997,25.685961],[56.015003,25.685964],[56.015008,25.685967],[56.015013,25.68597],[56.015019,25.685973],[56.015024,25.685977],[56.015029,25.68598],[56.015033,25.685984],[56.015038,25.685988],[56.015043,25.685992],[56.015047,25.685996],[56.015051,25.686001],[56.015055,25.686005],[56.015059,25.68601],[56.015063,25.686014],[56.015066,25.686019],[56.015069,25.686024],[56.015072,25.686029],[56.015075,25.686034],[56.015078,25.686039],[56.015081,25.686045],[56.015083,25.68605],[56.015085,25.686056],[56.015087,25.686061],[56.015089,25.686067],[56.01509,25.686072],[56.015092,25.686078],[56.015239,25.68726],[56.01527,25.687508],[56.015276,25.68755],[56.017037,25.687468],[56.017246,25.687482],[56.02116,25.688182],[56.021163,25.688046],[56.032495,25.690097],[56.032545,25.692724],[56.028139,25.692622],[56.026999,25.692595],[56.026278,25.692578],[56.026275,25.69261],[56.026249,25.692605],[56.026155,25.692575],[56.024568,25.692538],[56.024567,25.692539],[56.024547,25.692538],[56.021042,25.693372],[56.020985,25.696446],[56.016015,25.697837],[56.015883,25.697449],[56.014706,25.697778],[56.013142,25.69758],[56.013142,25.697576],[56.01255,25.697501],[56.01255,25.697505],[56.011248,25.69734],[56.010768,25.695693],[56.010616,25.695738],[56.009251,25.696528],[56.007765,25.696518],[56.00787,25.696182],[56.007677,25.696143],[56.007038,25.696162],[56.004958,25.696223],[56.004836,25.696227],[56.004655,25.696287],[56.004472,25.696341],[56.004286,25.696389],[56.004099,25.696431],[56.00391,25.696466],[56.00372,25.696495],[56.003529,25.696518],[56.003336,25.696534],[56.003144,25.696544],[56.002951,25.696547],[56.002758,25.696544],[56.002565,25.696534],[56.002373,25.696518],[56.002182,25.696496],[56.001992,25.696467],[56.001803,25.696432],[56.000338,25.696132],[56.000313,25.69611],[56.000213,25.696073],[55.999925,25.695954],[55.999488,25.695825],[55.999319,25.695796],[55.999089,25.695761],[55.999017,25.695774],[55.998828,25.695823],[55.998449,25.695746],[55.995931,25.695198],[55.995963,25.695306],[55.995879,25.69562],[55.996074,25.696242],[55.993871,25.696683],[55.993917,25.696796],[55.99398,25.696948],[55.994095,25.697779],[55.994111,25.697896],[55.988831,25.699477],[55.988793,25.699458],[55.988739,25.69943],[55.988481,25.699554],[55.98836,25.699614],[55.988154,25.699704],[55.987726,25.699891],[55.987233,25.700108],[55.986977,25.700233],[55.986938,25.700257],[55.986856,25.700362],[55.986845,25.700384],[55.986816,25.7005],[55.986822,25.700589],[55.986829,25.700647],[55.985938,25.700862],[55.985375,25.700782],[55.983803,25.701213],[55.983628,25.700793],[55.983068,25.700988],[55.983023,25.701013],[55.982988,25.701054],[55.982974,25.701091],[55.982972,25.701115],[55.982383,25.701051],[55.980819,25.701282],[55.980798,25.701131],[55.980762,25.700861],[55.980226,25.701076]]]},"properties":{"layer":"Area Name","name":"5A - AL FAHLAIN","sectorNo":"5","subSector":"5A","kind":"area","areaKm2":10.128,"fill":"#FFED6F","fillOpacity":0.561,"stroke":"#FFED6F","strokeWidth":1.0,"source":"Google My Maps 'RAK - MSW Sub-Sector Collection Routes' (PSD), exported 15 Sep 2026, with the map's own styling"}},{"type":"Feature","geometry":{"type":"Polygon","coordinates":[[[55.892628,25.651431],[55.888858,25.653092],[55.889571,25.654423],[55.888561,25.654841],[55.890599,25.65723],[55.891654,25.658787],[55.892345,25.659988],[55.892893,25.661064],[55.893184,25.661644],[55.89385,25.662971],[55.895387,25.665992],[55.890918,25.667818],[55.888061,25.669054],[55.885862,25.669998],[55.885859,25.669999],[55.885394,25.670195],[55.884863,25.670392],[55.884014,25.670659],[55.883475,25.670782],[55.88057,25.671326],[55.880417,25.671132],[55.880323,25.671016],[55.880167,25.670827],[55.880007,25.67064],[55.879844,25.670456],[55.879708,25.670307],[55.879576,25.670171],[55.87913,25.669711],[55.878933,25.669507],[55.877861,25.668426],[55.877343,25.667904],[55.877249,25.667809],[55.876936,25.667494],[55.876877,25.667435],[55.876624,25.667179],[55.876181,25.666733],[55.87489,25.665431],[55.874585,25.665123],[55.874247,25.664787],[55.873908,25.664458],[55.873565,25.664133],[55.873217,25.663812],[55.872865,25.663495],[55.872509,25.663181],[55.872149,25.662873],[55.871784,25.662568],[55.871415,25.662267],[55.870347,25.661437],[55.869937,25.661134],[55.869522,25.660835],[55.869103,25.660542],[55.868644,25.660225],[55.858336,25.653103],[55.857866,25.65279],[55.858861,25.651607],[55.860171,25.65005],[55.861222,25.649044],[55.86225,25.648275],[55.863125,25.647748],[55.864518,25.647263],[55.86622,25.646854],[55.86789,25.646634],[55.869684,25.646586],[55.871412,25.646647],[55.872367,25.646681],[55.88093,25.646985],[55.877206,25.642267],[55.871657,25.635236],[55.881649,25.630827],[55.884291,25.636097],[55.884495,25.636503],[55.889498,25.645835],[55.8896,25.64579],[55.892628,25.651431]]]},"properties":{"layer":"Area Name","name":"6A - BUTAIN AL SAMER","sectorNo":"6","subSector":"6A","kind":"area","areaKm2":7.989,"fill":"#E8BEFF","fillOpacity":0.431,"stroke":"#E8BEFF","strokeWidth":1.0,"source":"Google My Maps 'RAK - MSW Sub-Sector Collection Routes' (PSD), exported 15 Sep 2026, with the map's own styling"}},{"type":"Feature","geometry":{"type":"Polygon","coordinates":[[[56.074126,25.637383],[56.024019,25.637056],[56.023725,25.634482],[56.019238,25.635374],[56.015408,25.636163],[56.015031,25.634633],[56.015719,25.63446],[56.016401,25.634265],[56.01884,25.633512],[56.018649,25.632996],[56.017893,25.631821],[56.017344,25.631776],[56.017436,25.630969],[56.017449,25.63086],[56.017563,25.629865],[56.017125,25.629831],[56.017121,25.629831],[56.017323,25.628978],[56.017068,25.628445],[56.018095,25.628033],[56.018587,25.627995],[56.019098,25.627777],[56.019537,25.627718],[56.019556,25.627744],[56.020066,25.627656],[56.020084,25.627646],[56.021959,25.627398],[56.021986,25.627376],[56.022005,25.627367],[56.022028,25.627354],[56.022047,25.627344],[56.02195,25.627098],[56.021922,25.626976],[56.021991,25.626958],[56.022016,25.626997],[56.022064,25.626984],[56.022082,25.627066],[56.022239,25.627245],[56.022263,25.627286],[56.022276,25.627314],[56.022294,25.627353],[56.022901,25.627273],[56.02219,25.621046],[56.022018,25.620934],[56.019047,25.621501],[56.01857,25.621592],[56.018374,25.621287],[56.018394,25.62128],[56.018537,25.621215],[56.018624,25.621151],[56.018632,25.620839],[56.01846,25.620754],[56.018455,25.620751],[56.01807,25.620797],[56.017568,25.620678],[56.017418,25.620749],[56.017425,25.620803],[56.017474,25.621156],[56.017444,25.621273],[56.017141,25.621382],[56.01716,25.621706],[56.017171,25.621793],[56.015456,25.621982],[56.014809,25.622495],[56.014823,25.622824],[56.014818,25.62344],[56.015094,25.624207],[56.015185,25.624441],[56.013911,25.624869],[56.013941,25.624899],[56.013676,25.624979],[56.013665,25.624951],[56.012508,25.62534],[56.011416,25.625539],[56.011708,25.626835],[56.009971,25.627179],[56.008943,25.627369],[56.006703,25.627389],[56.00082,25.627347],[56.000868,25.62618],[56.000906,25.624865],[56.000907,25.624822],[56.001058,25.619841],[56.00105,25.619741],[56.001046,25.619641],[56.001046,25.619541],[56.00105,25.619441],[56.001057,25.619341],[56.001069,25.619241],[56.001084,25.619142],[56.001103,25.619043],[56.001126,25.618945],[56.001153,25.618848],[56.001183,25.618752],[56.001217,25.618657],[56.001255,25.618562],[56.001296,25.61847],[56.001341,25.618378],[56.001389,25.618288],[56.000353,25.617596],[56.000352,25.617475],[56.00021,25.617501],[55.999165,25.616803],[56.000183,25.614163],[56.003357,25.610871],[56.003844,25.611113],[56.004071,25.611226],[56.004675,25.611526],[56.004555,25.611686],[56.004123,25.612258],[56.004213,25.612358],[56.004646,25.612835],[56.005119,25.613357],[56.005946,25.613076],[56.006368,25.612933],[56.006792,25.612935],[56.008662,25.610139],[56.010415,25.608797],[56.012681,25.611847],[56.013356,25.612251],[56.014296,25.612815],[56.021103,25.611523],[56.041924,25.607572],[56.058239,25.608508],[56.061148,25.613448],[56.06237,25.616409],[56.06479,25.61758],[56.070916,25.613619],[56.074126,25.637383]]]},"properties":{"layer":"Area Name","name":"5A - KHATT","sectorNo":"5","subSector":"5A","kind":"area","areaKm2":18.543,"fill":"#FFED6F","fillOpacity":0.478,"stroke":"#FFED6F","strokeWidth":1.0,"source":"Google My Maps 'RAK - MSW Sub-Sector Collection Routes' (PSD), exported 15 Sep 2026, with the map's own styling"}},{"type":"Feature","geometry":{"type":"Polygon","coordinates":[[[55.949609,25.579923],[55.949486,25.580645],[55.948633,25.583167],[55.947918,25.585204],[55.947877,25.58536],[55.947626,25.586299],[55.947178,25.58791],[55.947143,25.588035],[55.947121,25.588116],[55.947077,25.58809],[55.946373,25.587811],[55.946101,25.587732],[55.945749,25.587563],[55.94559,25.587499],[55.945259,25.58741],[55.944103,25.587096],[55.943003,25.584417],[55.942544,25.582725],[55.942413,25.581889],[55.942416,25.581873],[55.942418,25.581856],[55.94242,25.58184],[55.942421,25.581823],[55.942422,25.581807],[55.942421,25.58179],[55.942421,25.581774],[55.942419,25.581757],[55.942417,25.581741],[55.942415,25.581725],[55.942412,25.581709],[55.942408,25.581692],[55.942403,25.581676],[55.942295,25.579726],[55.942169,25.578686],[55.941943,25.576904],[55.941902,25.57658],[55.941765,25.575856],[55.941553,25.575174],[55.941416,25.574868],[55.941186,25.574356],[55.941063,25.574086],[55.940947,25.573814],[55.939308,25.570585],[55.938615,25.568844],[55.938562,25.568705],[55.938512,25.568566],[55.938465,25.568425],[55.938151,25.567526],[55.938108,25.567358],[55.93807,25.567189],[55.938038,25.567019],[55.937978,25.566354],[55.93784,25.566365],[55.937846,25.566423],[55.936335,25.566548],[55.934824,25.566672],[55.934593,25.566691],[55.934588,25.566692],[55.933305,25.566798],[55.931619,25.567028],[55.930621,25.5672],[55.930186,25.567238],[55.930192,25.567274],[55.930112,25.567288],[55.929101,25.55733],[55.929083,25.557332],[55.929285,25.550888],[55.929311,25.546593],[55.927314,25.544809],[55.937987,25.539073],[55.940674,25.538019],[55.947876,25.534355],[55.948161,25.534208],[55.97806,25.518852],[55.97965,25.518035],[55.981368,25.517152],[55.981512,25.517075],[55.981653,25.516993],[55.981791,25.516908],[55.981926,25.516818],[55.982058,25.516724],[55.982185,25.516626],[55.98231,25.516524],[55.98243,25.516418],[55.982546,25.516309],[55.982658,25.516196],[55.982765,25.516079],[55.982869,25.51596],[55.982968,25.515837],[55.983062,25.515712],[55.984165,25.514185],[55.984242,25.514082],[55.984324,25.513981],[55.98441,25.513883],[55.984499,25.513788],[55.984591,25.513695],[55.984688,25.513606],[55.984787,25.513519],[55.98489,25.513436],[55.984996,25.513356],[55.985105,25.513279],[55.985217,25.513206],[55.985331,25.513137],[55.985448,25.513071],[55.985568,25.513008],[55.985689,25.51295],[55.985813,25.512895],[55.985939,25.512845],[55.986067,25.512798],[55.986197,25.512756],[55.986328,25.512717],[55.98646,25.512683],[55.986581,25.512655],[55.986702,25.512631],[55.986825,25.512611],[55.986948,25.512593],[55.987071,25.51258],[55.987195,25.51257],[55.9873,25.512564],[55.987405,25.512561],[55.98751,25.51256],[55.990215,25.512476],[55.990305,25.517865],[55.99122,25.517956],[55.98913,25.532231],[55.989102,25.532424],[55.98869,25.532427],[55.988619,25.533136],[55.988564,25.533564],[55.988499,25.533946],[55.988404,25.53439],[55.988203,25.53501],[55.987687,25.536231],[55.986949,25.537412],[55.985558,25.53859],[55.983406,25.540673],[55.980614,25.543378],[55.980495,25.543493],[55.976678,25.547189],[55.97572,25.548633],[55.975199,25.550014],[55.975117,25.551068],[55.974912,25.5523],[55.974887,25.552451],[55.973951,25.57531],[55.97312,25.574955],[55.972974,25.574894],[55.972928,25.574876],[55.97287,25.574852],[55.972751,25.574808],[55.972057,25.57454],[55.968281,25.573092],[55.968278,25.573157],[55.968194,25.575483],[55.952311,25.575012],[55.952135,25.575007],[55.94977,25.574967],[55.949609,25.579923]]]},"properties":{"layer":"Area Name","name":"5B - AL MADFAQ","sectorNo":"5","subSector":"5B","kind":"area","areaKm2":25.969,"fill":"#795548","fillOpacity":0.369,"stroke":"#795548","strokeWidth":1.0,"source":"Google My Maps 'RAK - MSW Sub-Sector Collection Routes' (PSD), exported 15 Sep 2026, with the map's own styling"}},{"type":"Feature","geometry":{"type":"MultiPolygon","coordinates":[[[[56.109127,25.753672],[56.103448,25.753469],[56.063126,25.752022],[56.051057,25.751587],[56.050774,25.750557],[56.050529,25.749518],[56.050322,25.748472],[56.050154,25.747421],[56.050025,25.746366],[56.049935,25.745307],[56.049885,25.744246],[56.049874,25.743184],[56.049902,25.742122],[56.049969,25.741062],[56.050076,25.740004],[56.050222,25.73895],[56.050406,25.737901],[56.050629,25.736859],[56.050854,25.735954],[56.051109,25.735056],[56.051393,25.734166],[56.051707,25.733283],[56.05205,25.73241],[56.052421,25.731546],[56.052695,25.729626],[56.052903,25.727698],[56.053042,25.725766],[56.053114,25.723831],[56.053117,25.72176],[56.053043,25.71969],[56.052892,25.717623],[56.052665,25.715563],[56.052361,25.71351],[56.051982,25.711468],[56.051527,25.709438],[56.050997,25.707424],[56.050393,25.705426],[56.049715,25.703448],[56.048964,25.701492],[56.048573,25.700576],[56.048596,25.700568],[56.048565,25.700491],[56.048541,25.7005],[56.048141,25.69956],[56.048163,25.697293],[56.048258,25.695028],[56.048239,25.69502],[56.046935,25.692951],[56.046883,25.692897],[56.046829,25.692844],[56.046773,25.692793],[56.047054,25.692797],[56.047605,25.69266],[56.047925,25.692434],[56.048327,25.692386],[56.048455,25.692431],[56.048457,25.692415],[56.048751,25.689809],[56.049142,25.687213],[56.049627,25.684631],[56.050207,25.682064],[56.050792,25.679833],[56.051448,25.677618],[56.052175,25.675422],[56.052972,25.673245],[56.053839,25.671091],[56.054944,25.668594],[56.056142,25.666133],[56.057432,25.66371],[56.058813,25.661329],[56.060282,25.658991],[56.061839,25.656701],[56.063481,25.65446],[56.065207,25.652272],[56.067014,25.650138],[56.0689,25.648061],[56.070864,25.646044],[56.072902,25.644088],[56.092405,25.63901],[56.103833,25.638378],[56.103556,25.675381],[56.159739,25.675716],[56.15568,25.68681],[56.164857,25.716932],[56.142735,25.716418],[56.107961,25.715604],[56.109074,25.719139],[56.109075,25.719852],[56.109169,25.720265],[56.111529,25.722583],[56.111686,25.725316],[56.113625,25.727417],[56.115609,25.73101],[56.119182,25.733028],[56.129377,25.732876],[56.120201,25.737462],[56.117571,25.738565],[56.112539,25.738391],[56.111448,25.738484],[56.10949,25.737754],[56.109103,25.737664],[56.109127,25.753672]]],[[[56.160437,25.755494],[56.13448,25.754575],[56.134563,25.75267],[56.133334,25.752181],[56.133571,25.747173],[56.133143,25.74717],[56.133284,25.746153],[56.133286,25.745746],[56.133833,25.744733],[56.133699,25.744668],[56.133553,25.744364],[56.133434,25.744117],[56.133561,25.744033],[56.133511,25.743758],[56.133566,25.743575],[56.133796,25.743214],[56.133798,25.7429],[56.133986,25.742535],[56.133848,25.742215],[56.133852,25.741631],[56.133855,25.741281],[56.133944,25.739122],[56.133094,25.735482],[56.134752,25.733973],[56.139211,25.731076],[56.142642,25.729432],[56.147094,25.7315],[56.153051,25.730684],[56.155827,25.730398],[56.162579,25.729548],[56.166684,25.729571],[56.160437,25.755494]]]]},"properties":{"layer":"Area Name","name":"5A - WADI NAQAB","sectorNo":"5","subSector":"5A","kind":"area","areaKm2":98.82,"fill":"#FFED6F","fillOpacity":0.58,"stroke":"#FFED6F","strokeWidth":1.0,"source":"Google My Maps 'RAK - MSW Sub-Sector Collection Routes' (PSD), exported 15 Sep 2026, with the map's own styling"}},{"type":"Feature","geometry":{"type":"Polygon","coordinates":[[[56.133944,25.739122],[56.133855,25.741281],[56.133852,25.741631],[56.133848,25.742215],[56.133986,25.742535],[56.133798,25.7429],[56.133796,25.743214],[56.133566,25.743575],[56.133511,25.743758],[56.133561,25.744033],[56.133434,25.744117],[56.133553,25.744364],[56.133699,25.744668],[56.133833,25.744733],[56.133286,25.745746],[56.133284,25.746153],[56.133143,25.74717],[56.133571,25.747173],[56.133334,25.752181],[56.134563,25.75267],[56.13448,25.754575],[56.133223,25.75453],[56.109127,25.753672],[56.109103,25.737664],[56.10949,25.737754],[56.111448,25.738484],[56.112539,25.738391],[56.117571,25.738565],[56.120201,25.737462],[56.129377,25.732876],[56.119182,25.733028],[56.117225,25.731922],[56.115609,25.73101],[56.113625,25.727417],[56.111686,25.725316],[56.111529,25.722583],[56.109169,25.720265],[56.109075,25.719852],[56.109074,25.719139],[56.107961,25.715604],[56.142735,25.716418],[56.164857,25.716932],[56.167578,25.72586],[56.166684,25.729571],[56.162579,25.729548],[56.155827,25.730398],[56.153051,25.730684],[56.147094,25.7315],[56.142642,25.729432],[56.139211,25.731076],[56.134752,25.733973],[56.133094,25.735482],[56.133944,25.739122]]]},"properties":{"layer":"Area Name","name":"5A - WADI TABARA","sectorNo":"5","subSector":"5A","kind":"area","areaKm2":14.179,"fill":"#FFED6F","fillOpacity":0.541,"stroke":"#FFED6F","strokeWidth":1.0,"source":"Google My Maps 'RAK - MSW Sub-Sector Collection Routes' (PSD), exported 15 Sep 2026, with the map's own styling"}},{"type":"Feature","geometry":{"type":"Polygon","coordinates":[[[56.016645,25.645613],[56.017062,25.647335],[56.018051,25.647347],[56.017574,25.649168],[56.017662,25.651769],[56.016938,25.651794],[56.01699,25.651577],[56.016989,25.651577],[56.013953,25.651541],[56.013867,25.651899],[56.01137,25.651984],[56.01131,25.651982],[56.011316,25.651932],[56.009721,25.651882],[56.009709,25.651916],[56.009679,25.651995],[56.009145,25.651965],[56.008228,25.651913],[56.008164,25.65191],[56.007943,25.65286],[56.007679,25.653995],[56.007662,25.654067],[56.007585,25.654048],[56.007297,25.655003],[56.007279,25.655284],[56.007244,25.65528],[56.007268,25.655459],[56.007266,25.655485],[56.007272,25.655486],[56.007272,25.655492],[56.007255,25.655665],[56.007132,25.656873],[56.007128,25.656995],[56.007062,25.659297],[56.007371,25.659335],[56.008007,25.659484],[56.008025,25.659489],[56.008961,25.659743],[56.00918,25.659844],[56.009259,25.659872],[56.00944,25.659945],[56.009643,25.660029],[56.010451,25.660358],[56.010768,25.660496],[56.011026,25.660624],[56.011084,25.660697],[56.011105,25.660724],[56.011363,25.660861],[56.011853,25.661304],[56.011904,25.661349],[56.011973,25.661396],[56.011891,25.661545],[56.011502,25.663505],[56.011322,25.663809],[56.01113,25.665134],[56.011649,25.665225],[56.011475,25.666144],[56.010606,25.666007],[56.010153,25.666836],[56.00981,25.6666],[56.009647,25.666429],[56.009009,25.66576],[56.00843,25.66696],[56.008268,25.667547],[56.008251,25.667623],[56.008141,25.667602],[56.007751,25.667531],[56.007233,25.667436],[56.006755,25.667348],[56.006664,25.667331],[56.006466,25.667294],[56.005406,25.667556],[56.004185,25.667455],[56.004244,25.66653],[56.004282,25.665917],[56.002657,25.665879],[56.001753,25.665787],[56.001704,25.666573],[56.00168,25.666957],[56.001633,25.667703],[56.000821,25.667625],[56.000077,25.667303],[55.99997,25.667543],[55.999881,25.667534],[55.999046,25.666942],[55.998688,25.666691],[55.998393,25.667391],[55.998305,25.667602],[55.998002,25.668321],[55.998245,25.668423],[55.997964,25.672338],[55.998143,25.673022],[55.998183,25.673137],[55.997179,25.673364],[55.996719,25.673468],[55.996772,25.675026],[55.996795,25.6757],[55.996798,25.675769],[55.996825,25.676565],[55.99669,25.677066],[55.996639,25.677196],[55.996629,25.677564],[55.996619,25.677935],[55.996639,25.678281],[55.99679,25.678889],[55.997107,25.679602],[55.996841,25.679625],[55.996852,25.679781],[55.995235,25.679839],[55.994832,25.679902],[55.993381,25.680018],[55.99338,25.679997],[55.992528,25.680092],[55.992467,25.680092],[55.992168,25.680089],[55.992167,25.680132],[55.991259,25.680234],[55.991289,25.680445],[55.990919,25.680442],[55.99088,25.681311],[55.987786,25.681194],[55.987338,25.685968],[55.987122,25.686042],[55.98712,25.686058],[55.984742,25.686891],[55.982644,25.687165],[55.981353,25.687184],[55.981351,25.68718],[55.981225,25.687193],[55.980602,25.687137],[55.980502,25.687128],[55.979867,25.687018],[55.978858,25.686911],[55.978369,25.68686],[55.978402,25.686809],[55.978481,25.68672],[55.978602,25.686603],[55.978723,25.68647],[55.978739,25.686448],[55.978832,25.686327],[55.978936,25.686178],[55.978975,25.686116],[55.978998,25.686091],[55.97918,25.685833],[55.979803,25.684949],[55.979574,25.684551],[55.979321,25.684484],[55.979068,25.683963],[55.978914,25.683697],[55.978843,25.683545],[55.97885,25.682977],[55.979142,25.682547],[55.979861,25.681867],[55.979953,25.681787],[55.980814,25.681276],[55.980324,25.680347],[55.980056,25.680145],[55.979892,25.680034],[55.979836,25.679755],[55.979814,25.679697],[55.97979,25.679641],[55.979773,25.679583],[55.979729,25.679505],[55.979717,25.679476],[55.979669,25.679397],[55.979627,25.67931],[55.979578,25.679209],[55.979548,25.679156],[55.97951,25.679067],[55.979487,25.678946],[55.979463,25.678888],[55.979469,25.678885],[55.979264,25.678601],[55.979131,25.67825],[55.979112,25.67815],[55.979049,25.67802],[55.978962,25.677864],[55.978915,25.677747],[55.978875,25.677648],[55.978874,25.677645],[55.978906,25.677567],[55.978917,25.677563],[55.979999,25.67696],[55.981198,25.676287],[55.97933,25.673545],[55.978963,25.673448],[55.978819,25.672856],[55.978687,25.671714],[55.978624,25.671719],[55.978666,25.670765],[55.978619,25.67008],[55.977965,25.670144],[55.977808,25.670022],[55.977451,25.669812],[55.977688,25.6696],[55.977665,25.669557],[55.976251,25.666975],[55.977235,25.666697],[55.977205,25.666559],[55.977509,25.666474],[55.977354,25.665122],[55.977341,25.665047],[55.977336,25.664969],[55.977311,25.664751],[55.97718,25.664767],[55.977175,25.664744],[55.977156,25.664487],[55.97714,25.664375],[55.976938,25.663464],[55.976815,25.662919],[55.976801,25.662867],[55.976793,25.662838],[55.976779,25.662811],[55.976687,25.662565],[55.978068,25.662033],[55.977898,25.659955],[55.976534,25.660089],[55.976019,25.65968],[55.97565,25.65795],[55.975385,25.657964],[55.975369,25.657888],[55.97515,25.656725],[55.975033,25.656107],[55.974993,25.656114],[55.974426,25.653438],[55.974248,25.653474],[55.974151,25.652899],[55.974061,25.652359],[55.974192,25.652331],[55.973772,25.650347],[55.973741,25.6502],[55.973724,25.650197],[55.973702,25.650193],[55.973334,25.650121],[55.973331,25.650121],[55.973278,25.650112],[55.973124,25.650087],[55.972977,25.650064],[55.972744,25.650026],[55.972716,25.650022],[55.973278,25.648016],[55.972927,25.646359],[55.972789,25.646383],[55.972535,25.645081],[55.972653,25.645061],[55.97186,25.641318],[55.971298,25.641339],[55.971362,25.640829],[55.971449,25.640135],[55.971509,25.63966],[55.971273,25.638543],[55.971432,25.637647],[55.97142,25.637648],[55.971591,25.633896],[55.971137,25.633962],[55.970981,25.633985],[55.970772,25.634036],[55.970782,25.633976],[55.971129,25.63392],[55.971794,25.633813],[55.971953,25.632778],[55.971967,25.632685],[55.972127,25.631649],[55.97206,25.631651],[55.97191,25.631657],[55.971882,25.630456],[55.97188,25.630365],[55.971846,25.628881],[55.972424,25.628647],[55.97238,25.628032],[55.973025,25.625663],[55.973021,25.625349],[55.974164,25.621795],[55.974015,25.618633],[55.97475,25.618442],[55.974703,25.617635],[55.973612,25.617655],[55.9737,25.614905],[55.973703,25.614898],[55.974382,25.614862],[55.974206,25.612847],[55.974206,25.612648],[55.974512,25.612595],[55.982319,25.611539],[55.982325,25.611768],[55.98246,25.613094],[55.982681,25.61619],[55.982699,25.616751],[55.982463,25.616772],[55.982623,25.622629],[55.982706,25.622612],[55.985357,25.622043],[55.988003,25.620057],[55.98938,25.619547],[55.990214,25.624867],[55.998147,25.619441],[55.999165,25.616803],[56.00021,25.617501],[56.000352,25.617475],[56.000353,25.617596],[56.001389,25.618288],[56.001341,25.618378],[56.001296,25.61847],[56.001255,25.618562],[56.001217,25.618657],[56.001183,25.618752],[56.001153,25.618848],[56.001126,25.618945],[56.001103,25.619043],[56.001084,25.619142],[56.001069,25.619241],[56.001057,25.619341],[56.00105,25.619441],[56.001046,25.619541],[56.001046,25.619641],[56.00105,25.619741],[56.001058,25.619841],[56.000907,25.624822],[56.000906,25.624865],[56.000868,25.62618],[56.00082,25.627347],[56.000728,25.628829],[56.000603,25.630309],[56.000527,25.630963],[56.000431,25.631615],[56.000408,25.631753],[56.000276,25.632451],[56.000121,25.633145],[55.999943,25.633835],[55.99989,25.634024],[55.999316,25.635834],[55.997633,25.640826],[55.997205,25.642092],[56.00042,25.642463],[56.003469,25.633723],[56.003844,25.636513],[56.003981,25.638301],[56.00405,25.638438],[56.006359,25.642985],[56.010608,25.642666],[56.010323,25.645022],[56.010263,25.645516],[56.010519,25.645572],[56.010545,25.645753],[56.010541,25.645753],[56.01071,25.646926],[56.010734,25.647134],[56.01177,25.647141],[56.012066,25.647209],[56.01539,25.645098],[56.015736,25.645535],[56.016018,25.645891],[56.016271,25.645726],[56.0163,25.645709],[56.01633,25.645693],[56.016369,25.645676],[56.016409,25.645663],[56.016451,25.645653],[56.01647,25.645649],[56.016505,25.645643],[56.016645,25.645613]]]},"properties":{"layer":"Area Name","name":"5A - AL SHAAGI","sectorNo":"5","subSector":"5A","kind":"area","areaKm2":20.93,"fill":"#FFED6F","fillOpacity":0.529,"stroke":"#FFED6F","strokeWidth":1.0,"source":"Google My Maps 'RAK - MSW Sub-Sector Collection Routes' (PSD), exported 15 Sep 2026, with the map's own styling"}},{"type":"Feature","geometry":{"type":"Polygon","coordinates":[[[56.047925,25.692434],[56.047605,25.69266],[56.047054,25.692797],[56.046773,25.692793],[56.046715,25.692743],[56.046655,25.692696],[56.046593,25.69265],[56.04653,25.692606],[56.046465,25.692564],[56.046399,25.692525],[56.046331,25.692487],[56.046262,25.692451],[56.046191,25.692417],[56.04612,25.692386],[56.046047,25.692357],[56.045973,25.69233],[56.045898,25.692305],[56.045823,25.692282],[56.032465,25.68854],[56.032495,25.690097],[56.021163,25.688046],[56.021205,25.685766],[56.021308,25.682769],[56.021261,25.682769],[56.017674,25.682741],[56.017301,25.682642],[56.01456,25.681378],[56.011331,25.679888],[56.010074,25.68211],[56.009772,25.68197],[56.007503,25.682194],[56.007436,25.682194],[56.005089,25.68219],[56.004824,25.679519],[56.004714,25.679523],[56.004559,25.678463],[56.004496,25.678458],[56.00447,25.67785],[56.004198,25.675989],[56.00409,25.67456],[56.004027,25.673713],[56.003898,25.672005],[56.004185,25.667455],[56.005406,25.667556],[56.006466,25.667294],[56.006664,25.667331],[56.006755,25.667348],[56.007233,25.667436],[56.007751,25.667531],[56.008141,25.667602],[56.008251,25.667623],[56.008268,25.667547],[56.00843,25.66696],[56.009009,25.66576],[56.009647,25.666429],[56.00981,25.6666],[56.010153,25.666836],[56.010606,25.666007],[56.011475,25.666144],[56.011649,25.665225],[56.01113,25.665134],[56.011322,25.663809],[56.011502,25.663505],[56.011891,25.661545],[56.011973,25.661396],[56.011904,25.661349],[56.011853,25.661304],[56.011363,25.660861],[56.011105,25.660724],[56.011084,25.660697],[56.011026,25.660624],[56.010768,25.660496],[56.010451,25.660358],[56.009643,25.660029],[56.00944,25.659945],[56.009259,25.659872],[56.00918,25.659844],[56.008961,25.659743],[56.008025,25.659489],[56.008007,25.659484],[56.007371,25.659335],[56.007062,25.659297],[56.007128,25.656995],[56.007132,25.656873],[56.007255,25.655665],[56.007272,25.655492],[56.007272,25.655486],[56.007266,25.655485],[56.007268,25.655459],[56.007244,25.65528],[56.007279,25.655284],[56.007297,25.655003],[56.007585,25.654048],[56.007662,25.654067],[56.007679,25.653995],[56.007943,25.65286],[56.008164,25.65191],[56.008228,25.651913],[56.009145,25.651965],[56.009679,25.651995],[56.009709,25.651916],[56.009721,25.651882],[56.011316,25.651932],[56.01131,25.651982],[56.01137,25.651984],[56.013867,25.651899],[56.013953,25.651541],[56.016989,25.651577],[56.01699,25.651577],[56.016938,25.651794],[56.017662,25.651769],[56.017574,25.649168],[56.018051,25.647347],[56.017062,25.647335],[56.016645,25.645613],[56.016505,25.645643],[56.01647,25.645649],[56.016451,25.645653],[56.016409,25.645663],[56.016369,25.645676],[56.01633,25.645693],[56.016315,25.645701],[56.016271,25.645726],[56.016018,25.645891],[56.015736,25.645535],[56.01539,25.645098],[56.012066,25.647209],[56.01177,25.647141],[56.010734,25.647134],[56.01071,25.646926],[56.010541,25.645753],[56.010545,25.645753],[56.010519,25.645572],[56.010263,25.645516],[56.010323,25.645022],[56.010608,25.642666],[56.006359,25.642985],[56.00405,25.638438],[56.004294,25.638389],[56.005001,25.638247],[56.005144,25.63823],[56.005286,25.63821],[56.005428,25.638184],[56.005568,25.638154],[56.005707,25.63812],[56.005845,25.638082],[56.005981,25.638039],[56.006115,25.637992],[56.006248,25.637941],[56.006378,25.637885],[56.006506,25.637826],[56.006632,25.637763],[56.006901,25.637622],[56.00708,25.637528],[56.007184,25.637692],[56.007769,25.637362],[56.008417,25.636996],[56.008589,25.636899],[56.008523,25.636774],[56.006798,25.633465],[56.006675,25.63323],[56.006678,25.632935],[56.006766,25.632898],[56.006707,25.632779],[56.006979,25.632667],[56.00725,25.632554],[56.00731,25.632672],[56.007311,25.632671],[56.008668,25.632429],[56.008843,25.632357],[56.01177,25.631802],[56.011632,25.631008],[56.012637,25.630777],[56.012787,25.63139],[56.014555,25.63105],[56.014326,25.630615],[56.014244,25.630458],[56.015026,25.630099],[56.01583,25.629731],[56.016221,25.629761],[56.016688,25.629797],[56.017121,25.629831],[56.017125,25.629831],[56.017563,25.629865],[56.017449,25.63086],[56.017436,25.630969],[56.017344,25.631776],[56.017893,25.631821],[56.018649,25.632996],[56.01884,25.633512],[56.016401,25.634265],[56.015719,25.63446],[56.015031,25.634633],[56.015408,25.636163],[56.019238,25.635374],[56.023725,25.634482],[56.024019,25.637056],[56.024557,25.641772],[56.024875,25.646786],[56.025171,25.647144],[56.02567,25.647749],[56.025172,25.648503],[56.025877,25.653325],[56.027578,25.653657],[56.026247,25.655975],[56.027553,25.657396],[56.029419,25.660361],[56.029279,25.661975],[56.029083,25.662297],[56.027887,25.67092],[56.032431,25.670951],[56.053839,25.671091],[56.052972,25.673245],[56.052175,25.675422],[56.051448,25.677618],[56.050792,25.679833],[56.050207,25.682064],[56.049627,25.684631],[56.049142,25.687213],[56.048751,25.689809],[56.048457,25.692415],[56.048455,25.692431],[56.048327,25.692386],[56.047925,25.692434]]]},"properties":{"layer":"Area Name","name":"5A - SEIH AL BEER","sectorNo":"5","subSector":"5A","kind":"area","areaKm2":15.58,"fill":"#FFED6F","fillOpacity":0.569,"stroke":"#FFED6F","strokeWidth":1.0,"source":"Google My Maps 'RAK - MSW Sub-Sector Collection Routes' (PSD), exported 15 Sep 2026, with the map's own styling"}},{"type":"Feature","geometry":{"type":"Polygon","coordinates":[[[55.967462,25.695311],[55.967232,25.696217],[55.96718,25.696402],[55.967134,25.696589],[55.967095,25.696777],[55.967063,25.696966],[55.967038,25.697156],[55.96702,25.697346],[55.967009,25.697538],[55.967006,25.697729],[55.967009,25.69792],[55.96702,25.698111],[55.967037,25.698302],[55.967062,25.698492],[55.967094,25.698681],[55.967133,25.698869],[55.967179,25.699056],[55.967231,25.699241],[55.967291,25.699425],[55.967357,25.699606],[55.967719,25.700545],[55.964916,25.701222],[55.962278,25.70186],[55.961025,25.702163],[55.956363,25.70329],[55.954935,25.70359],[55.952951,25.703951],[55.950954,25.704251],[55.944649,25.705268],[55.943172,25.705377],[55.938324,25.704654],[55.937892,25.704439],[55.93746,25.70422],[55.937037,25.703987],[55.936622,25.703742],[55.936217,25.703483],[55.935823,25.703212],[55.935438,25.702929],[55.925137,25.695],[55.922333,25.692925],[55.923083,25.690624],[55.922223,25.688888],[55.921839,25.688288],[55.922092,25.688018],[55.922643,25.688168],[55.923272,25.687871],[55.924256,25.687522],[55.924505,25.687415],[55.926689,25.685285],[55.926704,25.685245],[55.926648,25.685126],[55.92642,25.684449],[55.926395,25.684371],[55.927225,25.684092],[55.926833,25.68373],[55.926643,25.683555],[55.927212,25.683173],[55.927235,25.683157],[55.927845,25.682746],[55.927913,25.6827],[55.927698,25.68246],[55.930853,25.677833],[55.930742,25.677654],[55.930684,25.67756],[55.93039,25.677652],[55.930381,25.677427],[55.930374,25.677414],[55.930353,25.677363],[55.931358,25.677092],[55.932026,25.676111],[55.932129,25.676031],[55.933244,25.676351],[55.933255,25.675861],[55.932944,25.675465],[55.933074,25.675291],[55.933274,25.675026],[55.933302,25.674988],[55.933462,25.674988],[55.935108,25.6737],[55.936703,25.674357],[55.947003,25.678624],[55.948038,25.679052],[55.948029,25.679037],[55.948043,25.679],[55.948181,25.67894],[55.948346,25.679007],[55.948388,25.679024],[55.949098,25.679314],[55.949295,25.679394],[55.949296,25.679432],[55.94913,25.679505],[55.952501,25.680852],[55.951283,25.681147],[55.95155,25.682048],[55.951881,25.683217],[55.952602,25.685983],[55.953321,25.685664],[55.955098,25.688954],[55.95543,25.688807],[55.95735,25.692624],[55.957429,25.692617],[55.957702,25.692496],[55.957974,25.692376],[55.958246,25.692256],[55.958519,25.692136],[55.958545,25.692029],[55.960963,25.690961],[55.960758,25.690581],[55.96106,25.690448],[55.961885,25.690083],[55.962739,25.690017],[55.964888,25.68985],[55.965031,25.689829],[55.967396,25.689202],[55.967864,25.690679],[55.967914,25.690899],[55.967957,25.691121],[55.967991,25.691344],[55.968018,25.691568],[55.968036,25.691792],[55.968047,25.692017],[55.96805,25.692237],[55.968044,25.692458],[55.968032,25.692677],[55.968011,25.692897],[55.967983,25.693115],[55.967948,25.693333],[55.967905,25.69355],[55.967854,25.693765],[55.967577,25.694856],[55.967505,25.695142],[55.967463,25.695141],[55.967462,25.695311]]]},"properties":{"layer":"Area Name","name":"5B - SUHAILAH","sectorNo":"5","subSector":"5B","kind":"area","areaKm2":9.709,"fill":"#795548","fillOpacity":0.161,"stroke":"#795548","strokeWidth":1.0,"source":"Google My Maps 'RAK - MSW Sub-Sector Collection Routes' (PSD), exported 15 Sep 2026, with the map's own styling"}},{"type":"Feature","geometry":{"type":"Polygon","coordinates":[[[55.930374,25.677414],[55.930381,25.677427],[55.93039,25.677652],[55.930684,25.67756],[55.930742,25.677654],[55.930853,25.677833],[55.927698,25.68246],[55.927913,25.6827],[55.927845,25.682746],[55.927235,25.683157],[55.927212,25.683173],[55.926643,25.683555],[55.926833,25.68373],[55.927225,25.684092],[55.926395,25.684371],[55.92642,25.684449],[55.926648,25.685126],[55.926704,25.685245],[55.926689,25.685285],[55.924505,25.687415],[55.924256,25.687522],[55.923272,25.687871],[55.922643,25.688168],[55.922092,25.688018],[55.921839,25.688288],[55.922223,25.688888],[55.923083,25.690624],[55.922333,25.692925],[55.921403,25.692237],[55.918585,25.6901],[55.910614,25.684072],[55.906951,25.681296],[55.905177,25.679934],[55.904461,25.67933],[55.903005,25.677988],[55.902193,25.677148],[55.901827,25.676747],[55.901591,25.676488],[55.900788,25.67552],[55.900222,25.674774],[55.899628,25.673936],[55.899046,25.673062],[55.898547,25.672248],[55.895387,25.665992],[55.89385,25.662971],[55.893184,25.661644],[55.892893,25.661064],[55.892345,25.659988],[55.891654,25.658787],[55.890599,25.65723],[55.888561,25.654841],[55.889571,25.654423],[55.888858,25.653092],[55.892628,25.651431],[55.894686,25.655265],[55.902237,25.652281],[55.902088,25.651978],[55.90195,25.651671],[55.901825,25.651359],[55.901712,25.651044],[55.90161,25.650725],[55.901521,25.650404],[55.901445,25.650079],[55.901381,25.649753],[55.901329,25.649424],[55.901291,25.649095],[55.901264,25.648764],[55.901251,25.648432],[55.90125,25.648101],[55.901262,25.647769],[55.901287,25.647438],[55.901325,25.647108],[55.901375,25.64678],[55.901437,25.646453],[55.901512,25.646128],[55.901538,25.646028],[55.901628,25.645713],[55.901731,25.6454],[55.901844,25.645091],[55.90197,25.644785],[55.902107,25.644483],[55.902256,25.644186],[55.902416,25.643894],[55.902587,25.643607],[55.902769,25.643326],[55.902961,25.64305],[55.903164,25.642781],[55.903377,25.642518],[55.9036,25.642262],[55.903832,25.642013],[55.904074,25.641771],[55.904325,25.641538],[55.904584,25.641312],[55.904853,25.641094],[55.905129,25.640885],[55.905413,25.640685],[55.905704,25.640494],[55.906003,25.640312],[55.906308,25.640139],[55.90658,25.640001],[55.906856,25.639872],[55.907138,25.639751],[55.907424,25.639639],[55.907714,25.639537],[55.908008,25.639443],[55.908305,25.639359],[55.908605,25.639284],[55.908908,25.639219],[55.909214,25.639163],[55.909521,25.639117],[55.90983,25.639081],[55.91014,25.639054],[55.91045,25.639037],[55.910762,25.63903],[55.911073,25.639033],[55.911384,25.639045],[55.911695,25.639067],[55.912004,25.639099],[55.912312,25.639141],[55.912618,25.639192],[55.912922,25.639253],[55.913224,25.639324],[55.913522,25.639404],[55.913816,25.639492],[55.914106,25.63959],[55.914393,25.639697],[55.914675,25.639813],[55.914953,25.639937],[55.915225,25.640071],[55.915493,25.640212],[55.915754,25.640362],[55.91601,25.64052],[55.91626,25.640686],[55.916504,25.640859],[55.91674,25.641041],[55.91697,25.641229],[55.917192,25.641424],[55.917407,25.641627],[55.917614,25.641836],[55.917813,25.642051],[55.918003,25.642272],[55.918185,25.642499],[55.918358,25.642732],[55.918523,25.64297],[55.918678,25.643213],[55.918823,25.643461],[55.924007,25.652676],[55.928412,25.660507],[55.928474,25.66062],[55.92853,25.660735],[55.928583,25.660852],[55.92863,25.660971],[55.928674,25.661091],[55.928712,25.661212],[55.928746,25.661335],[55.928776,25.661458],[55.9288,25.661583],[55.92882,25.661708],[55.928835,25.661833],[55.928845,25.661959],[55.928851,25.662085],[55.928851,25.662212],[55.928847,25.662338],[55.928838,25.662464],[55.928824,25.66259],[55.928805,25.662715],[55.928782,25.662839],[55.928754,25.662963],[55.928721,25.663086],[55.928683,25.663207],[55.928641,25.663327],[55.928594,25.663446],[55.928167,25.664532],[55.927782,25.665629],[55.927437,25.666738],[55.927136,25.667857],[55.926876,25.668985],[55.926659,25.67012],[55.927144,25.670325],[55.927139,25.67034],[55.927291,25.670423],[55.929108,25.671164],[55.929481,25.671316],[55.929384,25.671445],[55.931959,25.672529],[55.932438,25.672731],[55.932714,25.672683],[55.9331,25.672846],[55.933089,25.672868],[55.935108,25.6737],[55.933462,25.674988],[55.933302,25.674988],[55.933274,25.675026],[55.933074,25.675291],[55.932944,25.675465],[55.933255,25.675861],[55.933244,25.676351],[55.932129,25.676031],[55.932026,25.676111],[55.931358,25.677092],[55.930353,25.677363],[55.930374,25.677414]]]},"properties":{"layer":"Area Name","name":"5B - AL SEWAAN","sectorNo":"5","subSector":"5B","kind":"area","areaKm2":14.179,"fill":"#BCAAA4","fillOpacity":0.161,"stroke":"#BCAAA4","strokeWidth":1.0,"source":"Google My Maps 'RAK - MSW Sub-Sector Collection Routes' (PSD), exported 15 Sep 2026, with the map's own styling"}},{"type":"Feature","geometry":{"type":"Polygon","coordinates":[[[55.960805,25.663864],[55.960644,25.664213],[55.960641,25.664218],[55.959994,25.663954],[55.959997,25.663949],[55.959974,25.66394],[55.959971,25.663945],[55.959864,25.664178],[55.958783,25.663787],[55.958774,25.663802],[55.957669,25.663404],[55.957784,25.663201],[55.957818,25.663128],[55.956679,25.662743],[55.95673,25.662618],[55.954037,25.66152],[55.953668,25.661075],[55.953325,25.66123],[55.952418,25.66086],[55.952165,25.661174],[55.951787,25.661317],[55.950645,25.660137],[55.94649,25.658443],[55.94251,25.65682],[55.942103,25.65604],[55.941865,25.656118],[55.941458,25.656249],[55.941256,25.656309],[55.93988,25.656723],[55.939752,25.656533],[55.939093,25.655429],[55.936165,25.654237],[55.936168,25.654234],[55.936529,25.65378],[55.937639,25.652381],[55.937738,25.652256],[55.937732,25.652227],[55.937495,25.651198],[55.93836,25.651176],[55.939844,25.650891],[55.942382,25.647984],[55.941223,25.642704],[55.941183,25.642703],[55.941143,25.642701],[55.941103,25.642698],[55.941063,25.642693],[55.941023,25.642688],[55.940983,25.642681],[55.940151,25.642511],[55.939966,25.642537],[55.939938,25.642467],[55.939484,25.642374],[55.939431,25.642364],[55.939377,25.642355],[55.939324,25.642348],[55.93927,25.642343],[55.939216,25.642339],[55.939161,25.642337],[55.939107,25.642337],[55.939053,25.642338],[55.938999,25.642341],[55.938945,25.642345],[55.938891,25.642351],[55.938838,25.642359],[55.938784,25.642368],[55.936864,25.642761],[55.936843,25.642765],[55.936821,25.642769],[55.9368,25.642771],[55.936778,25.642773],[55.936757,25.642775],[55.936735,25.642775],[55.936713,25.642775],[55.936691,25.642775],[55.93667,25.642773],[55.936648,25.642771],[55.936626,25.642768],[55.936605,25.642765],[55.936584,25.642761],[55.936562,25.642756],[55.936541,25.642751],[55.936521,25.642745],[55.9365,25.642738],[55.93648,25.642731],[55.93646,25.642723],[55.93644,25.642714],[55.936421,25.642705],[55.936402,25.642695],[55.936384,25.642685],[55.936366,25.642674],[55.934126,25.641278],[55.933795,25.641077],[55.933337,25.640748],[55.933282,25.64071],[55.933226,25.640674],[55.933169,25.640639],[55.93311,25.640607],[55.93305,25.640576],[55.932086,25.640068],[55.930786,25.639383],[55.930757,25.639368],[55.930727,25.639354],[55.931075,25.638855],[55.931326,25.638581],[55.932085,25.637889],[55.932219,25.637728],[55.932242,25.637649],[55.93237,25.637225],[55.932475,25.636875],[55.932979,25.635198],[55.934227,25.635061],[55.934844,25.634914],[55.935318,25.633503],[55.935841,25.632179],[55.936145,25.6326],[55.936159,25.632557],[55.936143,25.632518],[55.936482,25.631389],[55.936558,25.631356],[55.936681,25.630986],[55.935981,25.631266],[55.937324,25.627469],[55.937367,25.627481],[55.937926,25.627399],[55.940733,25.626767],[55.941212,25.627013],[55.941515,25.627205],[55.942068,25.627269],[55.946003,25.626652],[55.947046,25.626507],[55.946894,25.626199],[55.946574,25.625515],[55.945955,25.624227],[55.947711,25.623176],[55.947746,25.623057],[55.947858,25.622723],[55.947982,25.622393],[55.948118,25.622067],[55.948267,25.621746],[55.948428,25.621429],[55.9486,25.621118],[55.948784,25.620812],[55.948979,25.620511],[55.949185,25.620217],[55.949402,25.61993],[55.94963,25.619649],[55.949868,25.619375],[55.950117,25.619109],[55.950375,25.618851],[55.950642,25.618601],[55.950919,25.618359],[55.951205,25.618126],[55.951499,25.617901],[55.951802,25.617686],[55.952702,25.617242],[55.953618,25.616826],[55.954548,25.616437],[55.955493,25.616077],[55.956449,25.615745],[55.957826,25.615505],[55.957941,25.615849],[55.957996,25.616068],[55.958028,25.61615],[55.958119,25.6168],[55.958506,25.619556],[55.958731,25.619498],[55.959745,25.623976],[55.959879,25.623952],[55.960393,25.626556],[55.960333,25.626569],[55.961089,25.629906],[55.960703,25.629951],[55.961544,25.632305],[55.961644,25.632498],[55.961666,25.632628],[55.961771,25.632978],[55.961852,25.63327],[55.962267,25.635105],[55.962325,25.635089],[55.962407,25.635079],[55.965145,25.634788],[55.965303,25.63482],[55.965297,25.634722],[55.967476,25.634452],[55.967509,25.634729],[55.968188,25.634631],[55.968845,25.634537],[55.969344,25.634465],[55.969326,25.634389],[55.96952,25.634342],[55.970705,25.634052],[55.970772,25.634036],[55.970981,25.633985],[55.971137,25.633962],[55.971591,25.633896],[55.97142,25.637648],[55.971432,25.637647],[55.971273,25.638543],[55.971509,25.63966],[55.971449,25.640135],[55.971362,25.640829],[55.971298,25.641339],[55.97186,25.641318],[55.972653,25.645061],[55.972535,25.645081],[55.972789,25.646383],[55.972927,25.646359],[55.973278,25.648016],[55.968793,25.649365],[55.968786,25.649309],[55.968479,25.649397],[55.967832,25.649581],[55.967302,25.649734],[55.966943,25.649844],[55.966538,25.649957],[55.966223,25.65005],[55.965792,25.650167],[55.965823,25.650259],[55.961892,25.651441],[55.96186,25.651404],[55.96139,25.651592],[55.959703,25.652099],[55.966069,25.660497],[55.965063,25.66112],[55.961057,25.663529],[55.960805,25.663864]]]},"properties":{"layer":"Area Name","name":"5B - MUWAILHA","sectorNo":"5","subSector":"5B","kind":"area","areaKm2":12.122,"fill":"#795548","fillOpacity":0.122,"stroke":"#795548","strokeWidth":1.0,"source":"Google My Maps 'RAK - MSW Sub-Sector Collection Routes' (PSD), exported 15 Sep 2026, with the map's own styling"}},{"type":"Feature","geometry":{"type":"Polygon","coordinates":[[[55.967396,25.689202],[55.965031,25.689829],[55.964888,25.68985],[55.962739,25.690017],[55.961885,25.690083],[55.96106,25.690448],[55.960758,25.690581],[55.960963,25.690961],[55.958545,25.692029],[55.958519,25.692136],[55.958246,25.692256],[55.957974,25.692376],[55.957702,25.692496],[55.957429,25.692617],[55.95735,25.692624],[55.95543,25.688807],[55.955098,25.688954],[55.953321,25.685664],[55.952602,25.685983],[55.951881,25.683217],[55.95155,25.682048],[55.951283,25.681147],[55.952501,25.680852],[55.954916,25.678746],[55.955066,25.678808],[55.955175,25.678593],[55.956105,25.678136],[55.956485,25.677405],[55.956561,25.677435],[55.956709,25.677142],[55.95671,25.677143],[55.95758,25.677717],[55.958761,25.674098],[55.958884,25.673515],[55.960363,25.67042],[55.960766,25.669032],[55.960296,25.668649],[55.961285,25.667914],[55.960144,25.667438],[55.961277,25.664712],[55.960806,25.664532],[55.96091,25.664328],[55.960641,25.664218],[55.960805,25.663864],[55.961057,25.663529],[55.965063,25.66112],[55.966069,25.660497],[55.959703,25.652099],[55.96139,25.651592],[55.96186,25.651404],[55.961892,25.651441],[55.965823,25.650259],[55.965792,25.650167],[55.966223,25.65005],[55.966538,25.649957],[55.966943,25.649844],[55.967302,25.649734],[55.967832,25.649581],[55.968479,25.649397],[55.968786,25.649309],[55.968793,25.649365],[55.973278,25.648016],[55.972716,25.650022],[55.972744,25.650026],[55.972977,25.650064],[55.973124,25.650087],[55.973278,25.650112],[55.973331,25.650121],[55.973334,25.650121],[55.973702,25.650193],[55.973724,25.650197],[55.973741,25.6502],[55.973772,25.650347],[55.974192,25.652331],[55.974061,25.652359],[55.974151,25.652899],[55.974248,25.653474],[55.974426,25.653438],[55.974993,25.656114],[55.975033,25.656107],[55.97515,25.656725],[55.975369,25.657888],[55.975385,25.657964],[55.97565,25.65795],[55.976019,25.65968],[55.976534,25.660089],[55.977898,25.659955],[55.978068,25.662033],[55.976687,25.662565],[55.976779,25.662811],[55.976793,25.662838],[55.976801,25.662867],[55.976815,25.662919],[55.976938,25.663464],[55.97714,25.664375],[55.977156,25.664487],[55.977175,25.664744],[55.97718,25.664767],[55.977311,25.664751],[55.977336,25.664969],[55.977341,25.665047],[55.977354,25.665122],[55.977509,25.666474],[55.977205,25.666559],[55.977235,25.666697],[55.976251,25.666975],[55.977665,25.669557],[55.977688,25.6696],[55.977451,25.669812],[55.977808,25.670022],[55.977965,25.670144],[55.978619,25.67008],[55.978666,25.670765],[55.978624,25.671719],[55.978687,25.671714],[55.978819,25.672856],[55.978963,25.673448],[55.97933,25.673545],[55.981198,25.676287],[55.979999,25.67696],[55.978917,25.677563],[55.978906,25.677567],[55.978874,25.677645],[55.978875,25.677648],[55.978915,25.677747],[55.978962,25.677864],[55.979049,25.67802],[55.979112,25.67815],[55.979131,25.67825],[55.979264,25.678601],[55.979469,25.678885],[55.979463,25.678888],[55.979487,25.678946],[55.97951,25.679067],[55.979548,25.679156],[55.979578,25.679209],[55.979627,25.67931],[55.979669,25.679397],[55.979717,25.679476],[55.979729,25.679505],[55.979773,25.679583],[55.97979,25.679641],[55.979814,25.679697],[55.979836,25.679755],[55.979892,25.680034],[55.980056,25.680145],[55.980324,25.680347],[55.980814,25.681276],[55.979953,25.681787],[55.979861,25.681867],[55.979142,25.682547],[55.97885,25.682977],[55.978843,25.683545],[55.978914,25.683697],[55.979068,25.683963],[55.979321,25.684484],[55.979574,25.684551],[55.979803,25.684949],[55.97918,25.685833],[55.977526,25.686084],[55.975329,25.686543],[55.975105,25.686602],[55.973984,25.686853],[55.973588,25.686678],[55.972558,25.686588],[55.971917,25.686551],[55.971622,25.686541],[55.971622,25.686533],[55.971421,25.686522],[55.971428,25.686373],[55.967986,25.687207],[55.967629,25.687287],[55.966905,25.687362],[55.966963,25.687671],[55.967031,25.687978],[55.96711,25.688283],[55.9672,25.688585],[55.967396,25.689202]]]},"properties":{"layer":"Area Name","name":"5A - AL DIGDAGA","sectorNo":"5","subSector":"5A","kind":"area","areaKm2":8.075,"fill":"#FFED6F","fillOpacity":0.541,"stroke":"#FFED6F","strokeWidth":1.0,"source":"Google My Maps 'RAK - MSW Sub-Sector Collection Routes' (PSD), exported 15 Sep 2026, with the map's own styling"}},{"type":"Feature","geometry":{"type":"Polygon","coordinates":[[[55.961285,25.667914],[55.960296,25.668649],[55.960766,25.669032],[55.960363,25.67042],[55.958884,25.673515],[55.958761,25.674098],[55.95758,25.677717],[55.95671,25.677143],[55.956709,25.677142],[55.956561,25.677435],[55.956485,25.677405],[55.956105,25.678136],[55.955175,25.678593],[55.955066,25.678808],[55.954916,25.678746],[55.952501,25.680852],[55.94913,25.679505],[55.949296,25.679432],[55.949295,25.679394],[55.949098,25.679314],[55.948388,25.679024],[55.948346,25.679007],[55.948181,25.67894],[55.948043,25.679],[55.948029,25.679037],[55.948038,25.679052],[55.947003,25.678624],[55.936703,25.674357],[55.935108,25.6737],[55.933089,25.672868],[55.9331,25.672846],[55.932714,25.672683],[55.932438,25.672731],[55.931959,25.672529],[55.929384,25.671445],[55.929481,25.671316],[55.929108,25.671164],[55.927291,25.670423],[55.927139,25.67034],[55.927144,25.670325],[55.926659,25.67012],[55.926876,25.668985],[55.927136,25.667857],[55.927437,25.666738],[55.927782,25.665629],[55.928167,25.664532],[55.928594,25.663446],[55.928641,25.663327],[55.928683,25.663207],[55.928721,25.663086],[55.928754,25.662963],[55.928782,25.662839],[55.928805,25.662715],[55.928824,25.66259],[55.928838,25.662464],[55.928847,25.662338],[55.928851,25.662212],[55.928851,25.662085],[55.928845,25.661959],[55.928835,25.661833],[55.92882,25.661708],[55.9288,25.661583],[55.928776,25.661458],[55.928746,25.661335],[55.928712,25.661212],[55.928674,25.661091],[55.92863,25.660971],[55.928583,25.660852],[55.92853,25.660735],[55.928474,25.66062],[55.928412,25.660507],[55.924007,25.652676],[55.924747,25.652329],[55.924752,25.652327],[55.924756,25.652324],[55.92476,25.652322],[55.924764,25.652319],[55.924768,25.652317],[55.924772,25.652314],[55.924776,25.652311],[55.92478,25.652308],[55.924783,25.652305],[55.924787,25.652302],[55.92479,25.652298],[55.924794,25.652295],[55.924797,25.652291],[55.9248,25.652288],[55.924803,25.652284],[55.924805,25.65228],[55.924808,25.652276],[55.92481,25.652272],[55.924813,25.652268],[55.924815,25.652264],[55.927027,25.647869],[55.927435,25.648164],[55.927434,25.648167],[55.927447,25.648173],[55.929204,25.649442],[55.92966,25.649662],[55.93019,25.650154],[55.931281,25.650942],[55.931297,25.650979],[55.931319,25.65097],[55.935412,25.653926],[55.93561,25.654007],[55.935612,25.65401],[55.935745,25.654064],[55.935747,25.654063],[55.936168,25.654234],[55.936165,25.654237],[55.939093,25.655429],[55.939752,25.656533],[55.93988,25.656723],[55.941256,25.656309],[55.941458,25.656249],[55.941865,25.656118],[55.942103,25.65604],[55.94251,25.65682],[55.94649,25.658443],[55.950645,25.660137],[55.951787,25.661317],[55.952165,25.661174],[55.952418,25.66086],[55.953325,25.66123],[55.953668,25.661075],[55.954037,25.66152],[55.95673,25.662618],[55.956679,25.662743],[55.957818,25.663128],[55.957784,25.663201],[55.957669,25.663404],[55.958774,25.663802],[55.958783,25.663787],[55.959864,25.664178],[55.959971,25.663945],[55.959974,25.66394],[55.959997,25.663949],[55.959994,25.663954],[55.960641,25.664218],[55.96091,25.664328],[55.960806,25.664532],[55.961277,25.664712],[55.960144,25.667438],[55.961285,25.667914]]]},"properties":{"layer":"Area Name","name":"5B - SALAT AL HAMD","sectorNo":"5","subSector":"5B","kind":"area","areaKm2":7.099,"fill":"#795548","fillOpacity":0.149,"stroke":"#795548","strokeWidth":1.0,"source":"Google My Maps 'RAK - MSW Sub-Sector Collection Routes' (PSD), exported 15 Sep 2026, with the map's own styling"}},{"type":"Feature","geometry":{"type":"Polygon","coordinates":[[[55.945749,25.587563],[55.946101,25.587732],[55.946373,25.587811],[55.947077,25.58809],[55.94836,25.58883],[55.948518,25.588776],[55.950526,25.587772],[55.952605,25.586816],[55.953579,25.587032],[55.953611,25.587262],[55.953626,25.587376],[55.95363,25.587406],[55.953709,25.587399],[55.953801,25.587915],[55.953654,25.587926],[55.953648,25.587926],[55.953836,25.589292],[55.954007,25.589279],[55.954045,25.589276],[55.954087,25.589507],[55.955025,25.589428],[55.95585,25.589404],[55.957616,25.590594],[55.95917,25.598145],[55.959188,25.598274],[55.959244,25.598505],[55.961391,25.598681],[55.961886,25.598715],[55.961898,25.598716],[55.962112,25.598729],[55.963206,25.598799],[55.963976,25.598852],[55.964793,25.598909],[55.96493,25.598921],[55.96492,25.599018],[55.96488,25.599429],[55.967954,25.599465],[55.96805,25.599941],[55.970783,25.600008],[55.9706,25.601475],[55.970586,25.60305],[55.97086,25.60489],[55.971424,25.606679],[55.972262,25.60955],[55.972275,25.60955],[55.973287,25.612253],[55.973454,25.61278],[55.973217,25.612821],[55.96149,25.614866],[55.957826,25.615505],[55.956449,25.615745],[55.955493,25.616077],[55.954548,25.616437],[55.953618,25.616826],[55.952702,25.617242],[55.951802,25.617686],[55.951499,25.617901],[55.951205,25.618126],[55.950919,25.618359],[55.950642,25.618601],[55.950375,25.618851],[55.950117,25.619109],[55.949868,25.619375],[55.94963,25.619649],[55.949402,25.61993],[55.949185,25.620217],[55.948979,25.620511],[55.948784,25.620812],[55.9486,25.621118],[55.948428,25.621429],[55.948267,25.621746],[55.948118,25.622067],[55.947982,25.622393],[55.947858,25.622723],[55.947746,25.623057],[55.947711,25.623176],[55.945955,25.624227],[55.946574,25.625515],[55.946894,25.626199],[55.947046,25.626507],[55.946003,25.626652],[55.942068,25.627269],[55.941515,25.627205],[55.941212,25.627013],[55.940733,25.626767],[55.937926,25.627399],[55.937367,25.627481],[55.937324,25.627469],[55.935981,25.631266],[55.936681,25.630986],[55.936558,25.631356],[55.936482,25.631389],[55.936143,25.632518],[55.936159,25.632557],[55.936145,25.6326],[55.935841,25.632179],[55.935318,25.633503],[55.934844,25.634914],[55.934227,25.635061],[55.932979,25.635198],[55.932475,25.636875],[55.93237,25.637225],[55.932242,25.637649],[55.932219,25.637728],[55.932085,25.637889],[55.931326,25.638581],[55.931075,25.638855],[55.930727,25.639354],[55.930696,25.639341],[55.930665,25.639329],[55.930634,25.639318],[55.930602,25.639308],[55.93057,25.639299],[55.930537,25.63929],[55.930504,25.639283],[55.930471,25.639277],[55.930438,25.639272],[55.930404,25.639267],[55.930132,25.639191],[55.930146,25.63909],[55.930161,25.638913],[55.930162,25.638891],[55.930177,25.638718],[55.930305,25.63846],[55.93048,25.63832],[55.931425,25.634972],[55.931012,25.635144],[55.930365,25.634278],[55.93112,25.63176],[55.931587,25.630202],[55.932192,25.628185],[55.932754,25.62791],[55.933073,25.626831],[55.934434,25.622345],[55.935061,25.620277],[55.935821,25.617772],[55.935243,25.617628],[55.935871,25.615558],[55.934101,25.615117],[55.935042,25.612016],[55.935076,25.612022],[55.935098,25.611948],[55.936835,25.612381],[55.937842,25.609057],[55.938513,25.60917],[55.939497,25.605916],[55.940527,25.60225],[55.941185,25.600079],[55.93995,25.599901],[55.940533,25.597929],[55.939936,25.597852],[55.939961,25.597768],[55.939641,25.597731],[55.93711,25.597257],[55.937105,25.597175],[55.937087,25.59682],[55.937082,25.59673],[55.937398,25.592994],[55.93753,25.592959],[55.937541,25.592956],[55.937537,25.592942],[55.937501,25.59282],[55.937565,25.592813],[55.940794,25.592453],[55.942094,25.592307],[55.943769,25.592074],[55.94377,25.592072],[55.944345,25.592012],[55.945327,25.588759],[55.945385,25.588773],[55.945696,25.587743],[55.945749,25.587563]]]},"properties":{"layer":"Area Name","name":"5B - AL MATHLOOTHAH","sectorNo":"5","subSector":"5B","kind":"area","areaKm2":10.371,"fill":"#795548","fillOpacity":0.149,"stroke":"#795548","strokeWidth":1.0,"source":"Google My Maps 'RAK - MSW Sub-Sector Collection Routes' (PSD), exported 15 Sep 2026, with the map's own styling"}},{"type":"Feature","geometry":{"type":"Polygon","coordinates":[[[56.050529,25.749518],[56.050774,25.750557],[56.051057,25.751587],[56.041427,25.751239],[56.031507,25.75088],[56.024146,25.750271],[56.023771,25.748343],[56.01836,25.749791],[56.018357,25.749792],[56.018357,25.74979],[56.018276,25.748523],[56.01826,25.748066],[56.018228,25.747135],[56.018274,25.746462],[56.01821,25.744943],[56.017838,25.74382],[56.017097,25.740944],[56.016719,25.73948],[56.016457,25.737872],[56.015807,25.73592],[56.015626,25.735206],[56.014829,25.732133],[56.014491,25.730888],[56.014106,25.729655],[56.013827,25.728891],[56.013522,25.728136],[56.013191,25.727389],[56.012841,25.72665],[56.012466,25.725921],[56.012066,25.725203],[56.011982,25.72506],[56.011687,25.724569],[56.010782,25.722902],[56.009846,25.721179],[56.006977,25.717139],[56.00695,25.717109],[56.009219,25.716541],[56.010269,25.716158],[56.011187,25.715732],[56.011265,25.715696],[56.01197,25.715302],[56.010943,25.71365],[56.009468,25.711298],[56.009517,25.711273],[56.011315,25.71004],[56.00968,25.708088],[56.009361,25.707685],[56.009356,25.707652],[56.008796,25.704884],[56.008228,25.703837],[56.008246,25.702298],[56.007868,25.699046],[56.007626,25.696965],[56.007765,25.696518],[56.009251,25.696528],[56.010616,25.695738],[56.010768,25.695693],[56.011248,25.69734],[56.01255,25.697505],[56.01255,25.697501],[56.013142,25.697576],[56.013142,25.69758],[56.014706,25.697778],[56.015883,25.697449],[56.016015,25.697837],[56.020985,25.696446],[56.021042,25.693372],[56.024547,25.692538],[56.024567,25.692539],[56.024568,25.692538],[56.026155,25.692575],[56.026249,25.692605],[56.026275,25.69261],[56.026278,25.692578],[56.026999,25.692595],[56.028139,25.692622],[56.032545,25.692724],[56.032495,25.690097],[56.032465,25.68854],[56.045823,25.692282],[56.045898,25.692305],[56.045973,25.69233],[56.046047,25.692357],[56.04612,25.692386],[56.046191,25.692417],[56.046262,25.692451],[56.046331,25.692487],[56.046399,25.692525],[56.046465,25.692564],[56.04653,25.692606],[56.046593,25.69265],[56.046655,25.692696],[56.046715,25.692743],[56.046773,25.692793],[56.046829,25.692844],[56.046883,25.692897],[56.046935,25.692951],[56.048239,25.69502],[56.048258,25.695028],[56.048163,25.697293],[56.048141,25.69956],[56.048541,25.7005],[56.048565,25.700491],[56.048596,25.700568],[56.048573,25.700576],[56.048964,25.701492],[56.049715,25.703448],[56.050393,25.705426],[56.050997,25.707424],[56.051527,25.709438],[56.051982,25.711468],[56.052361,25.71351],[56.052665,25.715563],[56.052892,25.717623],[56.053043,25.71969],[56.053117,25.72176],[56.053114,25.723831],[56.053042,25.725766],[56.052903,25.727698],[56.052695,25.729626],[56.052421,25.731546],[56.05205,25.73241],[56.051707,25.733283],[56.051393,25.734166],[56.051109,25.735056],[56.050854,25.735954],[56.050629,25.736859],[56.050406,25.737901],[56.050222,25.73895],[56.050076,25.740004],[56.049969,25.741062],[56.049902,25.742122],[56.049874,25.743184],[56.049885,25.744246],[56.049935,25.745307],[56.050025,25.746366],[56.050154,25.747421],[56.050322,25.748472],[56.050529,25.749518]]]},"properties":{"layer":"Area Name","name":"5A - SAIH AL HURF","sectorNo":"5","subSector":"5A","kind":"area","areaKm2":24.704,"fill":"#FFED6F","fillOpacity":0.569,"stroke":"#FFED6F","strokeWidth":1.0,"source":"Google My Maps 'RAK - MSW Sub-Sector Collection Routes' (PSD), exported 15 Sep 2026, with the map's own styling"}},{"type":"Feature","geometry":{"type":"Polygon","coordinates":[[[55.901512,25.646128],[55.901437,25.646453],[55.901375,25.64678],[55.901325,25.647108],[55.901287,25.647438],[55.901262,25.647769],[55.90125,25.648101],[55.901251,25.648432],[55.901264,25.648764],[55.901291,25.649095],[55.901329,25.649424],[55.901381,25.649753],[55.901445,25.650079],[55.901521,25.650404],[55.90161,25.650725],[55.901712,25.651044],[55.901825,25.651359],[55.90195,25.651671],[55.902088,25.651978],[55.902237,25.652281],[55.894686,25.655265],[55.892628,25.651431],[55.8896,25.64579],[55.889498,25.645835],[55.884495,25.636503],[55.884291,25.636097],[55.881649,25.630827],[55.871657,25.635236],[55.877206,25.642267],[55.88093,25.646985],[55.872367,25.646681],[55.871412,25.646647],[55.869684,25.646586],[55.86789,25.646634],[55.86622,25.646854],[55.864518,25.647263],[55.863125,25.647748],[55.86225,25.648275],[55.861222,25.649044],[55.860171,25.65005],[55.858861,25.651607],[55.857866,25.65279],[55.855599,25.651212],[55.847004,25.645272],[55.846457,25.644894],[55.843266,25.642689],[55.843054,25.642545],[55.842607,25.642245],[55.842155,25.641949],[55.8417,25.641659],[55.841242,25.641372],[55.84078,25.641091],[55.840315,25.640814],[55.839863,25.640552],[55.839409,25.640294],[55.838951,25.640041],[55.838491,25.639792],[55.838028,25.639548],[55.837523,25.639289],[55.837015,25.639035],[55.834367,25.637729],[55.834567,25.637469],[55.835293,25.636495],[55.855489,25.607972],[55.877254,25.623176],[55.87798,25.623092],[55.881967,25.622631],[55.891039,25.623376],[55.895395,25.623733],[55.895346,25.623796],[55.8953,25.623861],[55.895256,25.623926],[55.895214,25.623993],[55.895175,25.624061],[55.895138,25.624131],[55.895104,25.624201],[55.895073,25.624273],[55.895044,25.624345],[55.895018,25.624418],[55.894994,25.624492],[55.894973,25.624566],[55.894956,25.624642],[55.89494,25.624717],[55.894926,25.624788],[55.894915,25.624859],[55.894906,25.62493],[55.8949,25.625001],[55.894896,25.625073],[55.894895,25.625145],[55.894896,25.625216],[55.894901,25.625288],[55.894907,25.625359],[55.894916,25.625431],[55.894928,25.625502],[55.894943,25.625572],[55.895121,25.626373],[55.895342,25.627355],[55.896366,25.63191],[55.896707,25.633424],[55.897256,25.635851],[55.897422,25.636584],[55.897586,25.637309],[55.897872,25.638573],[55.898101,25.639584],[55.898268,25.640317],[55.89865,25.6418],[55.898652,25.641811],[55.898828,25.642149],[55.899014,25.642482],[55.899211,25.64281],[55.901512,25.646128]]]},"properties":{"layer":"Area Name","name":"5B - AL KHURAIJAH","sectorNo":"5","subSector":"5B","kind":"area","areaKm2":17.26,"fill":"#795548","fillOpacity":0.161,"stroke":"#795548","strokeWidth":1.0,"source":"Google My Maps 'RAK - MSW Sub-Sector Collection Routes' (PSD), exported 15 Sep 2026, with the map's own styling"}},{"type":"Feature","geometry":{"type":"Polygon","coordinates":[[[55.947143,25.588035],[55.947178,25.58791],[55.947626,25.586299],[55.947877,25.58536],[55.947918,25.585204],[55.948633,25.583167],[55.949486,25.580645],[55.949609,25.579923],[55.94977,25.574967],[55.952135,25.575007],[55.952311,25.575012],[55.968194,25.575483],[55.968278,25.573157],[55.968281,25.573092],[55.972057,25.57454],[55.972751,25.574808],[55.97287,25.574852],[55.972928,25.574876],[55.972974,25.574894],[55.97312,25.574955],[55.973951,25.57531],[55.974887,25.552451],[55.974912,25.5523],[55.975117,25.551068],[55.975199,25.550014],[55.97572,25.548633],[55.976678,25.547189],[55.980495,25.543493],[55.980614,25.543378],[55.983406,25.540673],[55.985558,25.53859],[55.986949,25.537412],[55.987687,25.536231],[55.988203,25.53501],[55.988404,25.53439],[55.988499,25.533946],[55.988564,25.533564],[55.988619,25.533136],[55.98869,25.532427],[55.989102,25.532424],[55.988412,25.537142],[55.986157,25.540142],[55.981677,25.550911],[55.981737,25.552547],[55.982203,25.565163],[55.983984,25.577111],[55.985567,25.587733],[55.978598,25.587684],[55.976659,25.599509],[55.976147,25.602629],[55.97546,25.606839],[55.975456,25.60684],[55.974512,25.612595],[55.973454,25.61278],[55.973287,25.612253],[55.972275,25.60955],[55.972262,25.60955],[55.971424,25.606679],[55.97086,25.60489],[55.970586,25.60305],[55.9706,25.601475],[55.970783,25.600008],[55.96805,25.599941],[55.967954,25.599465],[55.96488,25.599429],[55.96492,25.599018],[55.96493,25.598921],[55.964793,25.598909],[55.963976,25.598852],[55.963206,25.598799],[55.962112,25.598729],[55.961898,25.598716],[55.961886,25.598715],[55.961391,25.598681],[55.959244,25.598505],[55.959188,25.598274],[55.95917,25.598145],[55.957616,25.590594],[55.95585,25.589404],[55.955025,25.589428],[55.954087,25.589507],[55.954045,25.589276],[55.954007,25.589279],[55.953836,25.589292],[55.953648,25.587926],[55.953654,25.587926],[55.953801,25.587915],[55.953709,25.587399],[55.95363,25.587406],[55.953626,25.587376],[55.953611,25.587262],[55.953579,25.587032],[55.952605,25.586816],[55.950526,25.587772],[55.948518,25.588776],[55.94836,25.58883],[55.947121,25.588116],[55.947143,25.588035]]]},"properties":{"layer":"Area Name","name":"5B - SEIH AL BANA","sectorNo":"5","subSector":"5B","kind":"area","areaKm2":11.096,"fill":"#795548","fillOpacity":0.231,"stroke":"#795548","strokeWidth":1.0,"source":"Google My Maps 'RAK - MSW Sub-Sector Collection Routes' (PSD), exported 15 Sep 2026, with the map's own styling"}},{"type":"Feature","geometry":{"type":"Polygon","coordinates":[[[55.873984,25.577632],[55.878019,25.578548],[55.879048,25.578985],[55.880023,25.581599],[55.882739,25.580877],[55.882403,25.581165],[55.881648,25.582072],[55.881994,25.583384],[55.883755,25.58458],[55.883962,25.584658],[55.884308,25.585726],[55.885884,25.585313],[55.88592,25.585276],[55.885892,25.585254],[55.885491,25.584013],[55.88551,25.583978],[55.885575,25.583888],[55.885712,25.583462],[55.886042,25.583275],[55.886462,25.583097],[55.887,25.583083],[55.887028,25.582153],[55.887017,25.581232],[55.886849,25.581105],[55.887569,25.580749],[55.888097,25.580699],[55.888367,25.580529],[55.888369,25.580528],[55.888433,25.580511],[55.889286,25.580281],[55.889202,25.580006],[55.889642,25.57973],[55.889739,25.579669],[55.889867,25.579589],[55.889514,25.578797],[55.889095,25.577857],[55.889001,25.577647],[55.888799,25.577032],[55.888494,25.576168],[55.888079,25.575842],[55.887904,25.575552],[55.887771,25.575263],[55.887065,25.573564],[55.888524,25.573174],[55.888755,25.572779],[55.892788,25.572673],[55.901783,25.569204],[55.904587,25.568187],[55.904556,25.568134],[55.905864,25.56763],[55.905879,25.567688],[55.905889,25.567734],[55.906062,25.568506],[55.906119,25.56876],[55.906521,25.570555],[55.906836,25.571961],[55.906849,25.572018],[55.907111,25.573185],[55.908044,25.577661],[55.908038,25.577734],[55.907205,25.587571],[55.907112,25.58758],[55.907145,25.588279],[55.907253,25.589652],[55.907431,25.591962],[55.907692,25.591978],[55.907697,25.592022],[55.907733,25.592187],[55.910983,25.606807],[55.913418,25.612138],[55.913533,25.612091],[55.913649,25.612047],[55.913767,25.612007],[55.913886,25.61197],[55.914007,25.611937],[55.914129,25.611908],[55.91616,25.611441],[55.918455,25.610992],[55.918976,25.610892],[55.919413,25.610798],[55.919413,25.610808],[55.920985,25.610506],[55.923465,25.610067],[55.92562,25.609614],[55.925635,25.609612],[55.925649,25.609611],[55.925664,25.609609],[55.925678,25.609606],[55.925692,25.609603],[55.925706,25.6096],[55.92572,25.609596],[55.925734,25.609592],[55.925747,25.609587],[55.925761,25.609582],[55.925774,25.609577],[55.925787,25.609571],[55.925799,25.609564],[55.925812,25.609558],[55.925824,25.609551],[55.925836,25.609543],[55.925848,25.609535],[55.925859,25.609527],[55.92587,25.609518],[55.925881,25.609509],[55.925891,25.6095],[55.925901,25.609491],[55.925911,25.609481],[55.92592,25.609471],[55.925929,25.60946],[55.925937,25.609449],[55.925945,25.609438],[55.925952,25.609427],[55.92596,25.609416],[55.925966,25.609404],[55.925973,25.609392],[55.925978,25.60938],[55.925984,25.609368],[55.925988,25.609355],[55.925993,25.609343],[55.925997,25.60933],[55.926,25.609317],[55.926003,25.609304],[55.926005,25.609291],[55.926007,25.609278],[55.926008,25.609265],[55.926009,25.609252],[55.92601,25.609239],[55.92601,25.609226],[55.926009,25.609213],[55.925056,25.605435],[55.924991,25.605186],[55.924918,25.604939],[55.924837,25.604695],[55.924748,25.604452],[55.924085,25.602912],[55.924043,25.60282],[55.924003,25.602727],[55.923967,25.602633],[55.923934,25.602538],[55.923905,25.602442],[55.923879,25.602345],[55.923857,25.602247],[55.923839,25.602149],[55.923824,25.60205],[55.923748,25.600135],[55.923736,25.599995],[55.923729,25.599854],[55.923727,25.599713],[55.92373,25.599572],[55.923739,25.599432],[55.923754,25.599292],[55.923774,25.599152],[55.923799,25.599013],[55.923829,25.598875],[55.923865,25.598738],[55.923906,25.598602],[55.923952,25.598468],[55.924003,25.598335],[55.92406,25.598204],[55.924121,25.598074],[55.924187,25.597947],[55.924259,25.597822],[55.924334,25.597699],[55.924415,25.597579],[55.925047,25.596831],[55.925781,25.596062],[55.925902,25.595946],[55.926027,25.595835],[55.926157,25.595727],[55.92629,25.595623],[55.926427,25.595523],[55.926567,25.595427],[55.928099,25.594614],[55.936511,25.590309],[55.940289,25.588384],[55.940472,25.588286],[55.940658,25.588193],[55.940847,25.588104],[55.941039,25.588021],[55.941234,25.587942],[55.944103,25.587096],[55.945259,25.58741],[55.94559,25.587499],[55.945749,25.587563],[55.945696,25.587743],[55.945385,25.588773],[55.945327,25.588759],[55.944345,25.592012],[55.94377,25.592072],[55.943769,25.592074],[55.942094,25.592307],[55.940794,25.592453],[55.937565,25.592813],[55.937501,25.59282],[55.937537,25.592942],[55.937541,25.592956],[55.93753,25.592959],[55.937398,25.592994],[55.937082,25.59673],[55.937087,25.59682],[55.937105,25.597175],[55.93711,25.597257],[55.939641,25.597731],[55.939961,25.597768],[55.939936,25.597852],[55.940533,25.597929],[55.93995,25.599901],[55.941185,25.600079],[55.940527,25.60225],[55.939497,25.605916],[55.938513,25.60917],[55.937842,25.609057],[55.936835,25.612381],[55.935098,25.611948],[55.935076,25.612022],[55.935042,25.612016],[55.934101,25.615117],[55.935871,25.615558],[55.935243,25.617628],[55.935821,25.617772],[55.935061,25.620277],[55.934434,25.622345],[55.933073,25.626831],[55.932754,25.62791],[55.932192,25.628185],[55.931587,25.630202],[55.93112,25.63176],[55.930365,25.634278],[55.931012,25.635144],[55.931425,25.634972],[55.93048,25.63832],[55.930305,25.63846],[55.930177,25.638718],[55.930162,25.638891],[55.930161,25.638913],[55.930146,25.63909],[55.930132,25.639191],[55.929653,25.639058],[55.929592,25.639041],[55.929102,25.638832],[55.927981,25.638413],[55.927897,25.638383],[55.927811,25.638356],[55.927725,25.63833],[55.927638,25.638308],[55.92755,25.638287],[55.927461,25.63827],[55.927372,25.638255],[55.927355,25.638252],[55.92367,25.637694],[55.924081,25.637016],[55.924083,25.636792],[55.923562,25.635921],[55.923416,25.635651],[55.923297,25.6342],[55.923184,25.633945],[55.922744,25.633406],[55.922096,25.632775],[55.922081,25.632729],[55.916502,25.636358],[55.913522,25.639404],[55.913224,25.639324],[55.912922,25.639253],[55.912618,25.639192],[55.912312,25.639141],[55.912004,25.639099],[55.911695,25.639067],[55.911384,25.639045],[55.911073,25.639033],[55.910762,25.63903],[55.91045,25.639037],[55.91014,25.639054],[55.90983,25.639081],[55.909521,25.639117],[55.909214,25.639163],[55.908908,25.639219],[55.908605,25.639284],[55.908305,25.639359],[55.908008,25.639443],[55.907714,25.639537],[55.907424,25.639639],[55.907138,25.639751],[55.906856,25.639872],[55.90658,25.640001],[55.906308,25.640139],[55.906003,25.640312],[55.905704,25.640494],[55.905413,25.640685],[55.905129,25.640885],[55.904853,25.641094],[55.904584,25.641312],[55.904325,25.641538],[55.904074,25.641771],[55.903832,25.642013],[55.9036,25.642262],[55.903377,25.642518],[55.903164,25.642781],[55.902961,25.64305],[55.902769,25.643326],[55.902587,25.643607],[55.902416,25.643894],[55.902256,25.644186],[55.902107,25.644483],[55.90197,25.644785],[55.901844,25.645091],[55.901731,25.6454],[55.901628,25.645713],[55.901538,25.646028],[55.901512,25.646128],[55.899211,25.64281],[55.899014,25.642482],[55.898828,25.642149],[55.898652,25.641811],[55.89865,25.6418],[55.898268,25.640317],[55.898101,25.639584],[55.897872,25.638573],[55.897586,25.637309],[55.897422,25.636584],[55.897256,25.635851],[55.896707,25.633424],[55.896366,25.63191],[55.895342,25.627355],[55.895121,25.626373],[55.894943,25.625572],[55.894928,25.625502],[55.894916,25.625431],[55.894907,25.625359],[55.894901,25.625288],[55.894896,25.625216],[55.894895,25.625145],[55.894896,25.625073],[55.8949,25.625001],[55.894906,25.62493],[55.894915,25.624859],[55.894926,25.624788],[55.89494,25.624717],[55.894956,25.624642],[55.894973,25.624566],[55.894994,25.624492],[55.895018,25.624418],[55.895044,25.624345],[55.895073,25.624273],[55.895104,25.624201],[55.895138,25.624131],[55.895175,25.624061],[55.895214,25.623993],[55.895256,25.623926],[55.8953,25.623861],[55.895346,25.623796],[55.895395,25.623733],[55.891039,25.623376],[55.881967,25.622631],[55.87798,25.623092],[55.877254,25.623176],[55.855489,25.607972],[55.858096,25.603978],[55.860856,25.599402],[55.873984,25.577632]]]},"properties":{"layer":"Area Name","name":"5B - AL HAMRANIAH","sectorNo":"5","subSector":"5B","kind":"area","areaKm2":35.955,"fill":"#795548","fillOpacity":0.141,"stroke":"#795548","strokeWidth":1.0,"source":"Google My Maps 'RAK - MSW Sub-Sector Collection Routes' (PSD), exported 15 Sep 2026, with the map's own styling"}},{"type":"Feature","geometry":{"type":"Polygon","coordinates":[[[55.886849,25.581105],[55.887017,25.581232],[55.887028,25.582153],[55.887,25.583083],[55.886462,25.583097],[55.886042,25.583275],[55.885712,25.583462],[55.885575,25.583888],[55.88551,25.583978],[55.885491,25.584013],[55.885892,25.585254],[55.88592,25.585276],[55.885884,25.585313],[55.884308,25.585726],[55.883962,25.584658],[55.883755,25.58458],[55.881994,25.583384],[55.881648,25.582072],[55.882403,25.581165],[55.882739,25.580877],[55.880023,25.581599],[55.879048,25.578985],[55.878019,25.578548],[55.873984,25.577632],[55.875064,25.575841],[55.882028,25.564288],[55.882341,25.563768],[55.883946,25.561105],[55.884849,25.55976],[55.885797,25.558585],[55.886694,25.557616],[55.887892,25.556518],[55.889171,25.555526],[55.890712,25.554562],[55.892163,25.553798],[55.893784,25.553133],[55.894204,25.552961],[55.896247,25.55236],[55.913478,25.548173],[55.927314,25.544809],[55.929311,25.546593],[55.929285,25.550888],[55.929083,25.557332],[55.92476,25.55775],[55.918655,25.558053],[55.916405,25.557476],[55.915534,25.559173],[55.912109,25.560116],[55.907761,25.561499],[55.909005,25.5637],[55.90912,25.563899],[55.909118,25.5639],[55.909155,25.563965],[55.906908,25.56462],[55.90552,25.565073],[55.905436,25.565966],[55.905864,25.56763],[55.904556,25.568134],[55.904587,25.568187],[55.901783,25.569204],[55.892788,25.572673],[55.888755,25.572779],[55.888524,25.573174],[55.887065,25.573564],[55.887771,25.575263],[55.887904,25.575552],[55.888079,25.575842],[55.888494,25.576168],[55.888799,25.577032],[55.889001,25.577647],[55.889095,25.577857],[55.889514,25.578797],[55.889867,25.579589],[55.889739,25.579669],[55.889642,25.57973],[55.889202,25.580006],[55.889286,25.580281],[55.888433,25.580511],[55.888369,25.580528],[55.888367,25.580529],[55.888097,25.580699],[55.887569,25.580749],[55.886849,25.581105]]]},"properties":{"layer":"Area Name","name":"5B - AL JALAILAH","sectorNo":"5","subSector":"5B","kind":"area","areaKm2":9.159,"fill":"#795548","fillOpacity":0.188,"stroke":"#795548","strokeWidth":1.0,"source":"Google My Maps 'RAK - MSW Sub-Sector Collection Routes' (PSD), exported 15 Sep 2026, with the map's own styling"}},{"type":"Feature","geometry":{"type":"Polygon","coordinates":[[[55.942382,25.647984],[55.939844,25.650891],[55.93836,25.651176],[55.937495,25.651198],[55.937738,25.652256],[55.937639,25.652381],[55.936529,25.65378],[55.936168,25.654234],[55.935747,25.654063],[55.935745,25.654064],[55.935612,25.65401],[55.93561,25.654007],[55.935412,25.653926],[55.931319,25.65097],[55.931281,25.650942],[55.93019,25.650154],[55.92966,25.649662],[55.929204,25.649442],[55.927447,25.648173],[55.927027,25.647869],[55.924815,25.652264],[55.924813,25.652268],[55.92481,25.652272],[55.924808,25.652276],[55.924805,25.65228],[55.924803,25.652284],[55.9248,25.652288],[55.924797,25.652291],[55.924794,25.652295],[55.92479,25.652298],[55.924787,25.652302],[55.924783,25.652305],[55.92478,25.652308],[55.924776,25.652311],[55.924772,25.652314],[55.924768,25.652317],[55.924764,25.652319],[55.92476,25.652322],[55.924756,25.652324],[55.924752,25.652327],[55.924747,25.652329],[55.924007,25.652676],[55.918823,25.643461],[55.918678,25.643213],[55.918523,25.64297],[55.918358,25.642732],[55.918185,25.642499],[55.918003,25.642272],[55.917813,25.642051],[55.917614,25.641836],[55.917407,25.641627],[55.917192,25.641424],[55.91697,25.641229],[55.91674,25.641041],[55.916504,25.640859],[55.91626,25.640686],[55.91601,25.64052],[55.915754,25.640362],[55.915493,25.640212],[55.915225,25.640071],[55.914953,25.639937],[55.914675,25.639813],[55.914393,25.639697],[55.914106,25.63959],[55.913816,25.639492],[55.913522,25.639404],[55.916502,25.636358],[55.922061,25.632742],[55.922744,25.633406],[55.923184,25.633945],[55.923297,25.6342],[55.923416,25.635651],[55.923562,25.635921],[55.924083,25.636792],[55.924081,25.637016],[55.92367,25.637694],[55.927355,25.638252],[55.927372,25.638255],[55.927461,25.63827],[55.92755,25.638287],[55.927638,25.638308],[55.927725,25.63833],[55.927811,25.638356],[55.927897,25.638383],[55.927981,25.638413],[55.929102,25.638832],[55.929592,25.639041],[55.929653,25.639058],[55.930132,25.639191],[55.930404,25.639267],[55.930438,25.639272],[55.930471,25.639277],[55.930504,25.639283],[55.930537,25.63929],[55.93057,25.639299],[55.930602,25.639308],[55.930634,25.639318],[55.930665,25.639329],[55.930696,25.639341],[55.930727,25.639354],[55.930757,25.639368],[55.930786,25.639383],[55.932086,25.640068],[55.933144,25.640626],[55.933169,25.640639],[55.933226,25.640674],[55.933282,25.64071],[55.933337,25.640748],[55.933795,25.641077],[55.934126,25.641278],[55.936442,25.642722],[55.936615,25.642772],[55.936785,25.642778],[55.938784,25.642368],[55.938838,25.642359],[55.938891,25.642351],[55.938945,25.642345],[55.938999,25.642341],[55.939053,25.642338],[55.939107,25.642337],[55.939161,25.642337],[55.939216,25.642339],[55.93927,25.642343],[55.939324,25.642348],[55.939377,25.642355],[55.939431,25.642364],[55.939484,25.642374],[55.939938,25.642467],[55.939966,25.642537],[55.940151,25.642511],[55.941037,25.642692],[55.941224,25.642707],[55.942382,25.647984]]]},"properties":{"layer":"Area Name","name":"5B - AL MUKAWWRAH","sectorNo":"5","subSector":"5B","kind":"area","areaKm2":3.156,"fill":"#795548","fillOpacity":0.149,"stroke":"#795548","strokeWidth":1.0,"source":"Google My Maps 'RAK - MSW Sub-Sector Collection Routes' (PSD), exported 15 Sep 2026, with the map's own styling"}},{"type":"Feature","geometry":{"type":"Polygon","coordinates":[[[55.82087,25.724188],[55.820284,25.725173],[55.819698,25.726159],[55.819112,25.727145],[55.818526,25.728131],[55.817756,25.728871],[55.816986,25.729611],[55.816215,25.73035],[55.815445,25.73109],[55.814675,25.73183],[55.813905,25.73257],[55.812864,25.732536],[55.811824,25.732501],[55.810784,25.732467],[55.809744,25.732432],[55.808704,25.732398],[55.807663,25.732363],[55.806623,25.732329],[55.805805,25.731788],[55.804986,25.731247],[55.804167,25.730706],[55.803348,25.730165],[55.80253,25.729624],[55.801711,25.729082],[55.801452,25.72799],[55.801193,25.726897],[55.800934,25.725804],[55.800281,25.724991],[55.799627,25.724179],[55.798973,25.723366],[55.798446,25.722447],[55.797919,25.721528],[55.797392,25.720609],[55.796865,25.71969],[55.796524,25.719079],[55.795958,25.718292],[55.795393,25.717504],[55.794827,25.716717],[55.794262,25.715929],[55.793099,25.714479],[55.792518,25.713677],[55.791937,25.712875],[55.791356,25.712072],[55.790775,25.71127],[55.789848,25.710649],[55.788921,25.710028],[55.787994,25.709407],[55.786861,25.708212],[55.787503,25.707678],[55.786884,25.707097],[55.785964,25.706664],[55.786031,25.706588],[55.785955,25.70651],[55.786066,25.70642],[55.786126,25.70648],[55.786164,25.706437],[55.786546,25.7064],[55.78759,25.705553],[55.787472,25.704805],[55.788495,25.703923],[55.788566,25.703862],[55.788587,25.703877],[55.788698,25.703969],[55.797604,25.695478],[55.797698,25.695554],[55.798381,25.694889],[55.798084,25.694633],[55.798706,25.694042],[55.799477,25.694727],[55.799826,25.695037],[55.800247,25.695412],[55.801018,25.696096],[55.801788,25.696781],[55.802559,25.697466],[55.803329,25.698151],[55.8041,25.698835],[55.80487,25.69952],[55.805641,25.700205],[55.806412,25.70089],[55.807182,25.701574],[55.807953,25.702259],[55.808699,25.702926],[55.808945,25.703146],[55.809446,25.703593],[55.810193,25.70426],[55.810909,25.704899],[55.811624,25.705538],[55.812339,25.706177],[55.813054,25.706836],[55.813769,25.707495],[55.814484,25.708154],[55.815815,25.709306],[55.816768,25.709959],[55.817788,25.710475],[55.818716,25.71083],[55.819892,25.711088],[55.819993,25.711106],[55.821451,25.711373],[55.822636,25.71154],[55.823822,25.711706],[55.825008,25.711873],[55.825313,25.711862],[55.825314,25.711864],[55.825379,25.712181],[55.825479,25.712664],[55.825528,25.712936],[55.825748,25.713927],[55.825844,25.714355],[55.825944,25.714804],[55.825824,25.714855],[55.825708,25.714912],[55.825594,25.714972],[55.825483,25.715038],[55.825379,25.715096],[55.825271,25.715148],[55.82516,25.715194],[55.825126,25.715207],[55.825134,25.715225],[55.825016,25.715262],[55.824895,25.715293],[55.824773,25.715317],[55.824422,25.715348],[55.824332,25.715346],[55.824199,25.715338],[55.824095,25.715326],[55.823991,25.715309],[55.823888,25.715288],[55.823787,25.715261],[55.823687,25.71523],[55.82363,25.715209],[55.82357,25.715194],[55.823509,25.715185],[55.823447,25.715181],[55.823385,25.715183],[55.823324,25.715191],[55.823263,25.715205],[55.823203,25.715224],[55.823146,25.71525],[55.823092,25.71528],[55.823042,25.715316],[55.822997,25.715356],[55.822956,25.715401],[55.822921,25.715449],[55.822892,25.7155],[55.822869,25.715554],[55.822853,25.715609],[55.822217,25.717982],[55.822131,25.718303],[55.822012,25.718745],[55.821963,25.718735],[55.82184,25.718709],[55.821467,25.720334],[55.821339,25.72089],[55.821375,25.721631],[55.82087,25.724188]]]},"properties":{"layer":"Area Name","name":"6A - AL JAZEERA AL HAMRA","sectorNo":"6","subSector":"6A","kind":"area","areaKm2":8.68,"fill":"#E8BEFF","fillOpacity":0.431,"stroke":"#E8BEFF","strokeWidth":1.0,"source":"Google My Maps 'RAK - MSW Sub-Sector Collection Routes' (PSD), exported 15 Sep 2026, with the map's own styling"}},{"type":"Feature","geometry":{"type":"Polygon","coordinates":[[[55.788495,25.703923],[55.787472,25.704805],[55.78759,25.705553],[55.786546,25.7064],[55.786164,25.706437],[55.785357,25.705895],[55.784551,25.705352],[55.783744,25.70481],[55.782938,25.704268],[55.782131,25.703725],[55.781325,25.703183],[55.780625,25.702494],[55.779925,25.701806],[55.779226,25.701118],[55.778526,25.70043],[55.777826,25.699741],[55.777127,25.699053],[55.776427,25.698365],[55.775728,25.697676],[55.774526,25.697066],[55.773314,25.697384],[55.772978,25.697114],[55.772948,25.696459],[55.773493,25.69556],[55.774037,25.694662],[55.77373,25.69378],[55.773423,25.692898],[55.773115,25.692016],[55.772808,25.691134],[55.772501,25.690252],[55.772124,25.689286],[55.771748,25.688319],[55.771371,25.687353],[55.770995,25.686387],[55.770618,25.68542],[55.770242,25.684454],[55.771174,25.684011],[55.77164,25.683789],[55.773039,25.683125],[55.773972,25.682682],[55.77406,25.68264],[55.775837,25.681796],[55.77677,25.681353],[55.776858,25.681312],[55.778635,25.680467],[55.779585,25.679785],[55.780415,25.680739],[55.781244,25.681693],[55.782024,25.682413],[55.782782,25.682964],[55.784233,25.683773],[55.785821,25.684667],[55.787101,25.685363],[55.788381,25.68606],[55.788913,25.68639],[55.789333,25.686651],[55.790286,25.687242],[55.791292,25.688019],[55.792298,25.688796],[55.793231,25.689548],[55.794164,25.6903],[55.795097,25.691052],[55.795905,25.691716],[55.796714,25.69238],[55.797522,25.693044],[55.798331,25.693708],[55.798706,25.694042],[55.798084,25.694633],[55.798381,25.694889],[55.797698,25.695554],[55.797604,25.695478],[55.788698,25.703969],[55.788587,25.703877],[55.788566,25.703862],[55.788495,25.703923]]]},"properties":{"layer":"Area Name","name":"6A - AL JAZEERA AL HAMRA - QARYAT","sectorNo":"6","subSector":"6A","kind":"area","areaKm2":4.507,"fill":"#E8BEFF","fillOpacity":0.439,"stroke":"#E8BEFF","strokeWidth":1.0,"source":"Google My Maps 'RAK - MSW Sub-Sector Collection Routes' (PSD), exported 15 Sep 2026, with the map's own styling"}},{"type":"Feature","geometry":{"type":"Polygon","coordinates":[[[55.883658,25.738689],[55.882524,25.73953],[55.881093,25.740235],[55.879194,25.740268],[55.877849,25.740234],[55.876584,25.740057],[55.87592,25.739936],[55.875138,25.739628],[55.874613,25.739517],[55.873902,25.739386],[55.873013,25.739159],[55.872052,25.738955],[55.871487,25.738777],[55.870772,25.738377],[55.870222,25.737985],[55.869299,25.737213],[55.868978,25.73702],[55.86886,25.736971],[55.868728,25.736934],[55.868557,25.736867],[55.868368,25.73671],[55.868224,25.73653],[55.868113,25.736404],[55.867989,25.736289],[55.867642,25.736006],[55.867521,25.735963],[55.866121,25.737697],[55.855908,25.731758],[55.854798,25.731445],[55.855396,25.730217],[55.852692,25.728651],[55.852901,25.727921],[55.853183,25.726936],[55.853293,25.726555],[55.853883,25.724499],[55.852626,25.724204],[55.852473,25.723907],[55.852346,25.723521],[55.852189,25.723316],[55.852017,25.723122],[55.851628,25.722888],[55.851125,25.722605],[55.851173,25.722487],[55.851458,25.721802],[55.85154,25.721689],[55.851627,25.721579],[55.851719,25.721472],[55.851817,25.72137],[55.85192,25.721272],[55.852028,25.721178],[55.85214,25.721089],[55.852257,25.721004],[55.85234,25.720966],[55.85242,25.720923],[55.852496,25.720875],[55.852569,25.720823],[55.852638,25.720767],[55.852708,25.720702],[55.852773,25.720634],[55.852833,25.720562],[55.852888,25.720487],[55.852937,25.720408],[55.85298,25.720327],[55.853081,25.719959],[55.853562,25.71821],[55.855533,25.718627],[55.855566,25.718634],[55.857102,25.719357],[55.85776,25.719578],[55.860088,25.720583],[55.860249,25.72068],[55.861364,25.721354],[55.862641,25.722127],[55.863642,25.722777],[55.863651,25.722783],[55.864017,25.72302],[55.864947,25.723624],[55.865346,25.723883],[55.865436,25.723941],[55.86684,25.724339],[55.866888,25.724352],[55.867207,25.724443],[55.871026,25.727227],[55.872982,25.728422],[55.873411,25.728684],[55.87186,25.730501],[55.876758,25.733132],[55.879661,25.734238],[55.884771,25.737258],[55.883658,25.738689]]]},"properties":{"layer":"Area Name","name":"6A - AL MUZAHMI","sectorNo":"6","subSector":"6A","kind":"area","areaKm2":3.528,"fill":"#E8BEFF","fillOpacity":0.439,"stroke":"#E8BEFF","strokeWidth":1.0,"source":"Google My Maps 'RAK - MSW Sub-Sector Collection Routes' (PSD), exported 15 Sep 2026, with the map's own styling"}},{"type":"Feature","geometry":{"type":"Polygon","coordinates":[[[55.814431,25.627899],[55.820951,25.631114],[55.82187,25.631568],[55.823701,25.63247],[55.824832,25.633028],[55.837015,25.639035],[55.837523,25.639289],[55.838028,25.639548],[55.838491,25.639792],[55.838951,25.640041],[55.839409,25.640294],[55.839863,25.640552],[55.840315,25.640814],[55.84078,25.641091],[55.841242,25.641372],[55.8417,25.641659],[55.842155,25.641949],[55.842607,25.642245],[55.843054,25.642545],[55.843266,25.642689],[55.846457,25.644894],[55.847004,25.645272],[55.855599,25.651212],[55.857866,25.65279],[55.858336,25.653103],[55.857293,25.654334],[55.853982,25.658243],[55.85152,25.661149],[55.842374,25.671641],[55.842915,25.672018],[55.839462,25.676094],[55.839272,25.676312],[55.839077,25.676526],[55.838876,25.676736],[55.838669,25.676941],[55.838457,25.677141],[55.83824,25.677337],[55.838018,25.677528],[55.83779,25.677714],[55.837558,25.677895],[55.837321,25.678071],[55.837079,25.678242],[55.836833,25.678407],[55.836582,25.678567],[55.836327,25.678721],[55.836068,25.678869],[55.835805,25.679012],[55.835539,25.679149],[55.835269,25.67928],[55.834995,25.679405],[55.834718,25.679525],[55.834438,25.679637],[55.834155,25.679744],[55.83387,25.679845],[55.833581,25.679939],[55.833291,25.680027],[55.832998,25.680108],[55.832055,25.680359],[55.831901,25.680404],[55.831751,25.680455],[55.831603,25.680513],[55.831458,25.680577],[55.831317,25.680648],[55.831181,25.680724],[55.831048,25.680807],[55.83092,25.680895],[55.830797,25.680989],[55.830679,25.681089],[55.830566,25.681193],[55.83046,25.681302],[55.830359,25.681416],[55.829989,25.681856],[55.829322,25.681671],[55.82487,25.687087],[55.819416,25.693126],[55.818289,25.694373],[55.816394,25.696153],[55.813915,25.69848],[55.812653,25.699664],[55.812228,25.700063],[55.808945,25.703146],[55.808699,25.702926],[55.807953,25.702259],[55.807182,25.701574],[55.806412,25.70089],[55.805641,25.700205],[55.80487,25.69952],[55.8041,25.698835],[55.803329,25.698151],[55.802559,25.697466],[55.801788,25.696781],[55.801018,25.696096],[55.800247,25.695412],[55.799826,25.695037],[55.799477,25.694727],[55.798706,25.694042],[55.798331,25.693708],[55.797522,25.693044],[55.796714,25.69238],[55.795905,25.691716],[55.795097,25.691052],[55.794164,25.6903],[55.793231,25.689548],[55.792298,25.688796],[55.791292,25.688019],[55.790286,25.687242],[55.789333,25.686651],[55.788913,25.68639],[55.788381,25.68606],[55.787101,25.685363],[55.785821,25.684667],[55.784233,25.683773],[55.782782,25.682964],[55.782024,25.682413],[55.781244,25.681693],[55.780415,25.680739],[55.779585,25.679785],[55.777415,25.677287],[55.775469,25.675069],[55.775272,25.67484],[55.774475,25.673914],[55.773677,25.672987],[55.77288,25.672061],[55.772251,25.671301],[55.771622,25.670541],[55.770705,25.669673],[55.769693,25.668973],[55.768749,25.668413],[55.767806,25.667853],[55.766862,25.667292],[55.765926,25.666741],[55.76499,25.66619],[55.764054,25.665639],[55.763118,25.665088],[55.762183,25.664537],[55.761247,25.663986],[55.760311,25.663435],[55.759446,25.662917],[55.758582,25.662399],[55.757718,25.661881],[55.756861,25.661377],[55.756005,25.660873],[55.755148,25.660369],[55.754153,25.659636],[55.753158,25.658904],[55.752162,25.658172],[55.751477,25.6574],[55.750792,25.656627],[55.75003,25.655313],[55.75003,25.655312],[55.757409,25.65392],[55.767076,25.652098],[55.784094,25.643201],[55.786672,25.641853],[55.795774,25.633529],[55.806654,25.623576],[55.807159,25.623908],[55.807649,25.624224],[55.808144,25.624534],[55.808643,25.62484],[55.809146,25.625139],[55.809653,25.625434],[55.810115,25.625695],[55.81058,25.625951],[55.811048,25.626203],[55.811518,25.626451],[55.811992,25.626693],[55.812445,25.626919],[55.814431,25.627899]]]},"properties":{"layer":"Area Name","name":"6A - AL JAZEERA AL HAMRA INDUSTRIAL","sectorNo":"6","subSector":"6A","kind":"area","areaKm2":46.076,"fill":"#E8BEFF","fillOpacity":0.431,"stroke":"#E8BEFF","strokeWidth":1.0,"source":"Google My Maps 'RAK - MSW Sub-Sector Collection Routes' (PSD), exported 15 Sep 2026, with the map's own styling"}},{"type":"Feature","geometry":{"type":"Polygon","coordinates":[[[55.877861,25.668426],[55.878933,25.669507],[55.87913,25.669711],[55.879576,25.670171],[55.879708,25.670307],[55.879844,25.670456],[55.880007,25.67064],[55.880167,25.670827],[55.880323,25.671016],[55.880417,25.671132],[55.88057,25.671326],[55.880712,25.671513],[55.880851,25.671702],[55.880987,25.671893],[55.881118,25.672085],[55.881406,25.672526],[55.881677,25.672977],[55.881931,25.673435],[55.882167,25.673901],[55.882386,25.674374],[55.882586,25.674854],[55.882769,25.675339],[55.882933,25.67583],[55.883078,25.676326],[55.883205,25.676825],[55.883312,25.677329],[55.883401,25.677836],[55.88347,25.678345],[55.88352,25.678855],[55.883551,25.679367],[55.883562,25.67988],[55.883554,25.680393],[55.883527,25.680905],[55.88348,25.681416],[55.883415,25.681926],[55.883329,25.682433],[55.883225,25.682937],[55.883102,25.683437],[55.88296,25.683934],[55.882799,25.684426],[55.88262,25.684912],[55.882423,25.685393],[55.882207,25.685867],[55.881974,25.686334],[55.876781,25.69452],[55.873833,25.699166],[55.873702,25.699372],[55.869406,25.706142],[55.869324,25.706271],[55.864511,25.713855],[55.862914,25.71637],[55.862595,25.716873],[55.861661,25.718345],[55.861038,25.719142],[55.860088,25.720583],[55.85776,25.719578],[55.857102,25.719357],[55.855566,25.718634],[55.855533,25.718627],[55.853562,25.71821],[55.853081,25.719959],[55.85298,25.720327],[55.852937,25.720408],[55.852888,25.720487],[55.852833,25.720562],[55.852773,25.720634],[55.852708,25.720702],[55.852638,25.720767],[55.852569,25.720823],[55.852496,25.720875],[55.85242,25.720923],[55.85234,25.720966],[55.852257,25.721004],[55.85214,25.721089],[55.852028,25.721178],[55.85192,25.721272],[55.851817,25.72137],[55.851719,25.721472],[55.851627,25.721579],[55.85154,25.721689],[55.851458,25.721802],[55.851173,25.722487],[55.851125,25.722605],[55.851628,25.722888],[55.852017,25.723122],[55.852189,25.723316],[55.852346,25.723521],[55.852473,25.723907],[55.852626,25.724204],[55.853883,25.724499],[55.853293,25.726555],[55.853183,25.726936],[55.852901,25.727921],[55.852692,25.728651],[55.855396,25.730217],[55.854798,25.731445],[55.853688,25.731131],[55.852578,25.730818],[55.851468,25.730505],[55.850358,25.730192],[55.849248,25.729879],[55.848244,25.729649],[55.847241,25.729419],[55.846237,25.729189],[55.845234,25.728959],[55.84423,25.728729],[55.843227,25.728499],[55.842223,25.728269],[55.84122,25.728039],[55.840216,25.727809],[55.839212,25.727579],[55.838209,25.727348],[55.837245,25.727054],[55.836281,25.72676],[55.835318,25.726466],[55.834354,25.726172],[55.83339,25.725878],[55.832426,25.725583],[55.831463,25.725289],[55.830499,25.724995],[55.829535,25.724701],[55.828571,25.724406],[55.827608,25.724112],[55.826485,25.724125],[55.825362,25.724137],[55.824239,25.72415],[55.823116,25.724162],[55.821993,25.724175],[55.82087,25.724188],[55.821375,25.721631],[55.821339,25.72089],[55.821467,25.720334],[55.82184,25.718709],[55.821963,25.718735],[55.822012,25.718745],[55.822131,25.718303],[55.822217,25.717982],[55.822853,25.715609],[55.822869,25.715554],[55.822892,25.7155],[55.822921,25.715449],[55.822956,25.715401],[55.822997,25.715356],[55.823042,25.715316],[55.823092,25.71528],[55.823146,25.71525],[55.823203,25.715224],[55.823263,25.715205],[55.823324,25.715191],[55.823385,25.715183],[55.823447,25.715181],[55.823509,25.715185],[55.82357,25.715194],[55.82363,25.715209],[55.823687,25.71523],[55.823787,25.715261],[55.823888,25.715288],[55.823991,25.715309],[55.824095,25.715326],[55.824199,25.715338],[55.824332,25.715346],[55.824422,25.715348],[55.824773,25.715317],[55.824895,25.715293],[55.825016,25.715262],[55.825134,25.715225],[55.825126,25.715207],[55.82516,25.715194],[55.825271,25.715148],[55.825379,25.715096],[55.825483,25.715038],[55.825594,25.714972],[55.825708,25.714912],[55.825824,25.714855],[55.825944,25.714804],[55.825844,25.714355],[55.825748,25.713927],[55.825528,25.712936],[55.825479,25.712664],[55.825379,25.712181],[55.825314,25.711864],[55.825313,25.711862],[55.825008,25.711873],[55.823822,25.711706],[55.822636,25.71154],[55.821451,25.711373],[55.819993,25.711106],[55.819892,25.711088],[55.818716,25.71083],[55.817788,25.710475],[55.816768,25.709959],[55.815815,25.709306],[55.814484,25.708154],[55.813769,25.707495],[55.813054,25.706836],[55.812339,25.706177],[55.811624,25.705538],[55.810909,25.704899],[55.810193,25.70426],[55.809446,25.703593],[55.808945,25.703146],[55.812228,25.700063],[55.812653,25.699664],[55.813915,25.69848],[55.816394,25.696153],[55.818289,25.694373],[55.819416,25.693126],[55.82487,25.687087],[55.829322,25.681671],[55.829989,25.681856],[55.830359,25.681416],[55.83046,25.681302],[55.830566,25.681193],[55.830679,25.681089],[55.830797,25.680989],[55.83092,25.680895],[55.831048,25.680807],[55.831181,25.680724],[55.831317,25.680648],[55.831458,25.680577],[55.831603,25.680513],[55.831751,25.680455],[55.831901,25.680404],[55.832055,25.680359],[55.832998,25.680108],[55.833291,25.680027],[55.833581,25.679939],[55.83387,25.679845],[55.834155,25.679744],[55.834438,25.679637],[55.834718,25.679525],[55.834995,25.679405],[55.835269,25.67928],[55.835539,25.679149],[55.835805,25.679012],[55.836068,25.678869],[55.836327,25.678721],[55.836582,25.678567],[55.836833,25.678407],[55.837079,25.678242],[55.837321,25.678071],[55.837558,25.677895],[55.83779,25.677714],[55.838018,25.677528],[55.83824,25.677337],[55.838457,25.677141],[55.838669,25.676941],[55.838876,25.676736],[55.839077,25.676526],[55.839272,25.676312],[55.839462,25.676094],[55.842915,25.672018],[55.842374,25.671641],[55.85152,25.661149],[55.853982,25.658243],[55.857293,25.654334],[55.858336,25.653103],[55.868644,25.660225],[55.869103,25.660542],[55.869522,25.660835],[55.869937,25.661134],[55.870347,25.661437],[55.871415,25.662267],[55.871784,25.662568],[55.872149,25.662873],[55.872509,25.663181],[55.872865,25.663495],[55.873217,25.663812],[55.873565,25.664133],[55.873908,25.664458],[55.874247,25.664787],[55.874585,25.665123],[55.87489,25.665431],[55.876181,25.666733],[55.876624,25.667179],[55.876877,25.667435],[55.876936,25.667494],[55.877249,25.667809],[55.877343,25.667904],[55.877861,25.668426]]]},"properties":{"layer":"Area Name","name":"6A - AL RIFFA","sectorNo":"6","subSector":"6A","kind":"area","areaKm2":34.419,"fill":"#E8BEFF","fillOpacity":0.431,"stroke":"#E8BEFF","strokeWidth":1.0,"source":"Google My Maps 'RAK - MSW Sub-Sector Collection Routes' (PSD), exported 15 Sep 2026, with the map's own styling"}},{"type":"Feature","geometry":{"type":"Polygon","coordinates":[[[55.74887,25.660367],[55.749244,25.660585],[55.74959,25.660261],[55.750028,25.660664],[55.750291,25.660419],[55.750463,25.660413],[55.75197,25.661624],[55.751627,25.661975],[55.751849,25.662105],[55.752397,25.66255],[55.752815,25.662888],[55.752515,25.663172],[55.752631,25.663204],[55.752835,25.663267],[55.753036,25.663336],[55.753235,25.663411],[55.753431,25.663493],[55.753624,25.663579],[55.753814,25.663672],[55.754,25.663771],[55.754183,25.663874],[55.754361,25.663984],[55.754536,25.664098],[55.754706,25.664218],[55.754872,25.664343],[55.755033,25.664472],[55.75519,25.664607],[55.755341,25.664746],[55.755349,25.664737],[55.755514,25.664916],[55.755687,25.665082],[55.755678,25.665092],[55.755815,25.665249],[55.755945,25.665411],[55.75607,25.665576],[55.756188,25.665745],[55.7563,25.665917],[55.756405,25.666093],[55.756504,25.666272],[55.756596,25.666454],[55.756681,25.666638],[55.756759,25.666825],[55.756831,25.667015],[55.756895,25.667206],[55.757532,25.667895],[55.759826,25.670376],[55.762026,25.672754],[55.762114,25.672617],[55.762189,25.672702],[55.76276,25.673344],[55.764341,25.675123],[55.764818,25.675659],[55.765294,25.676195],[55.765352,25.676271],[55.765731,25.676697],[55.766112,25.677126],[55.766599,25.677695],[55.766648,25.677726],[55.767622,25.679122],[55.767703,25.679238],[55.76819,25.679936],[55.768185,25.679939],[55.768509,25.680405],[55.768612,25.680537],[55.769553,25.681886],[55.769757,25.682178],[55.769594,25.682258],[55.77014,25.683185],[55.770379,25.68307],[55.770527,25.683282],[55.771014,25.683979],[55.77107,25.68406],[55.770242,25.684454],[55.770191,25.684368],[55.7699,25.684505],[55.76715,25.680544],[55.766904,25.680187],[55.766653,25.679833],[55.766396,25.679482],[55.766134,25.679135],[55.765866,25.678791],[55.765592,25.67845],[55.765314,25.678113],[55.76503,25.67778],[55.764741,25.677451],[55.764634,25.677323],[55.764521,25.677201],[55.764402,25.677083],[55.764278,25.676969],[55.764148,25.676861],[55.764014,25.676758],[55.763874,25.67666],[55.76373,25.676568],[55.763581,25.676481],[55.763429,25.676401],[55.763273,25.676327],[55.763113,25.676258],[55.76295,25.676197],[55.762785,25.676141],[55.762617,25.676093],[55.762447,25.67605],[55.762275,25.676015],[55.762101,25.675987],[55.761926,25.675965],[55.76175,25.67595],[55.761574,25.675943],[55.761398,25.675942],[55.761222,25.675948],[55.761046,25.675961],[55.760871,25.675981],[55.760697,25.676008],[55.760524,25.676042],[55.760354,25.676082],[55.760185,25.676129],[55.760019,25.676183],[55.759855,25.676243],[55.759695,25.67631],[55.759538,25.676383],[55.759385,25.676462],[55.759235,25.676547],[55.75909,25.676638],[55.758949,25.676734],[55.75865,25.676472],[55.758535,25.676382],[55.757681,25.675734],[55.757192,25.675396],[55.757321,25.674823],[55.757367,25.674563],[55.757405,25.674302],[55.757437,25.67404],[55.757461,25.673778],[55.757478,25.673515],[55.757487,25.673252],[55.757489,25.672988],[55.757484,25.672725],[55.757471,25.672462],[55.757451,25.6722],[55.757424,25.671937],[55.757389,25.671676],[55.757347,25.671415],[55.757298,25.671156],[55.757242,25.670898],[55.757178,25.670641],[55.757107,25.670385],[55.757029,25.670132],[55.756944,25.66988],[55.756852,25.66963],[55.756753,25.669383],[55.756613,25.669024],[55.756468,25.668666],[55.756318,25.66831],[55.756247,25.66814],[55.75617,25.667971],[55.756087,25.667805],[55.755997,25.667642],[55.755902,25.667482],[55.7558,25.667324],[55.755693,25.66717],[55.755581,25.667019],[55.755462,25.666871],[55.755339,25.666727],[55.75521,25.666587],[55.755062,25.666414],[55.754909,25.666245],[55.754751,25.666079],[55.754588,25.665918],[55.75442,25.665761],[55.754247,25.665608],[55.75407,25.665459],[55.753888,25.665315],[55.753702,25.665175],[55.753576,25.665099],[55.753445,25.66503],[55.75331,25.664967],[55.753173,25.66491],[55.753032,25.664859],[55.752922,25.664823],[55.75281,25.664791],[55.752697,25.664765],[55.752582,25.664743],[55.752467,25.664726],[55.752351,25.664715],[55.752222,25.664709],[55.752094,25.664709],[55.751965,25.664717],[55.751808,25.664734],[55.751652,25.664757],[55.751498,25.664788],[55.751345,25.664826],[55.751195,25.664871],[55.751047,25.664922],[55.750902,25.66498],[55.750761,25.665044],[55.750623,25.665115],[55.75049,25.665192],[55.750361,25.665274],[55.749942,25.665549],[55.749555,25.66582],[55.746512,25.668528],[55.746295,25.668673],[55.745845,25.669057],[55.746867,25.670318],[55.748212,25.671152],[55.747798,25.672107],[55.746914,25.673601],[55.746086,25.673761],[55.744697,25.67377],[55.743345,25.674056],[55.742596,25.675396],[55.742742,25.6765],[55.744026,25.678041],[55.745573,25.678644],[55.748618,25.678315],[55.750294,25.678135],[55.752024,25.676619],[55.753028,25.67721],[55.754563,25.678304],[55.75727,25.681053],[55.757345,25.681328],[55.757427,25.681601],[55.757515,25.681872],[55.75761,25.682142],[55.75771,25.68241],[55.757817,25.682676],[55.759301,25.68318],[55.760927,25.684964],[55.762102,25.687426],[55.762309,25.689573],[55.76151,25.690823],[55.761539,25.69096],[55.76156,25.691098],[55.761573,25.691237],[55.761578,25.691376],[55.761575,25.691516],[55.761565,25.691655],[55.761547,25.691794],[55.761521,25.691931],[55.761487,25.692067],[55.761446,25.692202],[55.761397,25.692334],[55.761341,25.692464],[55.761278,25.692591],[55.761208,25.692716],[55.761131,25.692836],[55.761047,25.692953],[55.760957,25.693066],[55.76086,25.693175],[55.760758,25.693279],[55.76065,25.693379],[55.760536,25.693473],[55.760417,25.693562],[55.760294,25.693645],[55.760166,25.693723],[55.760034,25.693794],[55.759898,25.69386],[55.759758,25.693919],[55.759615,25.693971],[55.75947,25.694017],[55.759322,25.694057],[55.759172,25.694089],[55.759021,25.694114],[55.758868,25.694133],[55.758715,25.694144],[55.758561,25.694149],[55.758373,25.694266],[55.757899,25.694485],[55.755217,25.692612],[55.753226,25.692137],[55.751093,25.6904],[55.749147,25.688122],[55.749076,25.686542],[55.74978,25.686516],[55.75154,25.686397],[55.752704,25.685851],[55.753033,25.684836],[55.752479,25.683566],[55.751571,25.682545],[55.749196,25.683851],[55.74584,25.683583],[55.745918,25.686513],[55.746331,25.689057],[55.745252,25.691413],[55.744271,25.693338],[55.741322,25.694985],[55.738788,25.695678],[55.735822,25.695438],[55.7326,25.693266],[55.731675,25.692107],[55.730676,25.690395],[55.730805,25.687862],[55.731263,25.686064],[55.732299,25.684553],[55.733097,25.684747],[55.734035,25.685415],[55.734809,25.684842],[55.735759,25.68327],[55.737423,25.681831],[55.739871,25.681078],[55.739171,25.680454],[55.737795,25.678223],[55.737516,25.675524],[55.738808,25.672446],[55.741897,25.669524],[55.740597,25.667844],[55.74887,25.660367]]]},"properties":{"layer":"Area Name","name":"6A - JAZEERAT AL MARJAN","sectorNo":"6","subSector":"6A","kind":"area","areaKm2":5.799,"fill":"#E8BEFF","fillOpacity":0.439,"stroke":"#E8BEFF","strokeWidth":1.0,"source":"Google My Maps 'RAK - MSW Sub-Sector Collection Routes' (PSD), exported 15 Sep 2026, with the map's own styling"}},{"type":"Feature","geometry":{"type":"Polygon","coordinates":[[[55.74887,25.660367],[55.74797,25.658283],[55.748245,25.658011],[55.748344,25.655629],[55.75003,25.655312],[55.75003,25.655313],[55.750792,25.656627],[55.751477,25.6574],[55.752162,25.658172],[55.753158,25.658904],[55.754153,25.659636],[55.755148,25.660369],[55.756005,25.660873],[55.756861,25.661377],[55.757718,25.661881],[55.758582,25.662399],[55.759446,25.662917],[55.760311,25.663435],[55.761247,25.663986],[55.762183,25.664537],[55.763118,25.665088],[55.764054,25.665639],[55.76499,25.66619],[55.765926,25.666741],[55.766862,25.667292],[55.767806,25.667853],[55.768749,25.668413],[55.769693,25.668973],[55.770705,25.669673],[55.771622,25.670541],[55.772251,25.671301],[55.77288,25.672061],[55.773677,25.672987],[55.774475,25.673914],[55.775272,25.67484],[55.775469,25.675069],[55.777415,25.677287],[55.779585,25.679785],[55.778635,25.680467],[55.776858,25.681312],[55.77677,25.681353],[55.775837,25.681796],[55.77406,25.68264],[55.773972,25.682682],[55.773039,25.683125],[55.77164,25.683789],[55.771174,25.684011],[55.77107,25.68406],[55.771014,25.683979],[55.770527,25.683282],[55.770379,25.68307],[55.77014,25.683185],[55.769594,25.682258],[55.769757,25.682178],[55.769553,25.681886],[55.768612,25.680537],[55.768509,25.680405],[55.768185,25.679939],[55.76819,25.679936],[55.767703,25.679238],[55.767622,25.679122],[55.766648,25.677726],[55.766599,25.677695],[55.766112,25.677126],[55.765731,25.676697],[55.765352,25.676271],[55.765294,25.676195],[55.764818,25.675659],[55.764341,25.675123],[55.76276,25.673344],[55.762189,25.672702],[55.762114,25.672617],[55.762026,25.672754],[55.759826,25.670376],[55.757532,25.667895],[55.756895,25.667206],[55.756831,25.667015],[55.756759,25.666825],[55.756681,25.666638],[55.756596,25.666454],[55.756504,25.666272],[55.756405,25.666093],[55.7563,25.665917],[55.756188,25.665745],[55.75607,25.665576],[55.755945,25.665411],[55.755815,25.665249],[55.755678,25.665092],[55.755687,25.665082],[55.755514,25.664916],[55.755349,25.664737],[55.755341,25.664746],[55.75519,25.664607],[55.755033,25.664472],[55.754872,25.664343],[55.754706,25.664218],[55.754536,25.664098],[55.754361,25.663984],[55.754183,25.663874],[55.754,25.663771],[55.753814,25.663672],[55.753624,25.663579],[55.753431,25.663493],[55.753235,25.663411],[55.753036,25.663336],[55.752835,25.663267],[55.752631,25.663204],[55.752515,25.663172],[55.752815,25.662888],[55.752397,25.66255],[55.751849,25.662105],[55.751627,25.661975],[55.75197,25.661624],[55.750463,25.660413],[55.750291,25.660419],[55.750028,25.660664],[55.74959,25.660261],[55.749244,25.660585],[55.74887,25.660367]]]},"properties":{"layer":"Area Name","name":"6A - NAD AL SILI","sectorNo":"6","subSector":"6A","kind":"area","areaKm2":2.603,"fill":"#E8BEFF","fillOpacity":0.431,"stroke":"#E8BEFF","strokeWidth":1.0,"source":"Google My Maps 'RAK - MSW Sub-Sector Collection Routes' (PSD), exported 15 Sep 2026, with the map's own styling"}},{"type":"Feature","geometry":{"type":"Polygon","coordinates":[[[55.967022,25.467852],[55.968642,25.474887],[55.968683,25.475064],[55.969122,25.47697],[55.970128,25.481334],[55.970322,25.482176],[55.970956,25.484928],[55.971669,25.488021],[55.973087,25.494175],[55.975885,25.506313],[55.977964,25.515334],[55.97965,25.518035],[55.97806,25.518852],[55.948161,25.534208],[55.944639,25.527656],[55.939813,25.518678],[55.93981,25.518674],[55.930293,25.500963],[55.922227,25.48595],[55.922185,25.485872],[55.914541,25.471641],[55.932025,25.470124],[55.946532,25.468864],[55.966848,25.467097],[55.967022,25.467852]]]},"properties":{"layer":"Area Name","name":"7A - UM AL URGE","sectorNo":"7","subSector":"7A","kind":"area","areaKm2":28.935,"fill":"#817717","fillOpacity":0.439,"stroke":"#817717","strokeWidth":1.0,"source":"Google My Maps 'RAK - MSW Sub-Sector Collection Routes' (PSD), exported 15 Sep 2026, with the map's own styling"}},{"type":"Feature","geometry":{"type":"Polygon","coordinates":[[[55.880002,25.560517],[55.860564,25.52431],[55.849795,25.504241],[55.845187,25.495652],[55.828353,25.48525],[55.849618,25.477255],[55.861831,25.476201],[55.880614,25.474578],[55.898563,25.473025],[55.914541,25.471641],[55.922185,25.485872],[55.922227,25.48595],[55.930293,25.500963],[55.93981,25.518674],[55.939813,25.518678],[55.944639,25.527656],[55.948161,25.534208],[55.947876,25.534355],[55.940674,25.538019],[55.937987,25.539073],[55.927314,25.544809],[55.913478,25.548173],[55.896247,25.55236],[55.894204,25.552961],[55.893784,25.553133],[55.892163,25.553798],[55.890712,25.554562],[55.889171,25.555526],[55.887892,25.556518],[55.886694,25.557616],[55.885797,25.558585],[55.884849,25.55976],[55.883946,25.561105],[55.882341,25.563768],[55.882219,25.563394],[55.881866,25.56231],[55.880002,25.560517]]]},"properties":{"layer":"Area Name","name":"7A - AL SAADI","sectorNo":"7","subSector":"7A","kind":"area","areaKm2":67.338,"fill":"#817717","fillOpacity":0.451,"stroke":"#817717","strokeWidth":1.0,"source":"Google My Maps 'RAK - MSW Sub-Sector Collection Routes' (PSD), exported 15 Sep 2026, with the map's own styling"}},{"type":"Feature","geometry":{"type":"Polygon","coordinates":[[[56.010295,25.470974],[56.015117,25.473052],[56.025338,25.477457],[56.02805,25.472534],[56.03063,25.473705],[56.033219,25.480614],[56.028021,25.490052],[56.019968,25.489816],[56.018662,25.491063],[56.004819,25.504285],[55.997695,25.498141],[55.998568,25.497458],[55.997764,25.494626],[55.992012,25.496112],[55.989277,25.487393],[55.988734,25.487534],[55.987578,25.483837],[55.987542,25.483725],[55.987545,25.483622],[55.987614,25.480708],[55.987672,25.477753],[55.988279,25.477757],[55.988377,25.475883],[55.988995,25.472892],[55.990812,25.4732],[55.990876,25.472196],[55.990877,25.472196],[55.991143,25.467998],[55.991243,25.468015],[55.991488,25.468057],[55.991732,25.4681],[55.991902,25.468129],[55.991976,25.468142],[55.992033,25.468152],[55.992221,25.468184],[55.992465,25.468226],[55.992709,25.468268],[55.992953,25.468311],[55.993198,25.468353],[55.993442,25.468395],[55.993484,25.468402],[55.993535,25.468411],[55.993585,25.46842],[55.993636,25.468429],[55.993687,25.468437],[55.993748,25.468447],[55.993809,25.468458],[55.993871,25.468468],[55.993932,25.468477],[55.993994,25.468487],[55.994055,25.468496],[55.994117,25.468505],[55.994179,25.468513],[55.994241,25.468521],[55.994303,25.468529],[55.994842,25.468619],[55.995826,25.468784],[55.995911,25.468797],[55.996008,25.468812],[55.996102,25.468822],[55.996214,25.468836],[55.996276,25.46884],[55.996421,25.468848],[55.996538,25.468849],[55.996607,25.468848],[55.996788,25.468843],[55.996913,25.468835],[55.997119,25.468814],[55.997298,25.468787],[55.997498,25.468749],[55.997629,25.468718],[55.997794,25.468673],[55.997905,25.468639],[55.998069,25.468581],[55.998207,25.468527],[55.998354,25.468463],[55.998476,25.468406],[55.998625,25.468329],[55.998733,25.468265],[55.998843,25.468202],[55.998947,25.468136],[55.999083,25.46805],[55.999268,25.467934],[55.99961,25.467719],[56.00009,25.467417],[56.000441,25.467197],[56.000638,25.467072],[56.0008,25.466969],[56.00092,25.466894],[56.000997,25.466846],[56.001281,25.466812],[56.001551,25.466793],[56.001796,25.466788],[56.002042,25.466794],[56.002287,25.466811],[56.002531,25.466838],[56.002773,25.466877],[56.003013,25.466926],[56.00325,25.466986],[56.003483,25.467056],[56.003639,25.46711],[56.003825,25.467181],[56.003937,25.467226],[56.004049,25.467274],[56.00416,25.467323],[56.004326,25.4674],[56.004491,25.467478],[56.004627,25.467543],[56.004752,25.467604],[56.004931,25.467689],[56.005097,25.467766],[56.005379,25.46789],[56.005588,25.467974],[56.005725,25.468024],[56.005962,25.468102],[56.006203,25.468168],[56.006446,25.468224],[56.006693,25.468269],[56.006942,25.468302],[56.007192,25.468325],[56.007443,25.468337],[56.007695,25.468337],[56.007946,25.468326],[56.008197,25.468304],[56.008445,25.468271],[56.008692,25.468227],[56.008936,25.468172],[56.009177,25.468106],[56.009371,25.468045],[56.010295,25.470974]]]},"properties":{"layer":"Area Name","name":"7A - ABU OWAID","sectorNo":"7","subSector":"7A","kind":"area","areaKm2":11.394,"fill":"#817717","fillOpacity":0.451,"stroke":"#817717","strokeWidth":1.0,"source":"Google My Maps 'RAK - MSW Sub-Sector Collection Routes' (PSD), exported 15 Sep 2026, with the map's own styling"}},{"type":"Feature","geometry":{"type":"Polygon","coordinates":[[[55.958721,25.442802],[55.933676,25.438049],[55.91051,25.433649],[55.906602,25.427357],[55.907457,25.411033],[55.908843,25.409309],[55.915853,25.400588],[55.936856,25.389512],[55.937318,25.387867],[55.937319,25.387865],[55.943195,25.366989],[55.944979,25.360648],[55.967739,25.360688],[55.978808,25.360706],[55.983226,25.368965],[55.994907,25.390796],[55.999645,25.389802],[55.999651,25.390224],[55.999644,25.390646],[55.999623,25.391067],[55.999584,25.391502],[55.999531,25.391936],[55.999462,25.392368],[55.999378,25.392798],[55.999217,25.393403],[55.999037,25.394004],[55.998837,25.394599],[55.998619,25.395189],[55.995666,25.402573],[55.994101,25.406484],[55.99396,25.406849],[55.993662,25.407603],[55.993279,25.408558],[55.992944,25.409387],[55.992473,25.41057],[55.992325,25.410954],[55.992323,25.410959],[55.992436,25.410992],[55.99245,25.410996],[55.992505,25.411012],[55.992561,25.411029],[55.992616,25.411045],[55.992672,25.411061],[55.992731,25.411078],[55.99279,25.411095],[55.99285,25.411112],[55.992909,25.411129],[55.992969,25.411145],[55.993028,25.411162],[55.993088,25.411178],[55.993147,25.411194],[55.993207,25.411209],[55.993267,25.411224],[55.993327,25.411239],[55.993387,25.411254],[55.993447,25.411268],[55.993507,25.411281],[55.993568,25.411295],[55.993628,25.411308],[55.993651,25.411313],[55.993674,25.411317],[55.993697,25.411322],[55.993721,25.411326],[55.993871,25.411354],[55.994116,25.411392],[55.994363,25.411421],[55.99461,25.411441],[55.994859,25.411453],[55.995107,25.411456],[55.995356,25.41145],[55.995421,25.411447],[55.995467,25.411445],[55.995512,25.411442],[55.995558,25.411439],[55.995604,25.411436],[55.995666,25.411431],[55.995727,25.411426],[55.995789,25.411421],[55.995851,25.411415],[55.995913,25.411408],[55.995975,25.411401],[55.996036,25.411394],[55.996098,25.411387],[55.996159,25.41138],[55.996221,25.411372],[55.996282,25.411364],[55.996344,25.411356],[55.996405,25.411347],[55.996467,25.411339],[55.996528,25.41133],[55.99659,25.411321],[55.996625,25.411316],[55.996661,25.411311],[55.996697,25.411306],[55.996733,25.411301],[55.996835,25.411286],[55.997081,25.411251],[55.997326,25.411216],[55.997572,25.411181],[55.997817,25.411146],[55.998063,25.41111],[55.998308,25.411075],[55.998554,25.41104],[55.998799,25.411005],[55.999045,25.41097],[55.99929,25.410935],[55.999536,25.410899],[55.999781,25.410864],[56.000027,25.410829],[56.000272,25.410794],[56.000518,25.410759],[56.000568,25.410751],[56.000617,25.410744],[56.000666,25.410737],[56.000715,25.410731],[56.000763,25.410724],[56.000825,25.410715],[56.000886,25.410706],[56.000948,25.410698],[56.001009,25.410689],[56.00107,25.410681],[56.001132,25.410673],[56.001193,25.410665],[56.001255,25.410657],[56.001317,25.410649],[56.001378,25.410642],[56.00144,25.410634],[56.001501,25.410627],[56.001563,25.410621],[56.001625,25.410614],[56.001687,25.410608],[56.001748,25.410602],[56.001781,25.410599],[56.001813,25.410596],[56.001846,25.410593],[56.001878,25.41059],[56.001996,25.410581],[56.002244,25.410566],[56.002492,25.410556],[56.002741,25.410552],[56.002989,25.410553],[56.003238,25.41056],[56.003486,25.410573],[56.003733,25.410591],[56.003981,25.410614],[56.004227,25.410643],[56.004473,25.410678],[56.004717,25.410717],[56.004961,25.410763],[56.005203,25.410813],[56.005444,25.41087],[56.005683,25.410931],[56.00592,25.410998],[56.006156,25.41107],[56.00639,25.411147],[56.006621,25.411229],[56.00685,25.411317],[56.006985,25.411371],[56.007008,25.411381],[56.007031,25.41139],[56.007054,25.4114],[56.007077,25.41141],[56.007133,25.411434],[56.007189,25.411458],[56.007245,25.411482],[56.007301,25.411507],[56.007357,25.411532],[56.007412,25.411557],[56.007468,25.411582],[56.007523,25.411608],[56.007579,25.411633],[56.007634,25.411659],[56.007689,25.411685],[56.007744,25.411711],[56.007799,25.411737],[56.007854,25.411764],[56.007909,25.41179],[56.007964,25.411817],[56.008014,25.411841],[56.008064,25.411865],[56.008115,25.411889],[56.008165,25.411914],[56.008183,25.411923],[56.008403,25.412029],[56.008407,25.412031],[56.00846,25.412057],[56.008514,25.412083],[56.008568,25.412109],[56.008622,25.412135],[56.008677,25.412161],[56.008732,25.412188],[56.008787,25.412214],[56.008842,25.41224],[56.008898,25.412265],[56.008953,25.412291],[56.009009,25.412316],[56.009064,25.412342],[56.00912,25.412366],[56.009176,25.412391],[56.009197,25.4124],[56.009232,25.412415],[56.009288,25.412439],[56.009345,25.412462],[56.009402,25.412485],[56.009459,25.412508],[56.009516,25.41253],[56.009535,25.412538],[56.009554,25.412545],[56.009574,25.412553],[56.009593,25.41256],[56.009746,25.412614],[56.00998,25.41269],[56.010217,25.412758],[56.010457,25.412818],[56.010699,25.412869],[56.010943,25.412911],[56.011189,25.412945],[56.011436,25.41297],[56.011498,25.412975],[56.01156,25.412979],[56.011622,25.412984],[56.011684,25.412987],[56.011746,25.412991],[56.011808,25.412993],[56.01187,25.412996],[56.011932,25.412998],[56.011994,25.413],[56.012056,25.413001],[56.012119,25.413002],[56.012181,25.413003],[56.012243,25.413004],[56.012305,25.413004],[56.012367,25.413005],[56.012429,25.413005],[56.012491,25.413005],[56.012553,25.413005],[56.012616,25.413005],[56.012712,25.413005],[56.012926,25.413004],[56.013175,25.413004],[56.013423,25.413003],[56.013672,25.413003],[56.013921,25.413002],[56.014149,25.413002],[56.014169,25.413002],[56.014418,25.413001],[56.014666,25.413001],[56.014915,25.413],[56.014922,25.413],[56.014982,25.413],[56.015042,25.413],[56.015079,25.413],[56.015103,25.413],[56.015163,25.413],[56.015225,25.413],[56.015288,25.413],[56.01535,25.413],[56.015412,25.413],[56.015474,25.413],[56.015536,25.413001],[56.015598,25.413001],[56.01566,25.413001],[56.015723,25.413002],[56.015785,25.413002],[56.015847,25.413003],[56.015909,25.413004],[56.015971,25.413005],[56.016033,25.413006],[56.016095,25.413008],[56.016157,25.413009],[56.016179,25.413009],[56.016201,25.41301],[56.016222,25.41301],[56.016244,25.413011],[56.016406,25.413016],[56.016654,25.413027],[56.016902,25.41304],[56.01715,25.413056],[56.017398,25.413074],[56.017645,25.413096],[56.017892,25.41312],[56.018139,25.413147],[56.018386,25.413177],[56.018632,25.41321],[56.018877,25.413245],[56.019122,25.413284],[56.019366,25.413325],[56.01961,25.413369],[56.019853,25.413415],[56.020096,25.413465],[56.020239,25.413495],[56.020264,25.4135],[56.020288,25.413506],[56.020313,25.413511],[56.020338,25.413517],[56.020398,25.41353],[56.020458,25.413544],[56.020519,25.413557],[56.020579,25.413571],[56.020639,25.413585],[56.020699,25.413599],[56.020759,25.413614],[56.02082,25.413628],[56.02088,25.413642],[56.02094,25.413657],[56.021,25.413671],[56.02106,25.413686],[56.02112,25.413701],[56.02118,25.413715],[56.02124,25.41373],[56.0213,25.413745],[56.021354,25.413759],[56.021409,25.413772],[56.021463,25.413786],[56.021518,25.413799],[56.021539,25.413805],[56.021779,25.413864],[56.022019,25.413924],[56.022259,25.413984],[56.022277,25.413988],[56.022333,25.414002],[56.022388,25.414016],[56.022443,25.414029],[56.022498,25.414043],[56.022558,25.414058],[56.022618,25.414073],[56.022678,25.414087],[56.022738,25.414102],[56.022798,25.414116],[56.022859,25.41413],[56.022919,25.414144],[56.022948,25.414151],[56.022979,25.414158],[56.023039,25.414172],[56.0231,25.414186],[56.02316,25.414199],[56.02322,25.414212],[56.023249,25.414218],[56.023281,25.414225],[56.023341,25.414237],[56.023402,25.41425],[56.023463,25.414262],[56.023487,25.414267],[56.023511,25.414271],[56.023536,25.414276],[56.02356,25.41428],[56.023706,25.414306],[56.023951,25.414346],[56.024197,25.41438],[56.024444,25.414408],[56.024691,25.414431],[56.024939,25.414448],[56.025187,25.41446],[56.025435,25.414467],[56.025684,25.414467],[56.025932,25.414463],[56.026181,25.414452],[56.026429,25.414437],[56.026676,25.414415],[56.026923,25.414388],[56.027169,25.414356],[56.027414,25.414318],[56.027658,25.414275],[56.02772,25.414263],[56.027901,25.414227],[56.028142,25.414173],[56.028382,25.414113],[56.02862,25.414049],[56.028856,25.413979],[56.029089,25.413903],[56.029322,25.413823],[56.029553,25.413737],[56.029779,25.413647],[56.030004,25.413551],[56.030161,25.413481],[56.030178,25.413474],[56.030195,25.413466],[56.030211,25.413458],[56.030228,25.413451],[56.030254,25.413438],[56.030282,25.413424],[56.030363,25.413386],[56.030392,25.413372],[56.030448,25.413345],[56.030471,25.413333],[56.030501,25.413318],[56.030557,25.413291],[56.03058,25.413279],[56.030611,25.413264],[56.030665,25.413236],[56.030693,25.413222],[56.030719,25.413209],[56.030774,25.413181],[56.030796,25.413169],[56.030828,25.413153],[56.030881,25.413125],[56.030909,25.41311],[56.030935,25.413096],[56.030988,25.413068],[56.031008,25.413058],[56.031042,25.41304],[56.031095,25.413011],[56.031126,25.412995],[56.031149,25.412983],[56.031203,25.412954],[56.031256,25.412925],[56.031315,25.412895],[56.031525,25.412782],[56.031739,25.412668],[56.031953,25.412553],[56.032167,25.412439],[56.032381,25.412324],[56.032595,25.412209],[56.032809,25.412095],[56.033023,25.41198],[56.033175,25.411899],[56.033191,25.411891],[56.033212,25.411879],[56.033222,25.411874],[56.033237,25.411866],[56.033291,25.411837],[56.033344,25.411809],[56.033398,25.41178],[56.033453,25.411751],[56.033505,25.411723],[56.03356,25.411695],[56.033614,25.411666],[56.033667,25.411638],[56.033721,25.41161],[56.033775,25.411583],[56.03383,25.411555],[56.033884,25.411527],[56.033938,25.4115],[56.033992,25.411473],[56.034047,25.411446],[56.034101,25.411419],[56.034157,25.411393],[56.034211,25.411367],[56.034267,25.411341],[56.034329,25.411312],[56.034546,25.411216],[56.034771,25.411122],[56.034999,25.411032],[56.03523,25.410948],[56.035463,25.410869],[56.035502,25.410857],[56.03555,25.410841],[56.035599,25.410826],[56.035601,25.410825],[56.035649,25.41081],[56.035699,25.410795],[56.035758,25.410778],[56.035817,25.41076],[56.035876,25.410743],[56.035935,25.410726],[56.035993,25.410709],[56.036054,25.410693],[56.036113,25.410676],[56.036172,25.41066],[56.036231,25.410644],[56.036291,25.410628],[56.036352,25.410612],[56.036411,25.410596],[56.036471,25.410581],[56.036476,25.410579],[56.03653,25.410565],[56.036589,25.41055],[56.03665,25.410534],[56.036679,25.410527],[56.036707,25.410519],[56.036737,25.410512],[56.036766,25.410504],[56.036889,25.410473],[56.037127,25.410411],[56.037368,25.41035],[56.037607,25.410288],[56.037846,25.410227],[56.037883,25.410217],[56.037932,25.410204],[56.037984,25.410191],[56.038033,25.410178],[56.038084,25.410165],[56.038145,25.41015],[56.038204,25.410134],[56.038263,25.410119],[56.038323,25.410103],[56.038384,25.410087],[56.038443,25.410072],[56.038502,25.410056],[56.038562,25.41004],[56.038621,25.410024],[56.038682,25.410008],[56.038741,25.409992],[56.038801,25.409976],[56.03886,25.409959],[56.038919,25.409943],[56.038978,25.409926],[56.039037,25.409909],[56.039066,25.409901],[56.039094,25.409893],[56.039122,25.409885],[56.03915,25.409877],[56.039274,25.409841],[56.03951,25.409769],[56.039746,25.409695],[56.039978,25.409618],[56.040211,25.409539],[56.040391,25.409475],[56.040404,25.40947],[56.040417,25.409466],[56.04043,25.409461],[56.040443,25.409457],[56.0405,25.409436],[56.040558,25.409414],[56.040616,25.409393],[56.040673,25.409372],[56.040731,25.409351],[56.040788,25.409329],[56.040845,25.409307],[56.040903,25.409285],[56.04096,25.409264],[56.041017,25.409242],[56.041074,25.40922],[56.041131,25.409197],[56.041189,25.409175],[56.041246,25.409153],[56.041303,25.409131],[56.04136,25.409108],[56.041417,25.409086],[56.041474,25.409064],[56.041531,25.409041],[56.04161,25.40901],[56.041816,25.408929],[56.042044,25.408839],[56.042272,25.408749],[56.0425,25.40866],[56.042728,25.40857],[56.042956,25.40848],[56.043184,25.40839],[56.043412,25.408301],[56.04364,25.408211],[56.043869,25.408121],[56.044097,25.408031],[56.044325,25.407942],[56.044553,25.407852],[56.044763,25.407769],[56.044838,25.40774],[56.044895,25.407717],[56.044952,25.407695],[56.045009,25.407673],[56.045066,25.40765],[56.045123,25.407628],[56.04518,25.407606],[56.045238,25.407584],[56.045295,25.407562],[56.045352,25.40754],[56.04541,25.407519],[56.045467,25.407497],[56.045525,25.407476],[56.045582,25.407455],[56.04564,25.407434],[56.045698,25.407414],[56.045756,25.407394],[56.045814,25.407374],[56.045872,25.407354],[56.045928,25.407335],[56.045945,25.40733],[56.045959,25.407325],[56.045973,25.40732],[56.045987,25.407316],[56.046165,25.40726],[56.046402,25.40719],[56.046618,25.407132],[56.04664,25.407126],[56.04688,25.407067],[56.047121,25.407014],[56.047364,25.406965],[56.047608,25.406923],[56.047853,25.406885],[56.047976,25.40687],[56.048099,25.406854],[56.048346,25.406827],[56.048594,25.406806],[56.048766,25.406795],[56.048812,25.406792],[56.048842,25.406791],[56.048904,25.406788],[56.048966,25.406786],[56.049028,25.406783],[56.04909,25.406781],[56.049152,25.406779],[56.049214,25.406778],[56.049276,25.406776],[56.049338,25.406775],[56.0494,25.406774],[56.049463,25.406773],[56.049525,25.406773],[56.049587,25.406772],[56.049649,25.406772],[56.049711,25.406772],[56.049773,25.406772],[56.049835,25.406771],[56.049898,25.406771],[56.04996,25.406772],[56.050022,25.406772],[56.050087,25.406772],[56.050332,25.406772],[56.050581,25.406773],[56.050765,25.406773],[56.050781,25.406773],[56.050797,25.406773],[56.05083,25.406773],[56.050892,25.406773],[56.050954,25.406773],[56.051016,25.406773],[56.051078,25.406773],[56.05114,25.406773],[56.051202,25.406773],[56.051265,25.406773],[56.051327,25.406772],[56.051389,25.406771],[56.051451,25.406771],[56.051513,25.40677],[56.051575,25.406769],[56.051637,25.406767],[56.051699,25.406766],[56.051762,25.406764],[56.051824,25.406762],[56.051886,25.406759],[56.051948,25.406756],[56.05201,25.406753],[56.052087,25.40675],[56.05232,25.406734],[56.05244,25.406724],[56.052472,25.406721],[56.052504,25.406718],[56.052535,25.406715],[56.052549,25.406713],[56.052567,25.406712],[56.052629,25.406705],[56.05269,25.406698],[56.052752,25.406692],[56.052814,25.406684],[56.052875,25.406677],[56.052937,25.406669],[56.052958,25.406667],[56.052998,25.406661],[56.053031,25.406657],[56.05306,25.406653],[56.053121,25.406645],[56.053183,25.406637],[56.053244,25.406628],[56.053306,25.40662],[56.053367,25.406611],[56.053428,25.406602],[56.05349,25.406593],[56.053563,25.406582],[56.053601,25.406576],[56.05365,25.406569],[56.053699,25.406562],[56.053749,25.406554],[56.053796,25.406547],[56.054042,25.40651],[56.054287,25.406474],[56.054532,25.406437],[56.054777,25.4064],[56.05518,25.407162],[56.056546,25.406566],[56.057416,25.406378],[56.058348,25.406173],[56.059431,25.406174],[56.06051,25.406063],[56.060947,25.406119],[56.062125,25.406176],[56.062232,25.406175],[56.062936,25.406275],[56.063355,25.406294],[56.063671,25.406198],[56.063724,25.406159],[56.064313,25.406036],[56.064312,25.406022],[56.06428,25.405804],[56.064278,25.40579],[56.064267,25.405613],[56.06456,25.405562],[56.064866,25.40539],[56.065069,25.405339],[56.065303,25.405433],[56.065619,25.405429],[56.066077,25.405335],[56.066303,25.405175],[56.066531,25.404739],[56.066964,25.404452],[56.067992,25.404111],[56.068946,25.403935],[56.069909,25.403756],[56.069952,25.403758],[56.070129,25.403775],[56.070306,25.403796],[56.070363,25.403803],[56.070398,25.403808],[56.070433,25.403813],[56.070468,25.403819],[56.070503,25.403824],[56.070538,25.40383],[56.070573,25.403835],[56.070608,25.403841],[56.070643,25.403847],[56.070678,25.403853],[56.070712,25.403859],[56.070747,25.403865],[56.070782,25.403872],[56.070817,25.403878],[56.070852,25.403885],[56.070886,25.403891],[56.070921,25.403898],[56.070956,25.403905],[56.070991,25.403912],[56.071025,25.403918],[56.07106,25.403925],[56.071095,25.403932],[56.071129,25.403939],[56.071164,25.403946],[56.071199,25.403953],[56.071233,25.40396],[56.071291,25.403972],[56.071335,25.403981],[56.07151,25.404017],[56.071753,25.404067],[56.071995,25.404116],[56.072238,25.404166],[56.07248,25.404216],[56.072722,25.404265],[56.072965,25.404315],[56.073063,25.404335],[56.073099,25.404343],[56.073171,25.404357],[56.073207,25.404365],[56.073242,25.404372],[56.073319,25.404388],[56.073346,25.404394],[56.07338,25.404401],[56.073415,25.404409],[56.073449,25.404416],[56.073484,25.404424],[56.073518,25.404432],[56.073553,25.40444],[56.073587,25.404447],[56.073622,25.404455],[56.073656,25.404464],[56.07369,25.404472],[56.073724,25.404481],[56.073759,25.404489],[56.073793,25.404498],[56.073827,25.404507],[56.073861,25.404516],[56.073895,25.404526],[56.073931,25.404535],[56.074048,25.40457],[56.074165,25.404607],[56.074281,25.404646],[56.074396,25.404688],[56.07451,25.404733],[56.074624,25.40478],[56.074631,25.404783],[56.074636,25.404785],[56.074671,25.404801],[56.074706,25.404816],[56.074741,25.404832],[56.074776,25.404848],[56.074811,25.404864],[56.074846,25.40488],[56.074878,25.404895],[56.074909,25.40491],[56.07494,25.404925],[56.074971,25.404941],[56.075003,25.404956],[56.075034,25.404972],[56.075065,25.404987],[56.075096,25.405003],[56.075127,25.405019],[56.075157,25.405035],[56.075188,25.405051],[56.075219,25.405067],[56.07525,25.405083],[56.075281,25.405099],[56.075311,25.405115],[56.075341,25.405131],[56.07537,25.405147],[56.0754,25.405163],[56.07543,25.405179],[56.07546,25.405195],[56.075495,25.405213],[56.07571,25.405327],[56.075924,25.405441],[56.075962,25.405462],[56.075996,25.405479],[56.076015,25.40549],[56.076029,25.405497],[56.076063,25.405515],[56.076102,25.405536],[56.07613,25.405551],[56.076164,25.405568],[56.0762,25.405588],[56.076231,25.405604],[56.076265,25.405621],[56.076301,25.40564],[56.076332,25.405657],[56.076366,25.405674],[56.076402,25.405692],[56.076434,25.405709],[56.076468,25.405726],[56.076504,25.405744],[56.076536,25.40576],[56.07657,25.405777],[56.076606,25.405794],[56.076639,25.40581],[56.076673,25.405826],[56.076709,25.405843],[56.076742,25.405859],[56.076777,25.405875],[56.076813,25.405891],[56.076847,25.405907],[56.076882,25.405922],[56.076917,25.405938],[56.076952,25.405953],[56.076987,25.405967],[56.077023,25.405983],[56.077058,25.405997],[56.077093,25.406011],[56.077129,25.406025],[56.07713,25.406026],[56.077285,25.406084],[56.077441,25.406137],[56.0776,25.406186],[56.07776,25.406231],[56.077922,25.406271],[56.078084,25.406306],[56.078248,25.406337],[56.078286,25.406343],[56.078324,25.40635],[56.078363,25.406356],[56.078401,25.406361],[56.078438,25.406367],[56.078478,25.406372],[56.078516,25.406377],[56.078554,25.406382],[56.078593,25.406387],[56.078632,25.406391],[56.07865,25.406394],[56.07867,25.406396],[56.078709,25.4064],[56.078728,25.406402],[56.078747,25.406404],[56.078786,25.406408],[56.078805,25.40641],[56.078825,25.406412],[56.078863,25.406415],[56.078882,25.406417],[56.078902,25.406419],[56.078941,25.406422],[56.07896,25.406424],[56.07898,25.406425],[56.079018,25.406428],[56.079037,25.40643],[56.079057,25.406431],[56.079096,25.406434],[56.079115,25.406435],[56.079135,25.406437],[56.079174,25.40644],[56.079192,25.406441],[56.079213,25.406442],[56.079251,25.406445],[56.079269,25.406446],[56.07929,25.406447],[56.079329,25.40645],[56.079347,25.406451],[56.079368,25.406452],[56.079407,25.406455],[56.079424,25.406456],[56.079446,25.406457],[56.079485,25.406459],[56.079523,25.406462],[56.079562,25.406464],[56.079848,25.406481],[56.080988,25.406552],[56.081376,25.406589],[56.081604,25.406619],[56.081665,25.406628],[56.08173,25.406639],[56.081905,25.406671],[56.082079,25.406708],[56.082251,25.406751],[56.082422,25.406799],[56.08259,25.406852],[56.082757,25.40691],[56.082921,25.406973],[56.083083,25.407041],[56.083243,25.407114],[56.0834,25.407192],[56.083553,25.407274],[56.083704,25.407361],[56.083852,25.407452],[56.083884,25.407473],[56.083916,25.407494],[56.083947,25.407515],[56.083978,25.407536],[56.084009,25.407557],[56.08404,25.407578],[56.084071,25.4076],[56.084101,25.407621],[56.084132,25.407643],[56.084162,25.407665],[56.084193,25.407687],[56.084223,25.407709],[56.084253,25.407732],[56.084283,25.407754],[56.084313,25.407777],[56.084343,25.407799],[56.084373,25.407822],[56.084402,25.407845],[56.084432,25.407868],[56.084462,25.407891],[56.084491,25.407914],[56.084521,25.407937],[56.08455,25.40796],[56.08458,25.407984],[56.084609,25.408007],[56.084638,25.40803],[56.084667,25.408054],[56.084697,25.408077],[56.084726,25.4081],[56.084755,25.408124],[56.084784,25.408147],[56.084813,25.408171],[56.086042,25.409158],[56.086106,25.40914],[56.086543,25.409397],[56.086584,25.409594],[56.087384,25.410822],[56.087845,25.411038],[56.088228,25.411214],[56.088912,25.411531],[56.08899,25.411558],[56.089309,25.411859],[56.089812,25.412368],[56.092334,25.414934],[56.092521,25.415111],[56.092655,25.41522],[56.092897,25.415421],[56.093055,25.415534],[56.093337,25.415726],[56.093703,25.415958],[56.094416,25.416401],[56.094579,25.416501],[56.095153,25.416794],[56.095847,25.417055],[56.096071,25.41712],[56.096925,25.417274],[56.097556,25.417305],[56.098302,25.417251],[56.099109,25.417089],[56.099726,25.416885],[56.100277,25.416627],[56.100302,25.416614],[56.100512,25.416494],[56.100716,25.416364],[56.100913,25.416227],[56.101103,25.416081],[56.101285,25.415928],[56.101416,25.415808],[56.101555,25.415672],[56.101695,25.415526],[56.101852,25.415351],[56.102027,25.415147],[56.102176,25.414967],[56.102314,25.4148],[56.102475,25.414606],[56.102626,25.414427],[56.10268,25.414365],[56.102803,25.414225],[56.102917,25.414097],[56.103036,25.413973],[56.10316,25.413853],[56.103288,25.413736],[56.10342,25.413624],[56.103556,25.413515],[56.103697,25.413411],[56.103841,25.413312],[56.103989,25.413217],[56.104141,25.413126],[56.104295,25.413041],[56.104453,25.41296],[56.104614,25.412884],[56.104778,25.412813],[56.104944,25.412748],[56.105112,25.412687],[56.105283,25.412632],[56.105456,25.412582],[56.10563,25.412537],[56.105806,25.412498],[56.105983,25.412464],[56.105948,25.415676],[56.105712,25.416367],[56.10539,25.416227],[56.10516,25.416348],[56.105015,25.416762],[56.104939,25.416917],[56.104646,25.417216],[56.10445,25.417341],[56.104176,25.417471],[56.103843,25.417591],[56.103546,25.417606],[56.103279,25.417461],[56.103086,25.417437],[56.102894,25.417332],[56.102701,25.417259],[56.102425,25.41728],[56.1021,25.417422],[56.101862,25.417634],[56.101668,25.417974],[56.101572,25.418244],[56.101531,25.418597],[56.101529,25.418798],[56.101581,25.418997],[56.101611,25.419079],[56.1016,25.419289],[56.101614,25.419389],[56.101497,25.419514],[56.096339,25.420467],[56.095586,25.421501],[56.095212,25.42176],[56.094598,25.421883],[56.09457,25.421989],[56.094746,25.422267],[56.095265,25.42266],[56.094921,25.422832],[56.094622,25.422768],[56.094428,25.42294],[56.094235,25.42278],[56.093906,25.422804],[56.093674,25.422864],[56.093208,25.423365],[56.093228,25.423587],[56.093415,25.42377],[56.093481,25.42398],[56.09367,25.424165],[56.093946,25.424496],[56.094129,25.424955],[56.094555,25.424958],[56.095177,25.425341],[56.095369,25.425481],[56.095438,25.425716],[56.095327,25.426063],[56.095155,25.426359],[56.09497,25.426518],[56.095004,25.426805],[56.076426,25.4301],[56.062503,25.432568],[56.059119,25.433168],[56.060039,25.435054],[56.058221,25.435785],[56.054922,25.435671],[56.053094,25.436135],[56.045954,25.440251],[56.045067,25.440246],[56.044094,25.440942],[56.041969,25.443332],[56.041421,25.443716],[56.039079,25.444659],[56.037,25.444659],[56.03613,25.444659],[56.033347,25.445219],[56.03311,25.443592],[56.032424,25.44274],[56.031712,25.44322],[56.025245,25.44259],[56.01466,25.442706],[56.012115,25.440708],[56.007251,25.439826],[56.00467,25.439359],[56.00051,25.438604],[55.996585,25.438495],[55.996538,25.439883],[55.99424,25.44007],[55.990189,25.44174],[55.989283,25.44193],[55.985622,25.442701],[55.985593,25.442651],[55.985155,25.441905],[55.985067,25.441751],[55.984922,25.441482],[55.984828,25.441277],[55.984756,25.441118],[55.984686,25.440951],[55.984657,25.440875],[55.96881,25.444715],[55.967971,25.444556],[55.962339,25.426566],[55.953797,25.429223],[55.958721,25.442802]]]},"properties":{"layer":"Area Name","name":"7A - AL GHAYL","sectorNo":"7","subSector":"7A","kind":"area","areaKm2":90.75,"fill":"#817717","fillOpacity":0.451,"stroke":"#817717","strokeWidth":1.0,"source":"Google My Maps 'RAK - MSW Sub-Sector Collection Routes' (PSD), exported 15 Sep 2026, with the map's own styling"}},{"type":"Feature","geometry":{"type":"Polygon","coordinates":[[[56.105812,25.413549],[56.105635,25.413583],[56.105459,25.413622],[56.105285,25.413667],[56.105112,25.413717],[56.104941,25.413772],[56.104773,25.413833],[56.104607,25.413898],[56.104443,25.413969],[56.104282,25.414045],[56.104124,25.414126],[56.10397,25.414211],[56.103818,25.414302],[56.10367,25.414397],[56.103526,25.414496],[56.103385,25.4146],[56.103249,25.414709],[56.103117,25.414821],[56.102989,25.414938],[56.102865,25.415058],[56.102746,25.415182],[56.102632,25.41531],[56.102509,25.41545],[56.102455,25.415512],[56.102304,25.415691],[56.102143,25.415885],[56.102005,25.416052],[56.101856,25.416232],[56.101681,25.416436],[56.101524,25.416611],[56.101384,25.416757],[56.101245,25.416893],[56.101114,25.417013],[56.100932,25.417166],[56.100742,25.417312],[56.100545,25.417449],[56.100341,25.417579],[56.100131,25.417699],[56.100106,25.417712],[56.099555,25.41797],[56.098938,25.418174],[56.098131,25.418336],[56.097385,25.41839],[56.096754,25.418359],[56.0959,25.418205],[56.095676,25.41814],[56.094982,25.417879],[56.094408,25.417586],[56.094245,25.417486],[56.093532,25.417043],[56.093166,25.416811],[56.092884,25.416619],[56.092726,25.416506],[56.092484,25.416305],[56.09235,25.416196],[56.092163,25.416019],[56.089641,25.413453],[56.089138,25.412944],[56.088819,25.412643],[56.088741,25.412616],[56.088057,25.412299],[56.087674,25.412123],[56.087213,25.411907],[56.086413,25.410679],[56.086372,25.410482],[56.085935,25.410225],[56.085871,25.410243],[56.084642,25.409256],[56.084613,25.409232],[56.084584,25.409209],[56.084555,25.409185],[56.084526,25.409162],[56.084496,25.409139],[56.084467,25.409115],[56.084438,25.409092],[56.084409,25.409069],[56.084379,25.409045],[56.08435,25.409022],[56.08432,25.408999],[56.084291,25.408976],[56.084261,25.408953],[56.084231,25.40893],[56.084202,25.408907],[56.084172,25.408884],[56.084142,25.408862],[56.084112,25.408839],[56.084082,25.408817],[56.084052,25.408794],[56.084022,25.408772],[56.083991,25.40875],[56.083961,25.408728],[56.08393,25.408706],[56.0839,25.408685],[56.083869,25.408663],[56.083838,25.408642],[56.083807,25.408621],[56.083776,25.4086],[56.083745,25.408579],[56.083713,25.408558],[56.083681,25.408537],[56.083533,25.408446],[56.083382,25.408359],[56.083229,25.408277],[56.083072,25.408199],[56.082912,25.408126],[56.08275,25.408058],[56.082586,25.407995],[56.082419,25.407937],[56.082251,25.407884],[56.08208,25.407836],[56.081908,25.407793],[56.081734,25.407756],[56.081559,25.407724],[56.081494,25.407713],[56.081433,25.407704],[56.081205,25.407674],[56.080817,25.407637],[56.079677,25.407566],[56.079391,25.407549],[56.079352,25.407547],[56.079314,25.407544],[56.079275,25.407542],[56.079253,25.407541],[56.079236,25.40754],[56.079197,25.407537],[56.079176,25.407536],[56.079158,25.407535],[56.079119,25.407532],[56.079098,25.407531],[56.07908,25.40753],[56.079042,25.407527],[56.079021,25.407526],[56.079003,25.407525],[56.078964,25.407522],[56.078944,25.40752],[56.078925,25.407519],[56.078886,25.407516],[56.078866,25.407515],[56.078847,25.407513],[56.078809,25.40751],[56.078789,25.407509],[56.07877,25.407507],[56.078731,25.407504],[56.078711,25.407502],[56.078692,25.4075],[56.078654,25.407497],[56.078634,25.407495],[56.078615,25.407493],[56.078576,25.407489],[56.078557,25.407487],[56.078538,25.407485],[56.078499,25.407481],[56.078479,25.407479],[56.078461,25.407476],[56.078422,25.407472],[56.078383,25.407467],[56.078345,25.407462],[56.078307,25.407457],[56.078267,25.407452],[56.07823,25.407446],[56.078192,25.407441],[56.078153,25.407435],[56.078115,25.407428],[56.078077,25.407422],[56.077913,25.407391],[56.077751,25.407356],[56.077589,25.407316],[56.077429,25.407271],[56.07727,25.407222],[56.077114,25.407169],[56.076959,25.407111],[56.076958,25.40711],[56.076922,25.407096],[56.076887,25.407082],[56.076852,25.407068],[56.076816,25.407052],[56.076781,25.407038],[56.076746,25.407023],[56.076711,25.407007],[56.076676,25.406992],[56.076642,25.406976],[56.076606,25.40696],[56.076571,25.406944],[56.076538,25.406928],[56.076502,25.406911],[56.076468,25.406895],[56.076435,25.406879],[56.076399,25.406862],[56.076365,25.406845],[56.076333,25.406829],[56.076297,25.406811],[56.076263,25.406794],[56.076231,25.406777],[56.076195,25.406759],[56.076161,25.406742],[56.07613,25.406725],[56.076094,25.406706],[56.07606,25.406689],[56.076029,25.406673],[56.075993,25.406653],[56.075959,25.406636],[56.075931,25.406621],[56.075892,25.4066],[56.075858,25.406582],[56.075844,25.406575],[56.075825,25.406564],[56.075791,25.406547],[56.075753,25.406526],[56.075539,25.406412],[56.075324,25.406298],[56.075289,25.40628],[56.075259,25.406264],[56.075229,25.406248],[56.075199,25.406232],[56.07517,25.406216],[56.07514,25.4062],[56.07511,25.406184],[56.075079,25.406168],[56.075048,25.406152],[56.075017,25.406136],[56.074986,25.40612],[56.074956,25.406104],[56.074925,25.406088],[56.074894,25.406072],[56.074863,25.406057],[56.074832,25.406041],[56.0748,25.406026],[56.074769,25.40601],[56.074738,25.405995],[56.074707,25.40598],[56.074675,25.405965],[56.07464,25.405949],[56.074605,25.405933],[56.07457,25.405917],[56.074535,25.405901],[56.0745,25.405886],[56.074465,25.40587],[56.07446,25.405868],[56.074453,25.405865],[56.074339,25.405818],[56.074225,25.405773],[56.07411,25.405731],[56.073994,25.405692],[56.073877,25.405655],[56.07376,25.40562],[56.073724,25.405611],[56.07369,25.405601],[56.073656,25.405592],[56.073622,25.405583],[56.073588,25.405574],[56.073553,25.405566],[56.073519,25.405557],[56.073485,25.405549],[56.073451,25.40554],[56.073416,25.405532],[56.073382,25.405525],[56.073347,25.405517],[56.073313,25.405509],[56.073278,25.405501],[56.073244,25.405494],[56.073209,25.405486],[56.073175,25.405479],[56.073148,25.405473],[56.073071,25.405457],[56.073036,25.40545],[56.073,25.405442],[56.072928,25.405428],[56.072892,25.40542],[56.072794,25.4054],[56.072551,25.40535],[56.072309,25.405301],[56.072067,25.405251],[56.071824,25.405201],[56.071582,25.405152],[56.071339,25.405102],[56.071164,25.405066],[56.07112,25.405057],[56.071062,25.405045],[56.071028,25.405038],[56.070993,25.405031],[56.070958,25.405024],[56.070924,25.405017],[56.070889,25.40501],[56.070854,25.405003],[56.07082,25.404997],[56.070785,25.40499],[56.07075,25.404983],[56.070715,25.404976],[56.070681,25.40497],[56.070646,25.404963],[56.070611,25.404957],[56.070576,25.40495],[56.070541,25.404944],[56.070507,25.404938],[56.070472,25.404932],[56.070437,25.404926],[56.070402,25.40492],[56.070367,25.404915],[56.070332,25.404909],[56.070297,25.404904],[56.070262,25.404898],[56.070227,25.404893],[56.070192,25.404888],[56.070135,25.404881],[56.069958,25.40486],[56.069781,25.404843],[56.069738,25.404841],[56.068775,25.40502],[56.067821,25.405196],[56.066793,25.405537],[56.06636,25.405824],[56.066132,25.40626],[56.065906,25.40642],[56.065448,25.406514],[56.065132,25.406518],[56.064898,25.406424],[56.064695,25.406475],[56.064389,25.406647],[56.064096,25.406698],[56.064107,25.406875],[56.064109,25.406889],[56.064141,25.407107],[56.064142,25.407121],[56.063553,25.407244],[56.0635,25.407283],[56.063184,25.407379],[56.062765,25.40736],[56.062061,25.40726],[56.061954,25.407261],[56.060776,25.407204],[56.060339,25.407148],[56.05926,25.407259],[56.058177,25.407258],[56.057245,25.407463],[56.056375,25.407651],[56.055009,25.408247],[56.054606,25.407485],[56.054361,25.407522],[56.054116,25.407559],[56.053871,25.407595],[56.053625,25.407632],[56.053578,25.407639],[56.053528,25.407647],[56.053479,25.407654],[56.05343,25.407661],[56.053392,25.407667],[56.053319,25.407678],[56.053257,25.407687],[56.053196,25.407696],[56.053135,25.407705],[56.053073,25.407713],[56.053012,25.407722],[56.05295,25.40773],[56.052889,25.407738],[56.05286,25.407742],[56.052827,25.407746],[56.052787,25.407752],[56.052766,25.407754],[56.052704,25.407762],[56.052643,25.407769],[56.052581,25.407777],[56.052519,25.407783],[56.052458,25.40779],[56.052396,25.407797],[56.052378,25.407798],[56.052364,25.4078],[56.052333,25.407803],[56.052301,25.407806],[56.052269,25.407809],[56.052149,25.407819],[56.051916,25.407835],[56.051839,25.407838],[56.051777,25.407841],[56.051715,25.407844],[56.051653,25.407847],[56.051591,25.407849],[56.051528,25.407851],[56.051466,25.407852],[56.051404,25.407854],[56.051342,25.407855],[56.05128,25.407856],[56.051218,25.407856],[56.051156,25.407857],[56.051094,25.407858],[56.051031,25.407858],[56.050969,25.407858],[56.050907,25.407858],[56.050845,25.407858],[56.050783,25.407858],[56.050721,25.407858],[56.050659,25.407858],[56.050626,25.407858],[56.05061,25.407858],[56.050594,25.407858],[56.05041,25.407858],[56.050161,25.407857],[56.049916,25.407857],[56.049851,25.407857],[56.049789,25.407857],[56.049727,25.407856],[56.049664,25.407856],[56.049602,25.407857],[56.04954,25.407857],[56.049478,25.407857],[56.049416,25.407857],[56.049354,25.407858],[56.049292,25.407858],[56.049229,25.407859],[56.049167,25.40786],[56.049105,25.407861],[56.049043,25.407863],[56.048981,25.407864],[56.048919,25.407866],[56.048857,25.407868],[56.048795,25.407871],[56.048733,25.407873],[56.048671,25.407876],[56.048641,25.407877],[56.048595,25.40788],[56.048423,25.407891],[56.048175,25.407912],[56.047928,25.407939],[56.047805,25.407955],[56.047682,25.40797],[56.047437,25.408008],[56.047193,25.40805],[56.04695,25.408099],[56.046709,25.408152],[56.046469,25.408211],[56.046447,25.408217],[56.046231,25.408275],[56.045994,25.408345],[56.045816,25.408401],[56.045802,25.408405],[56.045788,25.40841],[56.045774,25.408415],[56.045757,25.40842],[56.045701,25.408439],[56.045643,25.408459],[56.045585,25.408479],[56.045527,25.408499],[56.045469,25.408519],[56.045411,25.40854],[56.045354,25.408561],[56.045296,25.408582],[56.045239,25.408604],[56.045181,25.408625],[56.045124,25.408647],[56.045067,25.408669],[56.045009,25.408691],[56.044952,25.408713],[56.044895,25.408735],[56.044838,25.408758],[56.044781,25.40878],[56.044724,25.408802],[56.044667,25.408825],[56.044592,25.408854],[56.044382,25.408937],[56.044154,25.409027],[56.043926,25.409116],[56.043698,25.409206],[56.043469,25.409296],[56.043241,25.409386],[56.043013,25.409475],[56.042785,25.409565],[56.042557,25.409655],[56.042329,25.409745],[56.042101,25.409834],[56.041873,25.409924],[56.041645,25.410014],[56.041439,25.410095],[56.04136,25.410126],[56.041303,25.410149],[56.041246,25.410171],[56.041189,25.410193],[56.041132,25.410216],[56.041075,25.410238],[56.041018,25.41026],[56.04096,25.410282],[56.040903,25.410305],[56.040846,25.410327],[56.040789,25.410349],[56.040732,25.41037],[56.040674,25.410392],[56.040617,25.410414],[56.04056,25.410436],[56.040502,25.410457],[56.040445,25.410478],[56.040387,25.410499],[56.040329,25.410521],[56.040272,25.410542],[56.040259,25.410546],[56.040246,25.410551],[56.040233,25.410555],[56.04022,25.41056],[56.04004,25.410624],[56.039807,25.410703],[56.039574,25.41078],[56.039339,25.410854],[56.039103,25.410926],[56.038979,25.410962],[56.038951,25.41097],[56.038923,25.410978],[56.038895,25.410986],[56.038866,25.410994],[56.038807,25.411011],[56.038748,25.411028],[56.038688,25.411044],[56.038629,25.411061],[56.038569,25.411077],[56.03851,25.411093],[56.03845,25.411109],[56.038391,25.411125],[56.038331,25.411141],[56.038271,25.411157],[56.038212,25.411172],[56.038152,25.411188],[56.038092,25.411204],[56.038033,25.411219],[56.037973,25.411235],[56.037913,25.41125],[56.037862,25.411263],[56.037812,25.411276],[56.037761,25.411289],[56.037711,25.411302],[56.037674,25.411312],[56.037435,25.411373],[56.037196,25.411435],[56.036956,25.411496],[56.036717,25.411558],[56.036594,25.411589],[56.036565,25.411597],[56.036536,25.411604],[56.036507,25.411612],[56.036478,25.411619],[56.036418,25.411635],[56.036359,25.41165],[56.036304,25.411664],[56.036299,25.411666],[56.036239,25.411681],[56.03618,25.411697],[56.03612,25.411713],[56.03606,25.411729],[56.036001,25.411745],[56.035941,25.411761],[56.035882,25.411778],[56.035822,25.411794],[56.035763,25.411811],[56.035704,25.411828],[56.035645,25.411845],[56.035586,25.411863],[56.035527,25.41188],[56.035477,25.411895],[56.03543,25.41191],[56.035428,25.411911],[56.035379,25.411926],[56.03533,25.411942],[56.035292,25.411954],[56.035059,25.412033],[56.034828,25.412117],[56.0346,25.412207],[56.034374,25.412301],[56.034157,25.412397],[56.034096,25.412426],[56.03404,25.412452],[56.033985,25.412478],[56.03393,25.412504],[56.033876,25.412531],[56.033821,25.412558],[56.033767,25.412585],[56.033712,25.412612],[56.033658,25.41264],[56.033604,25.412668],[56.03355,25.412695],[56.033496,25.412723],[56.033442,25.412751],[56.033388,25.41278],[56.033334,25.412808],[56.033281,25.412836],[56.033227,25.412865],[56.033173,25.412894],[56.03312,25.412922],[56.033066,25.412951],[56.03305,25.412959],[56.033041,25.412964],[56.033019,25.412976],[56.033004,25.412984],[56.032852,25.413065],[56.032638,25.41318],[56.032424,25.413294],[56.03221,25.413409],[56.031995,25.413524],[56.031781,25.413638],[56.031567,25.413753],[56.031353,25.413867],[56.031143,25.41398],[56.031085,25.41401],[56.031032,25.414039],[56.030978,25.414068],[56.030954,25.41408],[56.030924,25.414096],[56.030871,25.414125],[56.030836,25.414143],[56.030817,25.414153],[56.030763,25.414181],[56.030738,25.414195],[56.03071,25.41421],[56.030656,25.414238],[56.030624,25.414254],[56.030602,25.414266],[56.030548,25.414294],[56.030522,25.414307],[56.030494,25.414321],[56.030439,25.414349],[56.030409,25.414364],[56.030385,25.414376],[56.03033,25.414403],[56.0303,25.414418],[56.030276,25.41443],[56.030221,25.414457],[56.030192,25.414471],[56.030111,25.414509],[56.030082,25.414523],[56.030056,25.414536],[56.030039,25.414543],[56.030023,25.414551],[56.030006,25.414559],[56.029989,25.414566],[56.029833,25.414636],[56.029608,25.414732],[56.029381,25.414822],[56.029151,25.414908],[56.028918,25.414988],[56.028684,25.415064],[56.028448,25.415134],[56.02821,25.415198],[56.02797,25.415258],[56.027729,25.415312],[56.027548,25.415348],[56.027486,25.41536],[56.027242,25.415403],[56.026997,25.415441],[56.026751,25.415473],[56.026504,25.4155],[56.026257,25.415522],[56.026009,25.415537],[56.02576,25.415548],[56.025512,25.415552],[56.025263,25.415552],[56.025015,25.415545],[56.024767,25.415533],[56.024519,25.415516],[56.024272,25.415493],[56.024025,25.415465],[56.023779,25.415431],[56.023534,25.415391],[56.023388,25.415365],[56.023364,25.415361],[56.023339,25.415356],[56.023315,25.415352],[56.023291,25.415347],[56.02323,25.415335],[56.023169,25.415322],[56.023109,25.41531],[56.023077,25.415303],[56.023048,25.415297],[56.022988,25.415284],[56.022928,25.415271],[56.022867,25.415257],[56.022807,25.415243],[56.022776,25.415236],[56.022747,25.415229],[56.022687,25.415215],[56.022626,25.415201],[56.022566,25.415187],[56.022506,25.415172],[56.022446,25.415158],[56.022386,25.415143],[56.022326,25.415128],[56.022271,25.415114],[56.022216,25.415101],[56.022161,25.415087],[56.022105,25.415073],[56.022087,25.415069],[56.021847,25.415009],[56.021607,25.414949],[56.021367,25.41489],[56.021346,25.414884],[56.021291,25.414871],[56.021237,25.414857],[56.021182,25.414844],[56.021128,25.41483],[56.021068,25.414815],[56.021008,25.4148],[56.020948,25.414786],[56.020888,25.414771],[56.020828,25.414756],[56.020768,25.414742],[56.020708,25.414727],[56.020648,25.414713],[56.020587,25.414699],[56.020527,25.414684],[56.020467,25.41467],[56.020407,25.414656],[56.020347,25.414642],[56.020286,25.414629],[56.020226,25.414615],[56.020166,25.414602],[56.020141,25.414596],[56.020116,25.414591],[56.020092,25.414585],[56.020067,25.41458],[56.019924,25.41455],[56.019681,25.4145],[56.019438,25.414454],[56.019194,25.41441],[56.01895,25.414369],[56.018705,25.41433],[56.01846,25.414295],[56.018214,25.414262],[56.017967,25.414232],[56.01772,25.414205],[56.017473,25.414181],[56.017226,25.414159],[56.016978,25.414141],[56.01673,25.414125],[56.016482,25.414112],[56.016234,25.414101],[56.016072,25.414096],[56.01605,25.414095],[56.016029,25.414095],[56.016007,25.414094],[56.015985,25.414094],[56.015923,25.414093],[56.015861,25.414091],[56.015799,25.41409],[56.015737,25.414089],[56.015675,25.414088],[56.015613,25.414087],[56.015551,25.414087],[56.015488,25.414086],[56.015426,25.414086],[56.015364,25.414086],[56.015302,25.414085],[56.01524,25.414085],[56.015178,25.414085],[56.015116,25.414085],[56.015053,25.414085],[56.014991,25.414085],[56.014931,25.414085],[56.014907,25.414085],[56.01487,25.414085],[56.01481,25.414085],[56.01475,25.414085],[56.014743,25.414085],[56.014494,25.414086],[56.014246,25.414086],[56.013997,25.414087],[56.013977,25.414087],[56.013749,25.414087],[56.0135,25.414088],[56.013251,25.414088],[56.013003,25.414089],[56.012754,25.414089],[56.01254,25.41409],[56.012444,25.41409],[56.012381,25.41409],[56.012319,25.41409],[56.012257,25.41409],[56.012195,25.41409],[56.012133,25.414089],[56.012071,25.414089],[56.012009,25.414088],[56.011947,25.414087],[56.011884,25.414086],[56.011822,25.414085],[56.01176,25.414083],[56.011698,25.414081],[56.011636,25.414078],[56.011574,25.414076],[56.011512,25.414072],[56.01145,25.414069],[56.011388,25.414064],[56.011326,25.41406],[56.011264,25.414055],[56.011017,25.41403],[56.010771,25.413996],[56.010527,25.413954],[56.010285,25.413903],[56.010045,25.413843],[56.009808,25.413775],[56.009574,25.413699],[56.009421,25.413645],[56.009402,25.413638],[56.009382,25.41363],[56.009363,25.413623],[56.009344,25.413615],[56.009287,25.413593],[56.00923,25.41357],[56.009173,25.413547],[56.009116,25.413524],[56.00906,25.4135],[56.009025,25.413485],[56.009004,25.413476],[56.008948,25.413451],[56.008892,25.413427],[56.008837,25.413401],[56.008781,25.413376],[56.008726,25.41335],[56.00867,25.413325],[56.008615,25.413299],[56.00856,25.413273],[56.008505,25.413246],[56.00845,25.41322],[56.008396,25.413194],[56.008342,25.413168],[56.008288,25.413142],[56.008235,25.413116],[56.008231,25.413114],[56.008011,25.413008],[56.007993,25.412999],[56.007943,25.412974],[56.007892,25.41295],[56.007842,25.412926],[56.007792,25.412902],[56.007737,25.412875],[56.007682,25.412849],[56.007627,25.412822],[56.007572,25.412796],[56.007517,25.41277],[56.007462,25.412744],[56.007407,25.412718],[56.007351,25.412693],[56.007296,25.412667],[56.00724,25.412642],[56.007185,25.412617],[56.007129,25.412592],[56.007073,25.412567],[56.007017,25.412543],[56.006961,25.412519],[56.006905,25.412495],[56.006882,25.412485],[56.006859,25.412475],[56.006836,25.412466],[56.006813,25.412456],[56.006678,25.412402],[56.006449,25.412314],[56.006218,25.412232],[56.005984,25.412155],[56.005748,25.412083],[56.005511,25.412016],[56.005272,25.411955],[56.005031,25.411898],[56.004789,25.411848],[56.004545,25.411802],[56.004301,25.411763],[56.004055,25.411728],[56.003809,25.411699],[56.003561,25.411676],[56.003314,25.411658],[56.003066,25.411645],[56.002817,25.411638],[56.002569,25.411637],[56.00232,25.411641],[56.002072,25.411651],[56.001824,25.411666],[56.001706,25.411675],[56.001674,25.411678],[56.001641,25.411681],[56.001609,25.411684],[56.001576,25.411687],[56.001515,25.411693],[56.001453,25.411699],[56.001391,25.411706],[56.001329,25.411712],[56.001268,25.411719],[56.001206,25.411727],[56.001145,25.411734],[56.001083,25.411742],[56.001021,25.41175],[56.00096,25.411758],[56.000898,25.411766],[56.000837,25.411774],[56.000776,25.411783],[56.000714,25.411791],[56.000653,25.4118],[56.000591,25.411809],[56.000543,25.411816],[56.000494,25.411822],[56.000445,25.411829],[56.000396,25.411836],[56.000346,25.411844],[56.0001,25.411879],[55.999855,25.411914],[55.999609,25.411949],[55.999364,25.411984],[55.999118,25.41202],[55.998873,25.412055],[55.998627,25.41209],[55.998382,25.412125],[55.998136,25.41216],[55.997891,25.412195],[55.997645,25.412231],[55.9974,25.412266],[55.997154,25.412301],[55.996909,25.412336],[55.996663,25.412371],[55.996561,25.412386],[55.996525,25.412391],[55.996489,25.412396],[55.996453,25.412401],[55.996418,25.412406],[55.996356,25.412415],[55.996295,25.412424],[55.996233,25.412432],[55.996172,25.412441],[55.99611,25.412449],[55.996049,25.412457],[55.995987,25.412465],[55.995926,25.412472],[55.995864,25.412479],[55.995803,25.412486],[55.995741,25.412493],[55.995679,25.4125],[55.995617,25.412506],[55.995555,25.412511],[55.995494,25.412516],[55.995432,25.412521],[55.995386,25.412524],[55.99534,25.412527],[55.995295,25.41253],[55.995249,25.412532],[55.995184,25.412535],[55.994935,25.412541],[55.994687,25.412538],[55.994438,25.412526],[55.994191,25.412506],[55.993944,25.412477],[55.993699,25.412439],[55.993549,25.412411],[55.993525,25.412407],[55.993502,25.412402],[55.993479,25.412398],[55.993456,25.412393],[55.993396,25.41238],[55.993335,25.412366],[55.993275,25.412353],[55.993215,25.412339],[55.993155,25.412324],[55.993095,25.412309],[55.993035,25.412294],[55.992975,25.412279],[55.992916,25.412263],[55.992856,25.412247],[55.992797,25.41223],[55.992737,25.412214],[55.992678,25.412197],[55.992618,25.41218],[55.992559,25.412163],[55.9925,25.412146],[55.992444,25.41213],[55.992389,25.412114],[55.992333,25.412097],[55.992278,25.412081],[55.992264,25.412077],[55.992151,25.412044],[55.992153,25.412039],[55.992301,25.411655],[55.992772,25.410472],[55.993107,25.409643],[55.99349,25.408688],[55.993788,25.407934],[55.993929,25.407569],[55.995494,25.403658],[55.998447,25.396274],[55.998665,25.395684],[55.998865,25.395089],[55.999045,25.394488],[55.999206,25.393883],[55.99929,25.393453],[55.999359,25.393021],[55.999412,25.392587],[55.999451,25.392152],[55.999472,25.391731],[55.999479,25.391309],[55.999473,25.390887],[56.007949,25.389108],[56.019617,25.386624],[56.03781,25.38275],[56.049978,25.380157],[56.050339,25.37977],[56.05096,25.379681],[56.051365,25.379004],[56.052538,25.377828],[56.053281,25.376691],[56.054147,25.376949],[56.05433,25.377092],[56.054651,25.377037],[56.054904,25.377129],[56.055202,25.376863],[56.055769,25.376871],[56.056151,25.376543],[56.056108,25.37621],[56.056598,25.376158],[56.057114,25.375805],[56.057567,25.375863],[56.057783,25.375599],[56.05834,25.375659],[56.058591,25.375536],[56.058921,25.375591],[56.059063,25.375499],[56.059066,25.375389],[56.059229,25.375171],[56.059811,25.374962],[56.060089,25.375016],[56.060354,25.374911],[56.060375,25.374769],[56.061384,25.374887],[56.061327,25.375076],[56.061618,25.375273],[56.062176,25.375286],[56.062783,25.374825],[56.06297,25.375003],[56.063459,25.375073],[56.063439,25.375158],[56.063619,25.37517],[56.06406,25.374729],[56.064442,25.374854],[56.064631,25.374843],[56.064747,25.374667],[56.065206,25.374817],[56.065358,25.374603],[56.06558,25.374632],[56.065864,25.374074],[56.066033,25.373541],[56.066682,25.372769],[56.067012,25.372597],[56.067113,25.372374],[56.067136,25.372186],[56.067295,25.371995],[56.067593,25.371776],[56.068005,25.371177],[56.06864,25.371464],[56.068985,25.371075],[56.069326,25.37113],[56.069916,25.371509],[56.07078,25.370961],[56.070966,25.370739],[56.07118,25.37076],[56.07168,25.370966],[56.072156,25.370813],[56.072342,25.37038],[56.072768,25.370468],[56.073932,25.369919],[56.07484,25.370282],[56.075436,25.370794],[56.075647,25.370915],[56.075947,25.370922],[56.075979,25.370689],[56.076574,25.370882],[56.076973,25.371327],[56.077375,25.371383],[56.078215,25.371816],[56.078522,25.371893],[56.078771,25.371868],[56.07933,25.372137],[56.079646,25.372168],[56.07976,25.372381],[56.079718,25.372652],[56.07985,25.372865],[56.080657,25.372814],[56.080905,25.372524],[56.081852,25.372538],[56.082129,25.372763],[56.082419,25.372808],[56.082633,25.37314],[56.082723,25.373267],[56.083174,25.373386],[56.08366,25.37349],[56.08382,25.373611],[56.0842,25.373191],[56.084491,25.373198],[56.084752,25.373383],[56.085102,25.373134],[56.085368,25.373117],[56.085435,25.372862],[56.086619,25.3726],[56.086865,25.372388],[56.086954,25.372297],[56.087324,25.372539],[56.088019,25.372282],[56.089046,25.372344],[56.089225,25.371741],[56.08944,25.371738],[56.08974,25.372041],[56.090417,25.371519],[56.090562,25.371242],[56.091132,25.371403],[56.091544,25.371389],[56.091975,25.371282],[56.092054,25.370994],[56.092317,25.370782],[56.092312,25.370338],[56.092459,25.369741],[56.092629,25.369472],[56.092581,25.36902],[56.092348,25.368756],[56.091943,25.368521],[56.092026,25.367999],[56.092002,25.367337],[56.092365,25.367229],[56.092425,25.36694],[56.092657,25.366642],[56.093181,25.366281],[56.094293,25.366041],[56.09424,25.365799],[56.093882,25.365407],[56.09378,25.36507],[56.093494,25.36425],[56.093494,25.363869],[56.092985,25.362987],[56.092829,25.362697],[56.093063,25.36215],[56.092848,25.362006],[56.092666,25.361484],[56.093137,25.361117],[56.093057,25.360061],[56.093529,25.360013],[56.093589,25.35979],[56.094038,25.359527],[56.094109,25.35895],[56.094054,25.358255],[56.094257,25.357954],[56.09459,25.357962],[56.094694,25.35773],[56.094913,25.357608],[56.094992,25.357473],[56.095327,25.357403],[56.095693,25.357412],[56.095928,25.357486],[56.09617,25.357667],[56.096783,25.358053],[56.097118,25.358383],[56.097275,25.358524],[56.097447,25.358157],[56.097655,25.358035],[56.097947,25.358002],[56.09869,25.3576],[56.099258,25.357672],[56.099751,25.357742],[56.100036,25.357563],[56.100492,25.357563],[56.100605,25.357341],[56.100983,25.357301],[56.101245,25.35719],[56.101564,25.356934],[56.10215,25.356752],[56.102782,25.3566],[56.103085,25.356519],[56.103263,25.356338],[56.103309,25.356241],[56.103535,25.356237],[56.104083,25.35664],[56.104249,25.35684],[56.10462,25.357044],[56.10493,25.35711],[56.105249,25.357244],[56.105531,25.357544],[56.106418,25.358279],[56.106028,25.393876],[56.105812,25.413549]]]},"properties":{"layer":"Area Name","name":"7A - MOHAMED BIN ZAYED CITY","sectorNo":"7","subSector":"7A","kind":"area","areaKm2":41.336,"fill":"#817717","fillOpacity":0.439,"stroke":"#817717","strokeWidth":1.0,"source":"Google My Maps 'RAK - MSW Sub-Sector Collection Routes' (PSD), exported 15 Sep 2026, with the map's own styling"}},{"type":"Feature","geometry":{"type":"Polygon","coordinates":[[[56.115962,25.41804],[56.115735,25.418136],[56.115425,25.4182],[56.115115,25.418279],[56.114909,25.41836],[56.114715,25.418397],[56.114584,25.418382],[56.1145,25.418321],[56.1144,25.418215],[56.114429,25.418053],[56.114225,25.418016],[56.114034,25.418065],[56.113914,25.418173],[56.113818,25.418228],[56.11369,25.418222],[56.113542,25.418195],[56.113339,25.418156],[56.113128,25.417981],[56.112968,25.417853],[56.11276,25.417843],[56.112427,25.417888],[56.111799,25.417996],[56.111592,25.417948],[56.11139,25.418],[56.111094,25.418075],[56.11088,25.418065],[56.110517,25.418076],[56.110286,25.418063],[56.109915,25.41798],[56.109581,25.417864],[56.109212,25.417713],[56.108817,25.417552],[56.108578,25.417542],[56.108367,25.417498],[56.108154,25.417378],[56.107935,25.417311],[56.107635,25.417229],[56.107453,25.417125],[56.107283,25.416893],[56.106325,25.416882],[56.105777,25.416761],[56.105812,25.413549],[56.106028,25.393876],[56.106418,25.358279],[56.106832,25.358046],[56.107017,25.358029],[56.107559,25.357571],[56.107762,25.357178],[56.108238,25.356838],[56.108566,25.356803],[56.108832,25.356509],[56.109105,25.356503],[56.109462,25.356647],[56.109662,25.356422],[56.109881,25.356375],[56.110233,25.356339],[56.110553,25.356057],[56.110776,25.355773],[56.111387,25.355206],[56.111858,25.355044],[56.1126,25.354302],[56.112807,25.354334],[56.113658,25.35491],[56.114208,25.355926],[56.114821,25.35642],[56.115431,25.356467],[56.115747,25.35672],[56.115987,25.356714],[56.116375,25.356976],[56.116477,25.357363],[56.116682,25.357524],[56.117051,25.357589],[56.117307,25.357968],[56.11743,25.358435],[56.117686,25.358523],[56.11796,25.358827],[56.118391,25.359086],[56.118473,25.359404],[56.118803,25.359472],[56.119138,25.359254],[56.11938,25.3594],[56.119573,25.35934],[56.119765,25.359342],[56.120309,25.359128],[56.120607,25.359005],[56.12082,25.358771],[56.120826,25.358391],[56.120882,25.358202],[56.121179,25.358142],[56.121407,25.358066],[56.121432,25.357608],[56.121541,25.35734],[56.122613,25.357464],[56.122982,25.357861],[56.123534,25.358082],[56.123936,25.358374],[56.124161,25.358543],[56.124409,25.358489],[56.125262,25.358479],[56.125397,25.358333],[56.125987,25.358361],[56.126675,25.358973],[56.126685,25.359211],[56.12698,25.359247],[56.127139,25.3594],[56.12732,25.359404],[56.127492,25.359706],[56.127601,25.360113],[56.127623,25.360515],[56.12827,25.361439],[56.128219,25.362093],[56.12844,25.36244],[56.128445,25.362827],[56.128326,25.363003],[56.128385,25.363228],[56.128448,25.363334],[56.12904,25.363462],[56.129355,25.3639],[56.129707,25.363959],[56.1301,25.364265],[56.130668,25.364424],[56.130962,25.364665],[56.131269,25.365367],[56.131964,25.365715],[56.132505,25.366186],[56.132533,25.366325],[56.1329,25.366815],[56.132819,25.367119],[56.133034,25.367603],[56.133119,25.36799],[56.133415,25.36817],[56.133819,25.368599],[56.134788,25.369264],[56.135558,25.370633],[56.13608,25.370699],[56.136563,25.37087],[56.136639,25.370673],[56.136855,25.370773],[56.13711,25.370736],[56.137465,25.370749],[56.137938,25.370766],[56.138269,25.370932],[56.138445,25.371154],[56.138605,25.371359],[56.138805,25.371428],[56.139044,25.371375],[56.139222,25.371167],[56.139335,25.37091],[56.139263,25.370631],[56.139611,25.370413],[56.139689,25.370186],[56.139848,25.370038],[56.14036,25.370041],[56.141086,25.369684],[56.141492,25.369683],[56.141769,25.36954],[56.141798,25.369265],[56.141997,25.368965],[56.142082,25.368688],[56.142046,25.368349],[56.142246,25.368049],[56.142501,25.367244],[56.14339,25.366463],[56.144507,25.366838],[56.145299,25.366663],[56.145969,25.366642],[56.146393,25.366898],[56.146736,25.366903],[56.146837,25.367044],[56.146974,25.367046],[56.147184,25.366816],[56.147619,25.366464],[56.148393,25.366367],[56.148854,25.366483],[56.149184,25.366316],[56.149366,25.365743],[56.149274,25.365134],[56.149691,25.364844],[56.150296,25.364836],[56.151293,25.365051],[56.151951,25.36488],[56.152306,25.364907],[56.164854,25.369891],[56.164789,25.372076],[56.165194,25.374011],[56.165201,25.378761],[56.165313,25.381163],[56.163293,25.384466],[56.163284,25.385791],[56.163278,25.386615],[56.163871,25.388544],[56.16572,25.394553],[56.165757,25.394675],[56.161901,25.400279],[56.161844,25.401308],[56.161392,25.402091],[56.159521,25.405044],[56.159352,25.40531],[56.157863,25.40766],[56.156934,25.409714],[56.15415,25.411278],[56.153886,25.411209],[56.153665,25.411342],[56.153561,25.411475],[56.153611,25.411627],[56.153938,25.412161],[56.15391,25.412298],[56.153828,25.412384],[56.153782,25.412514],[56.153813,25.412629],[56.153949,25.412779],[56.153898,25.413032],[56.153909,25.413509],[56.153895,25.41391],[56.153968,25.414158],[56.153853,25.4144],[56.15352,25.414535],[56.153495,25.414656],[56.153553,25.415004],[56.153456,25.415108],[56.153354,25.415207],[56.153471,25.415362],[56.153461,25.415463],[56.153245,25.415626],[56.15319,25.415872],[56.153182,25.416144],[56.152786,25.416358],[56.152581,25.416412],[56.15202,25.416361],[56.151391,25.416266],[56.15133,25.416135],[56.151219,25.416024],[56.150968,25.415955],[56.150845,25.415902],[56.150644,25.415809],[56.150511,25.415787],[56.150346,25.41582],[56.150256,25.415939],[56.150169,25.416013],[56.150023,25.41603],[56.149899,25.41601],[56.149743,25.415975],[56.149601,25.415886],[56.149493,25.415817],[56.149335,25.415791],[56.149161,25.41574],[56.149037,25.415645],[56.148916,25.415537],[56.148824,25.415383],[56.148792,25.415164],[56.148758,25.415029],[56.148841,25.414487],[56.148825,25.414262],[56.148848,25.414022],[56.148763,25.413828],[56.148488,25.413639],[56.148295,25.413594],[56.148098,25.41359],[56.147917,25.413642],[56.147751,25.413684],[56.147473,25.413658],[56.147303,25.413446],[56.147201,25.413193],[56.147069,25.413089],[56.146915,25.413003],[56.146496,25.413027],[56.146375,25.412979],[56.146216,25.412765],[56.146136,25.412621],[56.146006,25.412281],[56.145836,25.411901],[56.14564,25.411445],[56.145562,25.411293],[56.145529,25.411098],[56.145501,25.410878],[56.145483,25.410719],[56.145432,25.410541],[56.145298,25.410347],[56.145234,25.410232],[56.145157,25.41022],[56.144965,25.409968],[56.144746,25.409787],[56.144467,25.409547],[56.144171,25.409266],[56.143958,25.409089],[56.143821,25.408947],[56.143765,25.408899],[56.143482,25.408878],[56.143234,25.408885],[56.143003,25.408858],[56.142775,25.408798],[56.142435,25.408414],[56.142486,25.40811],[56.142321,25.407866],[56.14216,25.407749],[56.141976,25.407745],[56.14185,25.407751],[56.141687,25.40767],[56.141408,25.40747],[56.141164,25.407343],[56.140955,25.407164],[56.140854,25.407047],[56.140766,25.406942],[56.140628,25.406883],[56.14043,25.406801],[56.140309,25.406736],[56.140234,25.40666],[56.140072,25.406624],[56.139956,25.406605],[56.13984,25.406585],[56.139791,25.406433],[56.139719,25.406317],[56.139633,25.406248],[56.139487,25.406228],[56.13928,25.406217],[56.139125,25.406222],[56.138908,25.406227],[56.138701,25.406129],[56.138521,25.406199],[56.138188,25.406156],[56.137747,25.408067],[56.136762,25.408242],[56.135354,25.407665],[56.135261,25.407444],[56.135219,25.406975],[56.135157,25.406779],[56.134973,25.40653],[56.134848,25.406369],[56.134702,25.406256],[56.134543,25.406175],[56.134261,25.406085],[56.133971,25.405938],[56.133715,25.405779],[56.133634,25.405648],[56.133662,25.4055],[56.133651,25.405286],[56.13336,25.405351],[56.133103,25.405396],[56.13307,25.405509],[56.132913,25.405417],[56.132834,25.40537],[56.132741,25.405401],[56.13262,25.405382],[56.132482,25.405266],[56.132284,25.40542],[56.132136,25.405447],[56.131886,25.405719],[56.131966,25.405917],[56.1317,25.406011],[56.131559,25.40613],[56.131433,25.406173],[56.131227,25.406599],[56.131035,25.406665],[56.130805,25.406605],[56.13064,25.406545],[56.129855,25.406413],[56.129603,25.406409],[56.129548,25.40648],[56.129449,25.406553],[56.129323,25.406621],[56.129137,25.406641],[56.128969,25.406627],[56.128756,25.406642],[56.128541,25.406594],[56.128318,25.406659],[56.1279,25.406578],[56.127707,25.406559],[56.12743,25.406475],[56.126172,25.407087],[56.125871,25.407383],[56.126103,25.408034],[56.126104,25.408464],[56.126135,25.408595],[56.126576,25.409057],[56.126547,25.409356],[56.126678,25.409772],[56.126847,25.410128],[56.126904,25.410263],[56.127194,25.410499],[56.127015,25.41085],[56.127124,25.411085],[56.127376,25.411302],[56.127569,25.411459],[56.127667,25.411601],[56.127895,25.412172],[56.124757,25.417102],[56.124585,25.417335],[56.124333,25.417423],[56.124038,25.417442],[56.123831,25.41736],[56.123773,25.417301],[56.123656,25.417334],[56.123381,25.417091],[56.123133,25.417003],[56.122868,25.417002],[56.122602,25.417013],[56.12235,25.417176],[56.122188,25.417001],[56.121997,25.416985],[56.121861,25.416889],[56.121666,25.416897],[56.121479,25.416857],[56.121327,25.416832],[56.12114,25.416726],[56.12094,25.416696],[56.120671,25.416677],[56.120546,25.416628],[56.120298,25.4166],[56.119978,25.416439],[56.119675,25.416498],[56.119628,25.416495],[56.119584,25.416289],[56.119428,25.416179],[56.119277,25.416087],[56.119144,25.416058],[56.119031,25.415968],[56.118876,25.415953],[56.118632,25.415929],[56.118426,25.415851],[56.118216,25.415741],[56.11809,25.415674],[56.117923,25.415649],[56.117901,25.415871],[56.117921,25.416026],[56.117899,25.41617],[56.117842,25.416304],[56.117787,25.416418],[56.11766,25.416463],[56.117606,25.416551],[56.117451,25.416558],[56.117163,25.416574],[56.116978,25.41679],[56.116913,25.41744],[56.116631,25.417519],[56.116524,25.417865],[56.116284,25.418006],[56.116194,25.418027],[56.115962,25.41804]]]},"properties":{"layer":"Area Name","name":"8C - AASMAH","sectorNo":"8","subSector":"8C","kind":"area","areaKm2":31.237,"fill":"#FB8072","fillOpacity":0.522,"stroke":"#FB8072","strokeWidth":1.0,"source":"Google My Maps 'RAK - MSW Sub-Sector Collection Routes' (PSD), exported 15 Sep 2026, with the map's own styling"}},{"type":"Feature","geometry":{"type":"Polygon","coordinates":[[[56.057151,25.454609],[56.05359,25.455633],[56.037056,25.45649],[56.036878,25.454346],[56.037464,25.453276],[56.037183,25.451682],[56.035906,25.451908],[56.035762,25.451093],[56.035453,25.450343],[56.035515,25.450129],[56.035518,25.450126],[56.035535,25.4501],[56.03554,25.450081],[56.035536,25.450055],[56.035588,25.449878],[56.036162,25.44934],[56.036141,25.448627],[56.036104,25.44773],[56.036068,25.447286],[56.035967,25.44685],[56.036772,25.446573],[56.036829,25.445744],[56.038908,25.445744],[56.04125,25.444801],[56.041798,25.444417],[56.043923,25.442027],[56.044896,25.441331],[56.045783,25.441336],[56.052923,25.43722],[56.054751,25.436756],[56.05805,25.43687],[56.059868,25.436139],[56.058948,25.434253],[56.062332,25.433653],[56.062924,25.436526],[56.063369,25.438014],[56.064152,25.440627],[56.064468,25.440472],[56.064722,25.440382],[56.065033,25.440302],[56.065651,25.440149],[56.065872,25.440885],[56.06709,25.440946],[56.067074,25.441214],[56.068086,25.444819],[56.057455,25.447109],[56.058044,25.449365],[56.060491,25.451618],[56.057151,25.454609]]]},"properties":{"layer":"Area Name","name":"7A - AL AIM","sectorNo":"7","subSector":"7A","kind":"area","areaKm2":4.578,"fill":"#817717","fillOpacity":0.459,"stroke":"#817717","strokeWidth":1.0,"source":"Google My Maps 'RAK - MSW Sub-Sector Collection Routes' (PSD), exported 15 Sep 2026, with the map's own styling"}},{"type":"Feature","geometry":{"type":"Polygon","coordinates":[[[56.079863,25.461768],[56.079629,25.461807],[56.0794,25.461868],[56.074909,25.463296],[56.07482,25.463301],[56.074731,25.463307],[56.074643,25.463316],[56.074554,25.463328],[56.074466,25.463341],[56.074379,25.463358],[56.072665,25.463699],[56.072318,25.463763],[56.071926,25.463807],[56.071769,25.46382],[56.071533,25.463825],[56.071177,25.46382],[56.070948,25.463813],[56.070768,25.463796],[56.070581,25.46377],[56.070371,25.463734],[56.070174,25.463695],[56.07003,25.463661],[56.069677,25.463562],[56.069547,25.463518],[56.069379,25.46346],[56.069121,25.463353],[56.068939,25.463273],[56.068775,25.463193],[56.0685,25.463051],[56.068244,25.462912],[56.066933,25.462204],[56.06592,25.461658],[56.065217,25.461273],[56.064817,25.461042],[56.064425,25.460783],[56.064304,25.460697],[56.064191,25.460616],[56.064068,25.460521],[56.063915,25.460396],[56.063709,25.460221],[56.063664,25.460189],[56.063572,25.460104],[56.063413,25.459952],[56.063225,25.459766],[56.063081,25.459619],[56.062716,25.459244],[56.061816,25.458318],[56.0615,25.457987],[56.060912,25.457399],[56.060704,25.457178],[56.060436,25.456908],[56.060201,25.456685],[56.060034,25.456531],[56.059796,25.456326],[56.059554,25.456135],[56.059281,25.455939],[56.05911,25.455822],[56.058819,25.455636],[56.058548,25.455466],[56.058224,25.45527],[56.057894,25.455065],[56.057565,25.454861],[56.057167,25.454619],[56.057151,25.454609],[56.060491,25.451618],[56.058044,25.449365],[56.057455,25.447109],[56.068086,25.444819],[56.067074,25.441214],[56.06709,25.440946],[56.065872,25.440885],[56.065651,25.440149],[56.065033,25.440302],[56.064722,25.440382],[56.064468,25.440472],[56.064152,25.440627],[56.063369,25.438014],[56.062924,25.436526],[56.062332,25.433653],[56.076255,25.431185],[56.094833,25.42789],[56.094841,25.427961],[56.094994,25.428184],[56.094875,25.42833],[56.094862,25.428502],[56.094819,25.428652],[56.095061,25.429029],[56.094944,25.429407],[56.095153,25.429624],[56.095211,25.429843],[56.095462,25.430203],[56.095799,25.430376],[56.096145,25.430436],[56.096409,25.430727],[56.096559,25.431128],[56.096793,25.431396],[56.097204,25.431649],[56.09744,25.43164],[56.097713,25.431716],[56.098014,25.431589],[56.098259,25.431476],[56.098433,25.431618],[56.098441,25.431703],[56.098656,25.431884],[56.098798,25.431882],[56.098923,25.432011],[56.099073,25.431999],[56.099233,25.432083],[56.099362,25.432039],[56.099497,25.432072],[56.099601,25.432176],[56.100582,25.432661],[56.100804,25.432894],[56.100956,25.432909],[56.101258,25.433101],[56.101459,25.433129],[56.101812,25.433575],[56.102054,25.433325],[56.102382,25.43318],[56.1026,25.43319],[56.102912,25.433081],[56.103177,25.432741],[56.103449,25.432704],[56.103635,25.432776],[56.104175,25.432676],[56.104223,25.432268],[56.104349,25.432199],[56.104538,25.432193],[56.104705,25.432242],[56.104845,25.432429],[56.105084,25.432455],[56.105936,25.432674],[56.106085,25.432543],[56.106206,25.432517],[56.106336,25.432593],[56.106382,25.432684],[56.107322,25.433226],[56.107402,25.433383],[56.096331,25.445817],[56.093598,25.44381],[56.086338,25.445856],[56.086264,25.455662],[56.086672,25.456663],[56.085165,25.456979],[56.084539,25.457731],[56.084514,25.458828],[56.083516,25.460421],[56.083282,25.46074],[56.083164,25.460902],[56.083001,25.461026],[56.082678,25.461273],[56.082661,25.461283],[56.082319,25.461476],[56.081933,25.461631],[56.081526,25.461735],[56.081108,25.461786],[56.080685,25.461783],[56.080338,25.461758],[56.0801,25.461752],[56.079863,25.461768]]]},"properties":{"layer":"Area Name","name":"7A - WADI AL AIM","sectorNo":"7","subSector":"7A","kind":"area","areaKm2":10.873,"fill":"#817717","fillOpacity":0.42,"stroke":"#817717","strokeWidth":1.0,"source":"Google My Maps 'RAK - MSW Sub-Sector Collection Routes' (PSD), exported 15 Sep 2026, with the map's own styling"}},{"type":"Feature","geometry":{"type":"Polygon","coordinates":[[[56.102489,25.492962],[56.097426,25.495487],[56.094124,25.494085],[56.090397,25.492256],[56.085536,25.492073],[56.080386,25.493488],[56.075733,25.493035],[56.07165,25.493214],[56.067167,25.49341],[56.062513,25.493037],[56.059948,25.492877],[56.054552,25.492011],[56.052687,25.491367],[56.048917,25.491082],[56.03991,25.490399],[56.039537,25.490388],[56.045186,25.481544],[56.044365,25.475013],[56.058214,25.473737],[56.066497,25.468552],[56.05359,25.455633],[56.057151,25.454609],[56.057167,25.454619],[56.057565,25.454861],[56.057894,25.455065],[56.058224,25.45527],[56.058548,25.455466],[56.058819,25.455636],[56.05911,25.455822],[56.059281,25.455939],[56.059554,25.456135],[56.059796,25.456326],[56.060034,25.456531],[56.060201,25.456685],[56.060436,25.456908],[56.060704,25.457178],[56.060912,25.457399],[56.0615,25.457987],[56.061816,25.458318],[56.062716,25.459244],[56.063081,25.459619],[56.063225,25.459766],[56.063413,25.459952],[56.063572,25.460104],[56.063664,25.460189],[56.063709,25.460221],[56.063915,25.460396],[56.064068,25.460521],[56.064191,25.460616],[56.064304,25.460697],[56.064425,25.460783],[56.064817,25.461042],[56.065217,25.461273],[56.06592,25.461658],[56.066933,25.462204],[56.068244,25.462912],[56.0685,25.463051],[56.068775,25.463193],[56.068939,25.463273],[56.069121,25.463353],[56.069379,25.46346],[56.069547,25.463518],[56.069677,25.463562],[56.07003,25.463661],[56.070174,25.463695],[56.070371,25.463734],[56.070581,25.46377],[56.070768,25.463796],[56.070948,25.463813],[56.071177,25.46382],[56.071533,25.463825],[56.071769,25.46382],[56.071926,25.463807],[56.072318,25.463763],[56.072665,25.463699],[56.074379,25.463358],[56.074466,25.463341],[56.074554,25.463328],[56.074643,25.463316],[56.074731,25.463307],[56.07482,25.463301],[56.074909,25.463296],[56.0794,25.461868],[56.079629,25.461807],[56.079863,25.461768],[56.0801,25.461752],[56.080338,25.461758],[56.080685,25.461783],[56.081108,25.461786],[56.081526,25.461735],[56.081933,25.461631],[56.082319,25.461476],[56.082661,25.461283],[56.082678,25.461273],[56.083001,25.461026],[56.083164,25.460902],[56.083282,25.46074],[56.083516,25.460421],[56.084514,25.458828],[56.084539,25.457731],[56.085165,25.456979],[56.086672,25.456663],[56.086264,25.455662],[56.086338,25.445856],[56.093598,25.44381],[56.096331,25.445817],[56.107402,25.433383],[56.108123,25.433716],[56.108258,25.434257],[56.108321,25.434433],[56.108501,25.434539],[56.108751,25.434565],[56.10896,25.434584],[56.109248,25.43452],[56.109497,25.434449],[56.109801,25.434461],[56.110064,25.434544],[56.11023,25.434704],[56.110359,25.434978],[56.110322,25.435195],[56.110509,25.43538],[56.110909,25.436132],[56.111366,25.436684],[56.111414,25.43711],[56.111577,25.437235],[56.111645,25.437352],[56.111474,25.43752],[56.111706,25.437709],[56.11189,25.437755],[56.112158,25.437786],[56.112278,25.437966],[56.11231,25.43811],[56.112489,25.438311],[56.112446,25.43846],[56.112538,25.439078],[56.112913,25.439887],[56.113049,25.440081],[56.113489,25.440367],[56.113867,25.441134],[56.113743,25.441525],[56.113835,25.441691],[56.114188,25.442191],[56.114359,25.442695],[56.115166,25.443375],[56.115322,25.443858],[56.115345,25.444433],[56.114912,25.445223],[56.115338,25.447312],[56.116252,25.447916],[56.116476,25.448063],[56.117167,25.448436],[56.117641,25.448933],[56.118409,25.449094],[56.118695,25.449011],[56.11961,25.449278],[56.120027,25.449151],[56.120289,25.449213],[56.120702,25.44962],[56.121801,25.449567],[56.121904,25.449325],[56.12219,25.448996],[56.122489,25.448557],[56.122631,25.448547],[56.122858,25.448709],[56.123338,25.448775],[56.123545,25.449224],[56.123696,25.449316],[56.123805,25.449596],[56.124441,25.449965],[56.12464,25.450176],[56.124752,25.450406],[56.124759,25.450572],[56.12455,25.450923],[56.124619,25.451102],[56.124706,25.45206],[56.124666,25.452536],[56.124543,25.452757],[56.124604,25.453018],[56.124919,25.45316],[56.124923,25.453536],[56.125119,25.453705],[56.125207,25.454677],[56.125096,25.4552],[56.125223,25.455518],[56.125235,25.45607],[56.125413,25.456531],[56.125552,25.456739],[56.125597,25.456899],[56.125952,25.457078],[56.12614,25.457482],[56.126122,25.457613],[56.126322,25.457729],[56.126635,25.457692],[56.126791,25.457755],[56.126849,25.457894],[56.127076,25.457911],[56.127375,25.458217],[56.12727,25.458554],[56.127024,25.45876],[56.127326,25.458837],[56.127477,25.459168],[56.127631,25.459286],[56.128051,25.459269],[56.128239,25.45935],[56.128618,25.459711],[56.128911,25.460101],[56.129487,25.460474],[56.129683,25.460391],[56.13095,25.460338],[56.131456,25.460404],[56.131868,25.460291],[56.132398,25.460497],[56.132807,25.460433],[56.133033,25.460525],[56.133409,25.460517],[56.134921,25.461068],[56.135018,25.461411],[56.135624,25.461679],[56.135779,25.461641],[56.136309,25.461847],[56.13637,25.462013],[56.136811,25.462316],[56.137148,25.462372],[56.137875,25.462914],[56.137891,25.463254],[56.137962,25.463484],[56.138081,25.463781],[56.13836,25.463983],[56.138565,25.464385],[56.138973,25.46466],[56.139207,25.464698],[56.139455,25.464891],[56.139756,25.464994],[56.140051,25.465208],[56.140091,25.465483],[56.139975,25.465729],[56.13998,25.465951],[56.139871,25.466265],[56.140052,25.46656],[56.140592,25.466603],[56.140942,25.466744],[56.141235,25.466931],[56.14114,25.46723],[56.141183,25.467532],[56.141508,25.467733],[56.141652,25.467973],[56.141673,25.468374],[56.141733,25.46869],[56.141815,25.469254],[56.141969,25.469773],[56.141886,25.470044],[56.142093,25.470293],[56.142207,25.470534],[56.142456,25.471006],[56.142419,25.471235],[56.142184,25.471391],[56.141877,25.471425],[56.14178,25.471743],[56.136576,25.478945],[56.133278,25.479648],[56.132456,25.477729],[56.121891,25.473738],[56.121315,25.474702],[56.120934,25.47534],[56.119243,25.475348],[56.117662,25.479392],[56.102489,25.492962]]]},"properties":{"layer":"Area Name","name":"7A - WADI KUB","sectorNo":"7","subSector":"7A","kind":"area","areaKm2":34.376,"fill":"#817717","fillOpacity":0.451,"stroke":"#817717","strokeWidth":1.0,"source":"Google My Maps 'RAK - MSW Sub-Sector Collection Routes' (PSD), exported 15 Sep 2026, with the map's own styling"}},{"type":"Feature","geometry":{"type":"Polygon","coordinates":[[[55.990215,25.512476],[55.98751,25.51256],[55.987405,25.512561],[55.9873,25.512564],[55.987195,25.51257],[55.987071,25.51258],[55.986948,25.512593],[55.986825,25.512611],[55.986702,25.512631],[55.986581,25.512655],[55.98646,25.512683],[55.986328,25.512717],[55.986197,25.512756],[55.986067,25.512798],[55.985939,25.512845],[55.985813,25.512895],[55.985689,25.51295],[55.985568,25.513008],[55.985448,25.513071],[55.985331,25.513137],[55.985217,25.513206],[55.985105,25.513279],[55.984996,25.513356],[55.98489,25.513436],[55.984787,25.513519],[55.984688,25.513606],[55.984591,25.513695],[55.984499,25.513788],[55.98441,25.513883],[55.984324,25.513981],[55.984242,25.514082],[55.984165,25.514185],[55.983062,25.515712],[55.982968,25.515837],[55.982869,25.51596],[55.982765,25.516079],[55.982658,25.516196],[55.982546,25.516309],[55.98243,25.516418],[55.98231,25.516524],[55.982185,25.516626],[55.982058,25.516724],[55.981926,25.516818],[55.981791,25.516908],[55.981653,25.516993],[55.981512,25.517075],[55.981368,25.517152],[55.97965,25.518035],[55.977964,25.515334],[55.975885,25.506313],[55.973087,25.494175],[55.971669,25.488021],[55.970956,25.484928],[55.970322,25.482176],[55.970128,25.481334],[55.969122,25.47697],[55.968683,25.475064],[55.968642,25.474887],[55.967022,25.467852],[55.966848,25.467097],[55.946532,25.468864],[55.932025,25.470124],[55.914541,25.471641],[55.898563,25.473025],[55.880614,25.474578],[55.861831,25.476201],[55.849618,25.477255],[55.878668,25.457616],[55.885862,25.452419],[55.910337,25.434734],[55.933504,25.439134],[55.958549,25.443887],[55.953625,25.430308],[55.962167,25.427651],[55.967799,25.445641],[55.968638,25.4458],[55.984485,25.44196],[55.984514,25.442036],[55.984584,25.442203],[55.984656,25.442362],[55.98475,25.442567],[55.984895,25.442836],[55.984983,25.44299],[55.985421,25.443736],[55.98545,25.443786],[55.989111,25.443015],[55.990017,25.442825],[55.994068,25.441155],[55.996366,25.440968],[55.996413,25.43958],[56.000338,25.439689],[56.004498,25.440444],[56.007079,25.440911],[56.011943,25.441793],[56.014488,25.443791],[56.025073,25.443675],[56.031541,25.444305],[56.032253,25.443825],[56.032939,25.444677],[56.033175,25.446304],[56.035958,25.445744],[56.036829,25.445744],[56.036772,25.446573],[56.035967,25.44685],[56.036068,25.447286],[56.036104,25.44773],[56.036141,25.448627],[56.036162,25.44934],[56.035588,25.449878],[56.035536,25.450055],[56.03554,25.450081],[56.035535,25.4501],[56.035518,25.450126],[56.035515,25.450129],[56.035453,25.450343],[56.035762,25.451093],[56.035906,25.451908],[56.037183,25.451682],[56.037464,25.453276],[56.036878,25.454346],[56.037056,25.45649],[56.05359,25.455633],[56.066497,25.468552],[56.058214,25.473737],[56.044365,25.475013],[56.045186,25.481544],[56.039537,25.490388],[56.028021,25.490052],[56.033219,25.480614],[56.03063,25.473705],[56.02805,25.472534],[56.025338,25.477457],[56.015117,25.473052],[56.010295,25.470974],[56.009371,25.468045],[56.009177,25.468106],[56.008936,25.468172],[56.008692,25.468227],[56.008445,25.468271],[56.008197,25.468304],[56.007946,25.468326],[56.007695,25.468337],[56.007443,25.468337],[56.007192,25.468325],[56.006942,25.468302],[56.006693,25.468269],[56.006446,25.468224],[56.006203,25.468168],[56.005962,25.468102],[56.005725,25.468024],[56.005588,25.467974],[56.005379,25.46789],[56.005097,25.467766],[56.004931,25.467689],[56.004752,25.467604],[56.004627,25.467543],[56.004491,25.467478],[56.004326,25.4674],[56.00416,25.467323],[56.004049,25.467274],[56.003937,25.467226],[56.003825,25.467181],[56.003639,25.46711],[56.003483,25.467056],[56.00325,25.466986],[56.003013,25.466926],[56.002773,25.466877],[56.002531,25.466838],[56.002287,25.466811],[56.002042,25.466794],[56.001796,25.466788],[56.001551,25.466793],[56.001281,25.466812],[56.000997,25.466846],[56.00092,25.466894],[56.0008,25.466969],[56.000638,25.467072],[56.000441,25.467197],[56.00009,25.467417],[55.99961,25.467719],[55.999268,25.467934],[55.999083,25.46805],[55.998947,25.468136],[55.998843,25.468202],[55.998733,25.468265],[55.998625,25.468329],[55.998476,25.468406],[55.998354,25.468463],[55.998207,25.468527],[55.998069,25.468581],[55.997905,25.468639],[55.997794,25.468673],[55.997629,25.468718],[55.997498,25.468749],[55.997298,25.468787],[55.997119,25.468814],[55.996913,25.468835],[55.996788,25.468843],[55.996607,25.468848],[55.996538,25.468849],[55.996421,25.468848],[55.996276,25.46884],[55.996214,25.468836],[55.996102,25.468822],[55.996008,25.468812],[55.995911,25.468797],[55.995826,25.468784],[55.994842,25.468619],[55.994303,25.468529],[55.994241,25.468521],[55.994179,25.468513],[55.994117,25.468505],[55.994055,25.468496],[55.993994,25.468487],[55.993932,25.468477],[55.993871,25.468468],[55.993809,25.468458],[55.993748,25.468447],[55.993687,25.468437],[55.993636,25.468429],[55.993585,25.46842],[55.993535,25.468411],[55.993484,25.468402],[55.993442,25.468395],[55.993198,25.468353],[55.992953,25.468311],[55.992709,25.468268],[55.992465,25.468226],[55.992221,25.468184],[55.992033,25.468152],[55.991976,25.468142],[55.991902,25.468129],[55.991732,25.4681],[55.991488,25.468057],[55.991243,25.468015],[55.991143,25.467998],[55.990877,25.472196],[55.990876,25.472196],[55.990812,25.4732],[55.988995,25.472892],[55.988377,25.475883],[55.988279,25.477757],[55.987672,25.477753],[55.987614,25.480708],[55.987545,25.483622],[55.987542,25.483725],[55.987578,25.483837],[55.988734,25.487534],[55.989277,25.487393],[55.992012,25.496112],[55.997764,25.494626],[55.998568,25.497458],[55.997695,25.498141],[56.004819,25.504285],[55.996451,25.512276],[55.990214,25.512098],[55.990215,25.512476]]]},"properties":{"layer":"Area Name","name":"7A - ADHAN","sectorNo":"7","subSector":"7A","kind":"area","areaKm2":71.933,"fill":"#817717","fillOpacity":0.459,"stroke":"#817717","strokeWidth":1.0,"source":"Google My Maps 'RAK - MSW Sub-Sector Collection Routes' (PSD), exported 15 Sep 2026, with the map's own styling"}},{"type":"Feature","geometry":{"type":"Polygon","coordinates":[[[55.860856,25.599402],[55.845044,25.590367],[55.844933,25.590334],[55.844613,25.590249],[55.84429,25.590175],[55.843965,25.59011],[55.843637,25.590055],[55.843308,25.590011],[55.842977,25.589976],[55.842645,25.589951],[55.842312,25.589936],[55.842296,25.589936],[55.841979,25.589932],[55.840505,25.58992],[55.839481,25.590228],[55.838457,25.590536],[55.837432,25.590843],[55.836408,25.591151],[55.835384,25.591459],[55.83487,25.590546],[55.834356,25.589634],[55.833842,25.588722],[55.833328,25.58781],[55.83222,25.587599],[55.831111,25.587387],[55.830002,25.587176],[55.828894,25.586964],[55.827785,25.586752],[55.826677,25.586541],[55.82567,25.586601],[55.824664,25.586661],[55.823658,25.586722],[55.822651,25.586782],[55.821645,25.586842],[55.820639,25.586902],[55.819632,25.586963],[55.818626,25.587023],[55.81762,25.587083],[55.816613,25.587143],[55.815607,25.587204],[55.8146,25.587264],[55.813594,25.587324],[55.812588,25.587384],[55.810542,25.567443],[55.808264,25.545232],[55.806387,25.526935],[55.826429,25.510779],[55.845187,25.495652],[55.849795,25.504241],[55.860564,25.52431],[55.880002,25.560517],[55.881866,25.56231],[55.882219,25.563394],[55.882341,25.563768],[55.882028,25.564288],[55.875064,25.575841],[55.873984,25.577632],[55.860856,25.599402]]]},"properties":{"layer":"Area Name","name":"7A - AL ASHISH","sectorNo":"7","subSector":"7A","kind":"area","areaKm2":54.765,"fill":"#817717","fillOpacity":0.471,"stroke":"#817717","strokeWidth":1.0,"source":"Google My Maps 'RAK - MSW Sub-Sector Collection Routes' (PSD), exported 15 Sep 2026, with the map's own styling"}},{"type":"Feature","geometry":{"type":"Polygon","coordinates":[[[55.855489,25.607972],[55.835293,25.636495],[55.834567,25.637469],[55.834367,25.637729],[55.824832,25.633028],[55.823701,25.63247],[55.82187,25.631568],[55.820951,25.631114],[55.814431,25.627899],[55.812445,25.626919],[55.811992,25.626693],[55.811518,25.626451],[55.811048,25.626203],[55.81058,25.625951],[55.810115,25.625695],[55.809653,25.625434],[55.809146,25.625139],[55.808643,25.62484],[55.808144,25.624534],[55.807649,25.624224],[55.807159,25.623908],[55.806654,25.623576],[55.815472,25.615506],[55.814727,25.608318],[55.814736,25.608314],[55.813096,25.592334],[55.812652,25.588009],[55.812588,25.587384],[55.813594,25.587324],[55.8146,25.587264],[55.815607,25.587204],[55.816613,25.587143],[55.81762,25.587083],[55.818626,25.587023],[55.819632,25.586963],[55.820639,25.586902],[55.821645,25.586842],[55.822651,25.586782],[55.823658,25.586722],[55.824664,25.586661],[55.82567,25.586601],[55.826677,25.586541],[55.827785,25.586752],[55.828894,25.586964],[55.830002,25.587176],[55.831111,25.587387],[55.83222,25.587599],[55.833328,25.58781],[55.833842,25.588722],[55.834356,25.589634],[55.83487,25.590546],[55.835384,25.591459],[55.836408,25.591151],[55.837432,25.590843],[55.838457,25.590536],[55.839481,25.590228],[55.840505,25.58992],[55.841979,25.589932],[55.842296,25.589936],[55.842312,25.589936],[55.842645,25.589951],[55.842977,25.589976],[55.843308,25.590011],[55.843637,25.590055],[55.843965,25.59011],[55.84429,25.590175],[55.844613,25.590249],[55.844933,25.590334],[55.845044,25.590367],[55.860856,25.599402],[55.858096,25.603978],[55.855489,25.607972]]]},"properties":{"layer":"Area Name","name":"7A - AL MAZRAE","sectorNo":"7","subSector":"7A","kind":"area","areaKm2":18.452,"fill":"#817717","fillOpacity":0.439,"stroke":"#817717","strokeWidth":1.0,"source":"Google My Maps 'RAK - MSW Sub-Sector Collection Routes' (PSD), exported 15 Sep 2026, with the map's own styling"}},{"type":"Feature","geometry":{"type":"Polygon","coordinates":[[[56.218171,25.298633],[56.213816,25.300931],[56.193602,25.299749],[56.182115,25.299076],[56.181878,25.298843],[56.181669,25.298795],[56.181253,25.298588],[56.180498,25.298394],[56.180188,25.298172],[56.17966,25.298169],[56.179052,25.29863],[56.178906,25.298831],[56.17864,25.299003],[56.178437,25.299255],[56.177649,25.299235],[56.177094,25.299352],[56.176872,25.299467],[56.176344,25.299456],[56.176115,25.29966],[56.175212,25.299535],[56.174609,25.299031],[56.174145,25.298994],[56.174026,25.298917],[56.17848,25.286689],[56.174182,25.285799],[56.173631,25.284908],[56.172903,25.285117],[56.173073,25.28555],[56.172864,25.285621],[56.17287,25.285638],[56.172852,25.285643],[56.172836,25.285631],[56.171881,25.285955],[56.169686,25.285197],[56.169764,25.284823],[56.169799,25.284477],[56.169802,25.284076],[56.169802,25.284074],[56.169775,25.284068],[56.163327,25.282629],[56.150935,25.279864],[56.150931,25.279863],[56.150543,25.279634],[56.150412,25.279417],[56.150462,25.279047],[56.150696,25.278744],[56.151355,25.278266],[56.151787,25.27764],[56.151761,25.277371],[56.151514,25.27701],[56.150581,25.276385],[56.149995,25.275953],[56.14997,25.275698],[56.15121,25.275583],[56.152986,25.27507],[56.153248,25.274609],[56.153742,25.274148],[56.153723,25.273826],[56.15327,25.273367],[56.153913,25.272926],[56.154207,25.272427],[56.154819,25.271851],[56.155487,25.271546],[56.155764,25.271205],[56.155718,25.270888],[56.155226,25.270804],[56.155297,25.270447],[56.155965,25.270094],[56.156838,25.269269],[56.157187,25.269155],[56.157952,25.268609],[56.157863,25.268537],[56.157555,25.268559],[56.157376,25.268447],[56.157053,25.268437],[56.156684,25.268123],[56.156256,25.268054],[56.156098,25.26789],[56.156316,25.267588],[56.1574,25.266942],[56.157832,25.266272],[56.157852,25.265475],[56.157564,25.264871],[56.157541,25.264033],[56.158111,25.26325],[56.157336,25.262041],[56.157274,25.261541],[56.157147,25.261012],[56.156589,25.260742],[56.156247,25.260465],[56.156085,25.260562],[56.15564,25.260659],[56.155264,25.260547],[56.154786,25.260508],[56.154625,25.26031],[56.154174,25.260266],[56.153979,25.260112],[56.153819,25.259867],[56.153725,25.259756],[56.153334,25.259571],[56.153032,25.259423],[56.152784,25.259232],[56.152306,25.259175],[56.152031,25.258985],[56.151898,25.258739],[56.151703,25.25801],[56.15149,25.257854],[56.150661,25.25749],[56.150662,25.257268],[56.15195,25.25472],[56.152167,25.254625],[56.152533,25.254465],[56.153183,25.254467],[56.153746,25.254103],[56.154161,25.254074],[56.154487,25.253882],[56.15479,25.253893],[56.155049,25.25366],[56.155913,25.253622],[56.156149,25.253572],[56.156419,25.25336],[56.156487,25.253176],[56.156779,25.253015],[56.157244,25.252931],[56.157604,25.252759],[56.15923,25.252817],[56.159477,25.252696],[56.159769,25.252717],[56.160184,25.252668],[56.160319,25.252475],[56.160634,25.252374],[56.161076,25.252047],[56.161954,25.25153],[56.162786,25.251147],[56.163066,25.251046],[56.163148,25.250435],[56.162869,25.250128],[56.162512,25.249637],[56.162086,25.249636],[56.161693,25.249767],[56.1613,25.249775],[56.161021,25.24953],[56.161157,25.249251],[56.161215,25.248874],[56.160637,25.247833],[56.178949,25.247936],[56.183886,25.239264],[56.183817,25.238854],[56.183678,25.238616],[56.1836,25.238395],[56.183601,25.238213],[56.18367,25.238072],[56.183844,25.237969],[56.184139,25.237899],[56.184487,25.238042],[56.184791,25.238263],[56.184999,25.238208],[56.185164,25.238303],[56.185252,25.238398],[56.185721,25.238382],[56.185878,25.238121],[56.185792,25.237821],[56.186009,25.237806],[56.186131,25.23753],[56.186366,25.237325],[56.18634,25.237191],[56.186453,25.237049],[56.186418,25.236884],[56.186497,25.236797],[56.186827,25.236782],[56.186939,25.2369],[56.187278,25.237011],[56.187808,25.236989],[56.188034,25.237218],[56.188059,25.23747],[56.188276,25.237652],[56.188232,25.237794],[56.188293,25.23796],[56.188485,25.23807],[56.189215,25.237614],[56.189345,25.237401],[56.18965,25.237133],[56.190379,25.237166],[56.190588,25.237222],[56.190874,25.237261],[56.191152,25.237175],[56.19164,25.237191],[56.191944,25.236923],[56.19217,25.236923],[56.192778,25.236648],[56.19311,25.236561],[56.193327,25.236648],[56.19396,25.236633],[56.194221,25.236508],[56.194664,25.236469],[56.194937,25.236521],[56.195157,25.236593],[56.196393,25.236999],[56.196942,25.236335],[56.197,25.235902],[56.197098,25.235648],[56.197294,25.23552],[56.197476,25.234711],[56.197873,25.234249],[56.197925,25.234004],[56.1985,25.233267],[56.199401,25.232571],[56.200477,25.232124],[56.201192,25.231986],[56.201546,25.231978],[56.202392,25.231819],[56.202825,25.231679],[56.203281,25.231609],[56.203914,25.231339],[56.204853,25.23085],[56.205015,25.23111],[56.205357,25.231181],[56.205921,25.231062],[56.205988,25.230781],[56.20621,25.23051],[56.20663,25.23026],[56.207151,25.230262],[56.207449,25.230433],[56.207692,25.230474],[56.208123,25.230444],[56.20871,25.230587],[56.209262,25.230869],[56.209758,25.231181],[56.21115,25.232231],[56.211945,25.232543],[56.212409,25.232625],[56.214278,25.232659],[56.214565,25.23281],[56.214752,25.233162],[56.214851,25.233523],[56.215171,25.233735],[56.215767,25.233917],[56.216154,25.233817],[56.216532,25.233829],[56.217228,25.233589],[56.217748,25.23359],[56.22236,25.235021],[56.223383,25.235263],[56.225115,25.23668],[56.225964,25.23714],[56.226475,25.237298],[56.227402,25.237212],[56.228085,25.237057],[56.228715,25.237001],[56.229288,25.237103],[56.230587,25.237571],[56.231795,25.238597],[56.232389,25.238888],[56.233093,25.238996],[56.233593,25.238965],[56.234063,25.238796],[56.234782,25.23839],[56.235758,25.238246],[56.236103,25.238209],[56.236525,25.238317],[56.237152,25.239159],[56.237469,25.239542],[56.237759,25.239675],[56.238214,25.239675],[56.238976,25.239512],[56.239211,25.23967],[56.239577,25.239778],[56.240675,25.239836],[56.241132,25.239816],[56.241464,25.23954],[56.241513,25.239264],[56.24143,25.239057],[56.241654,25.238824],[56.242075,25.238725],[56.242241,25.238543],[56.242235,25.238323],[56.242429,25.238041],[56.242767,25.237966],[56.243016,25.237898],[56.243168,25.23781],[56.243508,25.237836],[56.244212,25.237856],[56.244524,25.23802],[56.24469,25.237945],[56.245021,25.237952],[56.245277,25.237846],[56.245546,25.23789],[56.245844,25.237671],[56.24641,25.237716],[56.246764,25.237691],[56.247089,25.237541],[56.247365,25.237591],[56.24825,25.237222],[56.248471,25.237436],[56.248692,25.23738],[56.249051,25.237348],[56.247526,25.240559],[56.234628,25.248169],[56.231507,25.248836],[56.228629,25.24789],[56.224886,25.249323],[56.225647,25.253479],[56.223945,25.25666],[56.223309,25.260105],[56.223148,25.260981],[56.222486,25.261868],[56.221564,25.263974],[56.222684,25.265414],[56.222147,25.268433],[56.224339,25.272333],[56.223111,25.279235],[56.216153,25.292044],[56.215221,25.293761],[56.215343,25.294735],[56.218171,25.298633]]]},"properties":{"layer":"Area Name","name":"8C - DIFTAH","sectorNo":"8","subSector":"8C","kind":"area","areaKm2":43.165,"fill":"#FB8072","fillOpacity":0.702,"stroke":"#FB8072","strokeWidth":1.0,"source":"Google My Maps 'RAK - MSW Sub-Sector Collection Routes' (PSD), exported 15 Sep 2026, with the map's own styling"}},{"type":"Feature","geometry":{"type":"Polygon","coordinates":[[[56.027274,25.135322],[56.026487,25.135154],[56.026218,25.135558],[56.003802,25.139746],[55.999483,25.113988],[55.998676,25.109172],[55.994068,25.102578],[55.991127,25.098368],[55.977271,25.078532],[55.982238,25.067686],[55.990447,25.04976],[55.992929,25.047734],[55.993219,25.047493],[55.993301,25.047429],[55.993383,25.04737],[55.993511,25.047296],[55.993623,25.047243],[55.993662,25.047225],[55.993698,25.047214],[55.99381,25.04718],[55.993969,25.047139],[55.994418,25.047035],[55.994491,25.047017],[55.994642,25.046985],[55.994875,25.046933],[55.995184,25.046877],[55.995577,25.046813],[55.995734,25.046789],[55.995899,25.046761],[55.995999,25.046749],[55.997432,25.046514],[55.997612,25.046487],[55.997716,25.046469],[55.997768,25.046462],[55.997843,25.046448],[55.997918,25.046436],[55.997978,25.046425],[55.998057,25.046411],[55.99806,25.04641],[55.998114,25.046397],[55.998177,25.046382],[55.998224,25.04637],[55.998245,25.046364],[55.998328,25.04634],[55.99839,25.046319],[55.998476,25.046291],[55.998512,25.046279],[55.99857,25.046257],[55.998644,25.04623],[55.998778,25.046182],[55.999216,25.04602],[55.999359,25.045969],[55.999445,25.045935],[55.999533,25.045905],[55.999632,25.045875],[55.999789,25.045834],[55.999868,25.045815],[55.999942,25.045799],[56.00002,25.045786],[56.000096,25.045773],[56.000177,25.045764],[56.000258,25.045755],[56.000336,25.04575],[56.000418,25.045745],[56.001608,25.045688],[56.005313,25.045515],[56.005496,25.045506],[56.005828,25.045519],[56.006008,25.045536],[56.006302,25.045582],[56.008491,25.045893],[56.008659,25.045919],[56.009428,25.046028],[56.009433,25.046029],[56.01222,25.042923],[56.012929,25.042134],[56.01319,25.041858],[56.013351,25.041698],[56.01357,25.041495],[56.013688,25.041392],[56.014211,25.04094],[56.017521,25.03917],[56.021404,25.03647],[56.025176,25.034199],[56.037056,25.022097],[56.024506,25.010497],[56.006843,24.994165],[56.030194,24.973098],[56.045983,24.968233],[56.085968,24.983998],[56.091366,24.986125],[56.099273,24.989241],[56.108658,25.004925],[56.108659,25.004927],[56.108703,25.004999],[56.122047,25.027293],[56.130687,25.041721],[56.134487,25.048066],[56.127323,25.055728],[56.121777,25.060237],[56.118363,25.062143],[56.117348,25.066817],[56.116277,25.068668],[56.112935,25.071194],[56.110518,25.070973],[56.106521,25.072569],[56.103916,25.074993],[56.103455,25.076091],[56.10344,25.078156],[56.10166,25.080379],[56.100227,25.083641],[56.09886,25.084528],[56.097805,25.087116],[56.098378,25.088447],[56.100187,25.089077],[56.100327,25.090523],[56.099094,25.093818],[56.101258,25.097547],[56.100334,25.099881],[56.095939,25.101575],[56.096154,25.103227],[56.094694,25.104162],[56.092933,25.103484],[56.090527,25.102037],[56.087142,25.103953],[56.08647,25.103535],[56.086011,25.100923],[56.08518,25.100173],[56.084526,25.099886],[56.083935,25.100145],[56.082344,25.101583],[56.080884,25.101605],[56.078144,25.103101],[56.076413,25.103519],[56.075319,25.103156],[56.074209,25.102234],[56.067197,25.103856],[56.067003,25.104115],[56.059465,25.114158],[56.051125,25.121675],[56.043567,25.121618],[56.036705,25.125176],[56.036755,25.125828],[56.035974,25.12648],[56.035792,25.127031],[56.034815,25.1276],[56.034133,25.127819],[56.033598,25.127791],[56.031185,25.128481],[56.029347,25.129113],[56.027608,25.129045],[56.025996,25.12858],[56.027407,25.135293],[56.027274,25.135322]]]},"properties":{"layer":"Area Name","name":"8A - SHOWKAH","sectorNo":"8","subSector":"8A","kind":"area","areaKm2":169.707,"fill":"#BEBADA","fillOpacity":0.729,"stroke":"#BEBADA","strokeWidth":1.0,"source":"Google My Maps 'RAK - MSW Sub-Sector Collection Routes' (PSD), exported 15 Sep 2026, with the map's own styling"}},{"type":"Feature","geometry":{"type":"Polygon","coordinates":[[[56.176873,25.341596],[56.176095,25.349456],[56.174597,25.354965],[56.164681,25.347989],[56.163638,25.347255],[56.162355,25.344629],[56.160362,25.344004],[56.160379,25.342938],[56.155989,25.341152],[56.155522,25.341213],[56.155026,25.339576],[56.153125,25.337289],[56.151122,25.332374],[56.150034,25.331637],[56.148797,25.328081],[56.146584,25.326226],[56.145818,25.325002],[56.145527,25.324524],[56.145482,25.324359],[56.145776,25.32407],[56.146009,25.324044],[56.146416,25.323709],[56.14629,25.323415],[56.145761,25.322942],[56.145713,25.322744],[56.146029,25.322588],[56.146474,25.32218],[56.146476,25.322017],[56.145879,25.322056],[56.145582,25.321922],[56.14531,25.321509],[56.144995,25.321255],[56.144346,25.320936],[56.143943,25.320121],[56.143295,25.319346],[56.143031,25.318517],[56.142858,25.318404],[56.142762,25.318022],[56.142857,25.317725],[56.14293,25.31744],[56.1434,25.317309],[56.14364,25.316281],[56.143411,25.316225],[56.143216,25.316006],[56.143256,25.315332],[56.142827,25.314459],[56.142949,25.313856],[56.142898,25.313544],[56.15709,25.31175],[56.159841,25.311402],[56.160594,25.311696],[56.160872,25.310379],[56.160915,25.308419],[56.161571,25.308423],[56.162476,25.308284],[56.163121,25.308141],[56.163332,25.307997],[56.163334,25.307995],[56.163403,25.307801],[56.164211,25.307228],[56.167524,25.306524],[56.167805,25.306183],[56.168,25.306129],[56.168305,25.306044],[56.168839,25.306329],[56.169022,25.30628],[56.169372,25.306289],[56.169609,25.306416],[56.169765,25.306748],[56.170385,25.306929],[56.170503,25.306612],[56.170815,25.306592],[56.171259,25.306871],[56.171506,25.306782],[56.171818,25.306797],[56.17199,25.307173],[56.172193,25.307306],[56.172434,25.307313],[56.172884,25.307409],[56.173069,25.307664],[56.172901,25.307947],[56.173204,25.308241],[56.173392,25.308831],[56.173658,25.309018],[56.173904,25.309063],[56.174111,25.309255],[56.174394,25.309315],[56.174577,25.309302],[56.174599,25.309385],[56.175129,25.309365],[56.176072,25.30998],[56.176419,25.310124],[56.176815,25.310458],[56.1775,25.310599],[56.177455,25.309836],[56.177372,25.309136],[56.177474,25.308452],[56.177721,25.307871],[56.178034,25.307509],[56.178788,25.307098],[56.179164,25.306979],[56.179992,25.306944],[56.180462,25.306874],[56.180956,25.306722],[56.181213,25.306698],[56.181606,25.306558],[56.181902,25.306592],[56.182015,25.306766],[56.182722,25.307166],[56.1833,25.3068],[56.183579,25.306453],[56.18412,25.30635],[56.18598,25.305201],[56.186221,25.30481],[56.186386,25.304186],[56.186331,25.303504],[56.186077,25.303161],[56.185789,25.302908],[56.185168,25.302582],[56.184865,25.302573],[56.184432,25.302299],[56.184642,25.302099],[56.184837,25.301684],[56.183533,25.300859],[56.182665,25.299952],[56.182382,25.29959],[56.182115,25.299076],[56.193602,25.299749],[56.213816,25.300931],[56.212331,25.303688],[56.211326,25.310612],[56.209516,25.311063],[56.212198,25.314111],[56.213735,25.319158],[56.212462,25.320949],[56.210618,25.321869],[56.211104,25.323497],[56.208927,25.326754],[56.205689,25.328028],[56.205683,25.329012],[56.202917,25.329593],[56.201343,25.328673],[56.200576,25.328643],[56.200035,25.328743],[56.19903,25.329722],[56.198916,25.330335],[56.198949,25.330614],[56.199621,25.331505],[56.200576,25.332214],[56.200744,25.33247],[56.200822,25.332747],[56.201102,25.333108],[56.201045,25.333383],[56.200243,25.334107],[56.199804,25.334279],[56.198797,25.334391],[56.198133,25.334287],[56.197594,25.333989],[56.197043,25.333855],[56.196525,25.333894],[56.196288,25.334129],[56.196388,25.334374],[56.196758,25.334815],[56.196937,25.335306],[56.196946,25.33595],[56.196809,25.336522],[56.19664,25.336654],[56.196111,25.336622],[56.195447,25.336477],[56.194448,25.3358],[56.193523,25.334958],[56.192938,25.334803],[56.191544,25.334125],[56.191142,25.333163],[56.190884,25.332876],[56.190321,25.332905],[56.189645,25.333241],[56.188219,25.335628],[56.18768,25.336364],[56.176873,25.341596]]]},"properties":{"layer":"Area Name","name":"8C - MASAFI","sectorNo":"8","subSector":"8C","kind":"area","areaKm2":24.297,"fill":"#FB8072","fillOpacity":0.639,"stroke":"#FB8072","strokeWidth":1.0,"source":"Google My Maps 'RAK - MSW Sub-Sector Collection Routes' (PSD), exported 15 Sep 2026, with the map's own styling"}},{"type":"Feature","geometry":{"type":"Polygon","coordinates":[[[56.035458,25.198251],[56.034972,25.1983],[56.034918,25.198305],[56.034891,25.198309],[56.034654,25.198341],[56.034423,25.198389],[56.034169,25.198442],[56.034147,25.198448],[56.033836,25.198531],[56.033584,25.198611],[56.033143,25.198749],[56.032252,25.199052],[56.025814,25.201218],[56.025592,25.201289],[56.025467,25.201325],[56.025313,25.201373],[56.025161,25.201413],[56.024933,25.20147],[56.024666,25.201529],[56.024473,25.201568],[56.024229,25.201611],[56.023988,25.201651],[56.023699,25.201695],[56.023153,25.201781],[56.022973,25.201809],[56.021939,25.20197],[56.020715,25.202162],[56.014851,25.203074],[56.010877,25.203693],[56.010919,25.205346],[56.010284,25.20775],[56.009145,25.20983],[56.005045,25.217128],[56.003169,25.222588],[56.001877,25.225187],[56.000833,25.227285],[56.003877,25.210027],[55.984454,25.205082],[55.987594,25.195325],[55.990854,25.185193],[55.993615,25.176612],[55.994578,25.173619],[56.006659,25.166829],[56.005834,25.152565],[56.005772,25.151493],[56.003802,25.139746],[56.026218,25.135558],[56.026487,25.135154],[56.027274,25.135322],[56.027407,25.135293],[56.025996,25.12858],[56.027608,25.129045],[56.029347,25.129113],[56.031185,25.128481],[56.033598,25.127791],[56.034133,25.127819],[56.034815,25.1276],[56.035792,25.127031],[56.035974,25.12648],[56.036755,25.125828],[56.036705,25.125176],[56.043567,25.121618],[56.051125,25.121675],[56.059465,25.114158],[56.067003,25.104115],[56.067197,25.103856],[56.074209,25.102234],[56.075319,25.103156],[56.076413,25.103519],[56.078144,25.103101],[56.080884,25.101605],[56.082344,25.101583],[56.083935,25.100145],[56.084526,25.099886],[56.08518,25.100173],[56.086011,25.100923],[56.08647,25.103535],[56.087142,25.103953],[56.090527,25.102037],[56.092933,25.103484],[56.094694,25.104162],[56.085995,25.162058],[56.085732,25.163811],[56.08573,25.16381],[56.085703,25.163803],[56.085665,25.163791],[56.085621,25.163779],[56.0856,25.163772],[56.085566,25.163762],[56.08553,25.163753],[56.085493,25.163742],[56.085446,25.163728],[56.085413,25.163719],[56.085354,25.1637],[56.085307,25.163687],[56.085266,25.163676],[56.085236,25.163668],[56.085201,25.163656],[56.085166,25.163645],[56.085145,25.163637],[56.085125,25.163631],[56.084951,25.163628],[56.084874,25.164073],[56.085433,25.164111],[56.085553,25.16415],[56.085672,25.164206],[56.084385,25.172766],[56.091547,25.176393],[56.091548,25.176394],[56.0915,25.176469],[56.091385,25.176653],[56.091242,25.176889],[56.091129,25.177069],[56.090997,25.177274],[56.090889,25.17745],[56.090771,25.177636],[56.090677,25.177792],[56.090588,25.177927],[56.090507,25.178055],[56.090361,25.178294],[56.090246,25.17848],[56.090115,25.178711],[56.090039,25.178859],[56.089934,25.179083],[56.089867,25.179245],[56.08981,25.179383],[56.089742,25.179578],[56.089704,25.179694],[56.089655,25.179878],[56.08962,25.179995],[56.089573,25.180216],[56.089553,25.180317],[56.089535,25.180427],[56.089516,25.180543],[56.089503,25.180657],[56.089484,25.180828],[56.089475,25.180973],[56.089468,25.181117],[56.089465,25.181233],[56.089467,25.181343],[56.089471,25.181462],[56.089476,25.181581],[56.08948,25.181656],[56.089499,25.181836],[56.089516,25.182008],[56.08953,25.182126],[56.089539,25.18229],[56.089544,25.182426],[56.089543,25.182549],[56.089537,25.182696],[56.089524,25.182837],[56.089521,25.182907],[56.089512,25.182981],[56.089499,25.183082],[56.089484,25.183174],[56.089466,25.183268],[56.089447,25.183364],[56.089421,25.18347],[56.089405,25.183543],[56.089374,25.183646],[56.089351,25.183721],[56.089301,25.183866],[56.089272,25.183946],[56.089215,25.18409],[56.089147,25.184237],[56.089077,25.184384],[56.089011,25.184505],[56.08894,25.184626],[56.088182,25.185802],[56.088103,25.185937],[56.088048,25.186035],[56.088007,25.186114],[56.087938,25.186254],[56.087895,25.186349],[56.087855,25.186446],[56.087824,25.186525],[56.087791,25.186611],[56.087766,25.186686],[56.087739,25.186766],[56.087705,25.186878],[56.087677,25.186982],[56.087651,25.18708],[56.087587,25.187392],[56.087563,25.187538],[56.087133,25.189779],[56.087007,25.190267],[56.086884,25.190738],[56.086837,25.190856],[56.086804,25.190937],[56.086785,25.190993],[56.086577,25.191426],[56.086454,25.191647],[56.086312,25.191872],[56.086129,25.192135],[56.086054,25.192231],[56.085978,25.192329],[56.085761,25.192576],[56.085605,25.192744],[56.085505,25.192841],[56.085432,25.19291],[56.085229,25.193094],[56.08497,25.19331],[56.084361,25.193816],[56.084086,25.194044],[56.083785,25.194291],[56.083637,25.194416],[56.083336,25.194664],[56.082731,25.195164],[56.081901,25.195851],[56.081521,25.196166],[56.079264,25.198037],[56.078812,25.198395],[56.078631,25.198524],[56.078208,25.198809],[56.077861,25.199015],[56.077665,25.199126],[56.077331,25.1993],[56.076945,25.199484],[56.076614,25.199625],[56.076277,25.199753],[56.075904,25.199888],[56.075717,25.199946],[56.075411,25.200037],[56.075039,25.200131],[56.07471,25.200204],[56.07407,25.200315],[56.071314,25.200716],[56.069549,25.200975],[56.068718,25.201098],[56.068028,25.201199],[56.067344,25.201299],[56.066786,25.201379],[56.066704,25.201389],[56.0663,25.201442],[56.065927,25.20147],[56.065737,25.201476],[56.065487,25.201475],[56.065209,25.201466],[56.064976,25.201448],[56.06462,25.201405],[56.064371,25.201366],[56.064027,25.201297],[56.063677,25.201206],[56.063414,25.201124],[56.063126,25.201023],[56.062991,25.20097],[56.062913,25.200939],[56.062627,25.20081],[56.061794,25.200431],[56.061579,25.20034],[56.061389,25.200265],[56.061215,25.200203],[56.06099,25.200125],[56.0607,25.20004],[56.060499,25.199984],[56.060363,25.199954],[56.060106,25.199898],[56.059451,25.199781],[56.059066,25.199713],[56.05884,25.199679],[56.058636,25.199655],[56.058418,25.199636],[56.058224,25.199626],[56.058006,25.199623],[56.057764,25.199629],[56.057586,25.199643],[56.057402,25.199661],[56.057165,25.199695],[56.057001,25.199724],[56.05686,25.199754],[56.0567,25.199791],[56.05657,25.199826],[56.056342,25.199895],[56.056195,25.199948],[56.056042,25.200003],[56.05567,25.200142],[56.055515,25.200203],[56.055459,25.200225],[56.055363,25.200261],[56.055214,25.200318],[56.055012,25.200397],[56.05474,25.200504],[56.054553,25.200575],[56.054338,25.200654],[56.054134,25.200728],[56.053925,25.200798],[56.053902,25.200806],[56.053779,25.200844],[56.053608,25.200898],[56.053398,25.200957],[56.053202,25.201011],[56.053027,25.201055],[56.052847,25.201097],[56.052715,25.201127],[56.052531,25.201166],[56.052476,25.201178],[56.052359,25.2012],[56.052189,25.201233],[56.052157,25.201239],[56.052048,25.201256],[56.051901,25.201279],[56.051734,25.201304],[56.05148,25.201335],[56.050699,25.201404],[56.050245,25.201422],[56.049814,25.201421],[56.049607,25.201418],[56.049428,25.201413],[56.049158,25.201398],[56.048555,25.201344],[56.04828,25.201311],[56.048018,25.201273],[56.047756,25.20123],[56.047279,25.201137],[56.047134,25.201105],[56.046907,25.20105],[56.046647,25.200983],[56.046214,25.200862],[56.045111,25.200537],[56.044465,25.200352],[56.043986,25.200211],[56.043205,25.199986],[56.040638,25.199239],[56.039178,25.198815],[56.038189,25.198522],[56.037785,25.198424],[56.037555,25.198374],[56.037325,25.198334],[56.036878,25.198276],[56.036353,25.198237],[56.035906,25.198231],[56.035458,25.198251]]]},"properties":{"layer":"Area Name","name":"8A - KADRAH","sectorNo":"8","subSector":"8A","kind":"area","areaKm2":82.627,"fill":"#BEBADA","fillOpacity":0.761,"stroke":"#BEBADA","strokeWidth":1.0,"source":"Google My Maps 'RAK - MSW Sub-Sector Collection Routes' (PSD), exported 15 Sep 2026, with the map's own styling"}},{"type":"Feature","geometry":{"type":"Polygon","coordinates":[[[56.177082,25.081765],[56.176246,25.085197],[56.176191,25.085492],[56.17597,25.085978],[56.175986,25.086607],[56.175191,25.08711],[56.174705,25.088124],[56.174592,25.089029],[56.174071,25.08973],[56.174068,25.090079],[56.173391,25.090726],[56.173207,25.091229],[56.173186,25.091826],[56.173441,25.092173],[56.173323,25.093516],[56.173591,25.094098],[56.173384,25.095026],[56.173155,25.095259],[56.172773,25.095478],[56.172195,25.095639],[56.171932,25.096134],[56.171686,25.096478],[56.171057,25.097316],[56.170807,25.097899],[56.17029,25.098047],[56.169506,25.098118],[56.169178,25.099242],[56.168629,25.100434],[56.168916,25.101056],[56.169188,25.101958],[56.169627,25.10258],[56.170362,25.104099],[56.171228,25.104138],[56.171693,25.104471],[56.171934,25.104597],[56.172186,25.105135],[56.171879,25.105682],[56.171646,25.106381],[56.171959,25.10692],[56.172104,25.10768],[56.172582,25.108301],[56.172982,25.109242],[56.172631,25.111411],[56.172532,25.11231],[56.172797,25.113112],[56.172838,25.113621],[56.173151,25.114214],[56.172964,25.114726],[56.172077,25.115901],[56.171765,25.116988],[56.171588,25.117301],[56.171334,25.117881],[56.171405,25.11853],[56.171509,25.119465],[56.170179,25.12114],[56.142622,25.120983],[56.127781,25.120896],[56.127549,25.120895],[56.12742,25.120928],[56.127245,25.120913],[56.127093,25.120907],[56.127053,25.120897],[56.127026,25.120892],[56.126595,25.120889],[56.126548,25.120903],[56.126428,25.120888],[56.123449,25.120871],[56.100334,25.099881],[56.101258,25.097547],[56.099094,25.093818],[56.100327,25.090523],[56.100187,25.089077],[56.098378,25.088447],[56.097805,25.087116],[56.09886,25.084528],[56.100227,25.083641],[56.10166,25.080379],[56.10344,25.078156],[56.103455,25.076091],[56.103916,25.074993],[56.106521,25.072569],[56.110518,25.070973],[56.112935,25.071194],[56.116277,25.068668],[56.117348,25.066817],[56.117613,25.065598],[56.177082,25.081765]]]},"properties":{"layer":"Area Name","name":"8A - WADI ISFAY","sectorNo":"8","subSector":"8A","kind":"area","areaKm2":36.219,"fill":"#BEBADA","fillOpacity":0.761,"stroke":"#BEBADA","strokeWidth":1.0,"source":"Google My Maps 'RAK - MSW Sub-Sector Collection Routes' (PSD), exported 15 Sep 2026, with the map's own styling"}},{"type":"Feature","geometry":{"type":"Polygon","coordinates":[[[56.096829,25.164044],[56.096791,25.164165],[56.096764,25.164291],[56.096748,25.164409],[56.096739,25.164544],[56.096743,25.164651],[56.096752,25.164759],[56.096767,25.164855],[56.096819,25.165187],[56.096838,25.165367],[56.096895,25.166145],[56.096903,25.166278],[56.0969,25.166411],[56.096866,25.166586],[56.096831,25.166721],[56.096788,25.166841],[56.09628,25.168194],[56.096055,25.168791],[56.095811,25.169353],[56.095795,25.169393],[56.095783,25.169465],[56.095697,25.169705],[56.095343,25.170308],[56.095223,25.170526],[56.095044,25.170821],[56.094848,25.171132],[56.094317,25.171985],[56.094133,25.172276],[56.093984,25.172512],[56.0936,25.173124],[56.093076,25.17396],[56.092931,25.174198],[56.09284,25.174337],[56.092757,25.174469],[56.09267,25.174604],[56.092513,25.174863],[56.092427,25.174995],[56.092363,25.175094],[56.092275,25.175241],[56.092188,25.175382],[56.09209,25.175536],[56.09201,25.175663],[56.091896,25.175843],[56.091817,25.175966],[56.0917,25.17615],[56.091617,25.176286],[56.091547,25.176393],[56.084385,25.172766],[56.085672,25.164206],[56.085553,25.16415],[56.085433,25.164111],[56.084874,25.164073],[56.084951,25.163628],[56.085125,25.163631],[56.085145,25.163637],[56.085166,25.163645],[56.085201,25.163656],[56.085236,25.163668],[56.085266,25.163676],[56.085307,25.163687],[56.085354,25.1637],[56.085413,25.163719],[56.085446,25.163728],[56.085493,25.163742],[56.08553,25.163753],[56.085566,25.163762],[56.0856,25.163772],[56.085621,25.163779],[56.085665,25.163791],[56.085703,25.163803],[56.08573,25.16381],[56.085732,25.163811],[56.085995,25.162058],[56.086051,25.162037],[56.086147,25.161999],[56.086268,25.16195],[56.086379,25.161904],[56.086581,25.161819],[56.086832,25.16171],[56.087117,25.161585],[56.087292,25.161509],[56.087665,25.161347],[56.088013,25.161195],[56.088111,25.161155],[56.088267,25.161092],[56.088459,25.161015],[56.088595,25.160965],[56.088797,25.160891],[56.08897,25.160834],[56.089167,25.160771],[56.089334,25.160721],[56.089638,25.160638],[56.08985,25.160586],[56.089977,25.160557],[56.090134,25.160524],[56.090313,25.160488],[56.090481,25.160457],[56.090635,25.160433],[56.090773,25.160412],[56.090975,25.160384],[56.091194,25.160358],[56.091574,25.160319],[56.091764,25.1603],[56.092474,25.160231],[56.092946,25.160185],[56.093189,25.16016],[56.093328,25.160143],[56.093574,25.160113],[56.094072,25.160031],[56.094391,25.159967],[56.094697,25.159893],[56.094945,25.159828],[56.095213,25.15975],[56.095409,25.159689],[56.095563,25.159638],[56.095811,25.159549],[56.095974,25.159485],[56.096194,25.159399],[56.096413,25.159306],[56.096677,25.159183],[56.09689,25.159079],[56.097113,25.158967],[56.097282,25.158879],[56.097562,25.158735],[56.097835,25.158596],[56.098115,25.158452],[56.098454,25.158278],[56.098817,25.158087],[56.09902,25.157985],[56.099234,25.157874],[56.09949,25.157742],[56.09969,25.15764],[56.099836,25.157564],[56.100002,25.157481],[56.1002,25.157381],[56.100298,25.157334],[56.100413,25.157276],[56.100521,25.157224],[56.100664,25.15716],[56.100784,25.157109],[56.100944,25.157042],[56.101164,25.156953],[56.101389,25.156872],[56.101656,25.156779],[56.101889,25.156707],[56.10196,25.156685],[56.102107,25.156643],[56.102272,25.156598],[56.102449,25.156552],[56.102551,25.156527],[56.102851,25.156462],[56.103052,25.156422],[56.103271,25.156385],[56.103465,25.156354],[56.103677,25.156325],[56.103899,25.156301],[56.104192,25.156275],[56.104216,25.156274],[56.104124,25.156472],[56.104105,25.156512],[56.104092,25.15654],[56.104061,25.156611],[56.103979,25.156757],[56.10386,25.156907],[56.10347,25.157374],[56.102848,25.158122],[56.102707,25.158288],[56.102616,25.158399],[56.102459,25.158559],[56.1023,25.158681],[56.102154,25.158774],[56.102,25.158848],[56.101858,25.158905],[56.101668,25.158965],[56.101483,25.158996],[56.101296,25.159016],[56.101207,25.159025],[56.101123,25.159033],[56.101084,25.159037],[56.101075,25.159038],[56.101061,25.159041],[56.101012,25.159052],[56.100965,25.159061],[56.10094,25.15907],[56.100857,25.159098],[56.100787,25.159127],[56.100718,25.159164],[56.100657,25.159203],[56.100604,25.159237],[56.10058,25.159258],[56.100518,25.159314],[56.100507,25.159324],[56.100503,25.159328],[56.100486,25.159348],[56.100483,25.159351],[56.100433,25.15941],[56.100383,25.159482],[56.100257,25.159665],[56.099836,25.160296],[56.099388,25.160967],[56.099221,25.161215],[56.09913,25.16133],[56.099025,25.161445],[56.09749,25.163101],[56.09734,25.163265],[56.097214,25.163403],[56.097122,25.163508],[56.097042,25.163614],[56.096967,25.163734],[56.096894,25.163875],[56.096829,25.164044]]]},"properties":{"layer":"Area Name","name":"8A - ISFINI","sectorNo":"8","subSector":"8A","kind":"area","areaKm2":1.909,"fill":"#9FA8DA","fillOpacity":0.769,"stroke":"#9FA8DA","strokeWidth":1.0,"source":"Google My Maps 'RAK - MSW Sub-Sector Collection Routes' (PSD), exported 15 Sep 2026, with the map's own styling"}},{"type":"Feature","geometry":{"type":"Polygon","coordinates":[[[56.174026,25.298917],[56.173738,25.298729],[56.173141,25.298532],[56.172827,25.298302],[56.172439,25.29835],[56.171842,25.2982],[56.171547,25.298253],[56.171101,25.298173],[56.170523,25.298607],[56.169866,25.298615],[56.169636,25.298445],[56.169278,25.296999],[56.16793,25.29653],[56.167309,25.295423],[56.166654,25.294257],[56.150931,25.279863],[56.150935,25.279864],[56.163327,25.282629],[56.169775,25.284068],[56.169802,25.284074],[56.169802,25.284076],[56.169799,25.284477],[56.169764,25.284823],[56.169686,25.285197],[56.171881,25.285955],[56.172836,25.285631],[56.172852,25.285643],[56.17287,25.285638],[56.172864,25.285621],[56.173073,25.28555],[56.172903,25.285117],[56.173631,25.284908],[56.174182,25.285799],[56.17848,25.286689],[56.174026,25.298917]]]},"properties":{"layer":"Area Name","name":"8C - AL GHAMARAH","sectorNo":"8","subSector":"8C","kind":"area","areaKm2":2.341,"fill":"#FB8072","fillOpacity":0.659,"stroke":"#FB8072","strokeWidth":1.0,"source":"Google My Maps 'RAK - MSW Sub-Sector Collection Routes' (PSD), exported 15 Sep 2026, with the map's own styling"}},{"type":"Feature","geometry":{"type":"Polygon","coordinates":[[[55.990447,25.04976],[55.993484,25.043127],[55.961112,25.005606],[56.006843,24.994165],[56.024506,25.010497],[56.008962,25.024457],[56.00571,25.031396],[56.005879,25.031469],[56.005999,25.031527],[56.006178,25.031614],[56.006318,25.031694],[56.006434,25.03177],[56.006558,25.031855],[56.006759,25.032004],[56.006887,25.032108],[56.006994,25.032204],[56.007069,25.032277],[56.007149,25.032363],[56.00726,25.032485],[56.007322,25.032557],[56.007392,25.032647],[56.007479,25.032766],[56.007559,25.032883],[56.007653,25.033025],[56.007733,25.033164],[56.00783,25.033335],[56.007877,25.033437],[56.007923,25.033541],[56.007973,25.033676],[56.008005,25.033814],[56.008025,25.033945],[56.008037,25.034064],[56.00804,25.03418],[56.008027,25.034354],[56.007994,25.034556],[56.007988,25.034593],[56.007977,25.03462],[56.007884,25.034868],[56.007516,25.035673],[56.007285,25.036183],[56.007194,25.036394],[56.007092,25.036613],[56.00687,25.037104],[56.006737,25.037372],[56.006649,25.037541],[56.006599,25.037627],[56.006532,25.037759],[56.006457,25.037903],[56.006385,25.038041],[56.006311,25.038176],[56.006254,25.038287],[56.00616,25.038468],[56.006084,25.038658],[56.00603,25.038812],[56.005996,25.038949],[56.005973,25.039055],[56.005959,25.039213],[56.005957,25.039445],[56.005957,25.039532],[56.00597,25.039678],[56.006034,25.040289],[56.006059,25.040492],[56.006078,25.040697],[56.006088,25.040908],[56.006082,25.041169],[56.006071,25.041386],[56.006054,25.041615],[56.006036,25.041808],[56.006022,25.041962],[56.005996,25.042237],[56.005968,25.04246],[56.00593,25.042678],[56.0059,25.042821],[56.005861,25.042986],[56.005807,25.043176],[56.005729,25.043466],[56.005669,25.0437],[56.005574,25.04404],[56.005434,25.044557],[56.005343,25.044855],[56.00532,25.044947],[56.005313,25.045515],[56.001608,25.045688],[56.000418,25.045745],[56.000336,25.04575],[56.000258,25.045755],[56.000177,25.045764],[56.000096,25.045773],[56.00002,25.045786],[55.999942,25.045799],[55.999868,25.045815],[55.999789,25.045834],[55.999632,25.045875],[55.999533,25.045905],[55.999445,25.045935],[55.999359,25.045969],[55.999216,25.04602],[55.998778,25.046182],[55.998644,25.04623],[55.99857,25.046257],[55.998512,25.046279],[55.998476,25.046291],[55.99839,25.046319],[55.998328,25.04634],[55.998245,25.046364],[55.998224,25.04637],[55.998177,25.046382],[55.998114,25.046397],[55.99806,25.04641],[55.998057,25.046411],[55.997978,25.046425],[55.997918,25.046436],[55.997843,25.046448],[55.997768,25.046462],[55.997716,25.046469],[55.997612,25.046487],[55.997432,25.046514],[55.995999,25.046749],[55.995899,25.046761],[55.995734,25.046789],[55.995577,25.046813],[55.995184,25.046877],[55.994875,25.046933],[55.994642,25.046985],[55.994491,25.047017],[55.994418,25.047035],[55.993969,25.047139],[55.99381,25.04718],[55.993698,25.047214],[55.993662,25.047225],[55.993623,25.047243],[55.993511,25.047296],[55.993383,25.04737],[55.993301,25.047429],[55.993219,25.047493],[55.992929,25.047734],[55.990447,25.04976]]]},"properties":{"layer":"Area Name","name":"8A - BORAQ","sectorNo":"8","subSector":"8A","kind":"area","areaKm2":19.02,"fill":"#BEBADA","fillOpacity":0.741,"stroke":"#BEBADA","strokeWidth":1.0,"source":"Google My Maps 'RAK - MSW Sub-Sector Collection Routes' (PSD), exported 15 Sep 2026, with the map's own styling"}},{"type":"Feature","geometry":{"type":"Polygon","coordinates":[[[56.009433,25.046029],[56.009428,25.046028],[56.008659,25.045919],[56.008491,25.045893],[56.006302,25.045582],[56.006008,25.045536],[56.005828,25.045519],[56.005496,25.045506],[56.005313,25.045515],[56.00532,25.044947],[56.005343,25.044855],[56.005434,25.044557],[56.005574,25.04404],[56.005669,25.0437],[56.005729,25.043466],[56.005807,25.043176],[56.005861,25.042986],[56.0059,25.042821],[56.00593,25.042678],[56.005968,25.04246],[56.005996,25.042237],[56.006022,25.041962],[56.006036,25.041808],[56.006054,25.041615],[56.006071,25.041386],[56.006082,25.041169],[56.006088,25.040908],[56.006078,25.040697],[56.006059,25.040492],[56.006034,25.040289],[56.00597,25.039678],[56.005957,25.039532],[56.005957,25.039445],[56.005959,25.039213],[56.005973,25.039055],[56.005996,25.038949],[56.00603,25.038812],[56.006084,25.038658],[56.00616,25.038468],[56.006254,25.038287],[56.006311,25.038176],[56.006385,25.038041],[56.006457,25.037903],[56.006532,25.037759],[56.006599,25.037627],[56.006649,25.037541],[56.006737,25.037372],[56.00687,25.037104],[56.007092,25.036613],[56.007194,25.036394],[56.007285,25.036183],[56.007516,25.035673],[56.007884,25.034868],[56.007977,25.03462],[56.007988,25.034593],[56.007994,25.034556],[56.008027,25.034354],[56.00804,25.03418],[56.008037,25.034064],[56.008025,25.033945],[56.008005,25.033814],[56.007973,25.033676],[56.007923,25.033541],[56.007877,25.033437],[56.00783,25.033335],[56.007733,25.033164],[56.007653,25.033025],[56.007559,25.032883],[56.007479,25.032766],[56.007392,25.032647],[56.007322,25.032557],[56.00726,25.032485],[56.007149,25.032363],[56.007069,25.032277],[56.006994,25.032204],[56.006887,25.032108],[56.006759,25.032004],[56.006558,25.031855],[56.006434,25.03177],[56.006318,25.031694],[56.006178,25.031614],[56.005999,25.031527],[56.005879,25.031469],[56.00571,25.031396],[56.008962,25.024457],[56.024506,25.010497],[56.037056,25.022097],[56.025176,25.034199],[56.021404,25.03647],[56.017521,25.03917],[56.014211,25.04094],[56.013688,25.041392],[56.01357,25.041495],[56.013351,25.041698],[56.01319,25.041858],[56.012929,25.042134],[56.01222,25.042923],[56.009433,25.046029]]]},"properties":{"layer":"Area Name","name":"8A - MUSSEILI","sectorNo":"8","subSector":"8A","kind":"area","areaKm2":6.117,"fill":"#BEBADA","fillOpacity":0.722,"stroke":"#BEBADA","strokeWidth":1.0,"source":"Google My Maps 'RAK - MSW Sub-Sector Collection Routes' (PSD), exported 15 Sep 2026, with the map's own styling"}},{"type":"Feature","geometry":{"type":"Polygon","coordinates":[[[56.003888,25.244052],[55.996174,25.253689],[56.000833,25.227285],[56.001877,25.225187],[56.023076,25.220781],[56.025264,25.220326],[56.026065,25.221132],[56.026688,25.221767],[56.026692,25.221763],[56.030034,25.225127],[56.034613,25.22137],[56.03932,25.228033],[56.039335,25.237515],[56.022816,25.239736],[56.021673,25.240499],[56.020937,25.240659],[56.020116,25.240697],[56.019786,25.24095],[56.019729,25.241291],[56.019948,25.242303],[56.019874,25.242764],[56.019544,25.243046],[56.019145,25.243115],[56.018903,25.243057],[56.018646,25.242878],[56.018531,25.242548],[56.018541,25.242101],[56.018225,25.241481],[56.01801,25.240926],[56.017747,25.240541],[56.017435,25.240369],[56.016588,25.240444],[56.015803,25.240994],[56.015613,25.241326],[56.015344,25.241724],[56.014245,25.242421],[56.013811,25.242576],[56.013273,25.242474],[56.012969,25.242288],[56.012657,25.242201],[56.012227,25.242298],[56.008873,25.243896],[56.007382,25.242875],[56.003888,25.244052]]]},"properties":{"layer":"Area Name","name":"8A - WADI HAGAILAH","sectorNo":"8","subSector":"8A","kind":"area","areaKm2":8.219,"fill":"#BEBADA","fillOpacity":0.729,"stroke":"#BEBADA","strokeWidth":1.0,"source":"Google My Maps 'RAK - MSW Sub-Sector Collection Routes' (PSD), exported 15 Sep 2026, with the map's own styling"}},{"type":"Feature","geometry":{"type":"Polygon","coordinates":[[[56.178949,25.247936],[56.160637,25.247833],[56.159875,25.247809],[56.159595,25.247686],[56.159092,25.247297],[56.158975,25.247007],[56.1591,25.246655],[56.159014,25.246222],[56.158453,25.24557],[56.158138,25.244943],[56.157591,25.244957],[56.157309,25.2451],[56.156551,25.245008],[56.15628,25.244687],[56.15599,25.244422],[56.155531,25.244708],[56.155089,25.244866],[56.154439,25.244955],[56.154148,25.245149],[56.15385,25.245085],[56.153107,25.243827],[56.153073,25.243607],[56.152748,25.243397],[56.152534,25.24334],[56.151944,25.242765],[56.151297,25.242718],[56.150855,25.242571],[56.150352,25.241957],[56.149881,25.241747],[56.149474,25.241468],[56.149295,25.241222],[56.148829,25.241232],[56.148015,25.241933],[56.14762,25.242164],[56.14712,25.242338],[56.146913,25.242268],[56.146091,25.241402],[56.145823,25.241024],[56.14545,25.240789],[56.144438,25.240766],[56.144099,25.240689],[56.143783,25.24031],[56.14359,25.239805],[56.142991,25.238976],[56.142411,25.23881],[56.142085,25.238537],[56.141907,25.238285],[56.141824,25.238095],[56.141424,25.237936],[56.141321,25.237779],[56.140995,25.23774],[56.140815,25.237592],[56.140551,25.237698],[56.140074,25.237696],[56.139075,25.237308],[56.136255,25.236027],[56.136191,25.235685],[56.135623,25.235242],[56.134881,25.234384],[56.134416,25.234099],[56.134019,25.234018],[56.133382,25.233637],[56.132952,25.233304],[56.132318,25.232499],[56.131942,25.231806],[56.131617,25.231348],[56.130808,25.230872],[56.129004,25.23056],[56.127157,25.230157],[56.126277,25.229837],[56.12474,25.229561],[56.123134,25.229363],[56.121163,25.229256],[56.119447,25.229198],[56.118964,25.229054],[56.117788,25.229094],[56.116906,25.229089],[56.115863,25.228876],[56.115243,25.228574],[56.114587,25.228413],[56.11407,25.228127],[56.113641,25.227731],[56.112899,25.227475],[56.111705,25.227594],[56.11048,25.227194],[56.109979,25.227206],[56.109393,25.226951],[56.108922,25.226805],[56.107668,25.225666],[56.106996,25.225284],[56.105871,25.224852],[56.104852,25.224689],[56.103745,25.224666],[56.102724,25.22477],[56.102204,25.225018],[56.101526,25.225486],[56.101262,25.22588],[56.100131,25.226863],[56.099411,25.228042],[56.098679,25.228807],[56.098228,25.229024],[56.095673,25.230427],[56.094817,25.231116],[56.094659,25.231539],[56.094586,25.232057],[56.094408,25.2327],[56.093899,25.23325],[56.092531,25.233556],[56.091595,25.233849],[56.091292,25.234305],[56.090113,25.234722],[56.089522,25.235112],[56.089327,25.235723],[56.089497,25.236133],[56.090182,25.237017],[56.090214,25.237347],[56.090106,25.237944],[56.089948,25.238273],[56.089495,25.238663],[56.088768,25.238753],[56.08782,25.238417],[56.087267,25.238303],[56.086283,25.238124],[56.085516,25.238102],[56.085014,25.238225],[56.0842,25.238345],[56.08349,25.238561],[56.08169,25.23877],[56.080738,25.238795],[56.079887,25.238662],[56.078836,25.238168],[56.078026,25.237754],[56.077528,25.237311],[56.077152,25.236743],[56.076869,25.235311],[56.075925,25.233793],[56.07527,25.233475],[56.072642,25.233443],[56.072141,25.23333],[56.069323,25.232319],[56.068737,25.231969],[56.068361,25.231511],[56.067655,25.231067],[56.066897,25.2307],[56.066481,25.230681],[56.066704,25.201389],[56.066786,25.201379],[56.067344,25.201299],[56.068028,25.201199],[56.068718,25.201098],[56.069549,25.200975],[56.071314,25.200716],[56.07407,25.200315],[56.07471,25.200204],[56.075039,25.200131],[56.075411,25.200037],[56.075717,25.199946],[56.075904,25.199888],[56.076277,25.199753],[56.076614,25.199625],[56.076945,25.199484],[56.077331,25.1993],[56.077665,25.199126],[56.077861,25.199015],[56.078208,25.198809],[56.078631,25.198524],[56.078812,25.198395],[56.079264,25.198037],[56.081521,25.196166],[56.081901,25.195851],[56.082731,25.195164],[56.083336,25.194664],[56.083637,25.194416],[56.083785,25.194291],[56.084086,25.194044],[56.084361,25.193816],[56.08497,25.19331],[56.085229,25.193094],[56.085432,25.19291],[56.085505,25.192841],[56.085605,25.192744],[56.085761,25.192576],[56.085978,25.192329],[56.086054,25.192231],[56.086129,25.192135],[56.086312,25.191872],[56.086454,25.191647],[56.086577,25.191426],[56.086785,25.190993],[56.086804,25.190937],[56.086837,25.190856],[56.101908,25.186924],[56.116815,25.183034],[56.131061,25.18312],[56.132439,25.183046],[56.144827,25.182373],[56.172717,25.180853],[56.172578,25.18212],[56.172276,25.182323],[56.172202,25.183205],[56.171695,25.183493],[56.170709,25.184524],[56.171318,25.185461],[56.171399,25.186343],[56.171589,25.187238],[56.171606,25.187675],[56.171579,25.18786],[56.171343,25.188381],[56.170829,25.189092],[56.170415,25.189515],[56.170466,25.190812],[56.170771,25.19148],[56.171526,25.191926],[56.172076,25.192065],[56.172488,25.192473],[56.174787,25.196126],[56.174452,25.196976],[56.17504,25.198016],[56.175178,25.199775],[56.174956,25.200385],[56.175041,25.200605],[56.175665,25.201289],[56.176174,25.201603],[56.17636,25.202819],[56.176781,25.203059],[56.177004,25.203692],[56.177106,25.204452],[56.177122,25.205926],[56.177885,25.207079],[56.178037,25.20867],[56.178084,25.209169],[56.178672,25.210007],[56.178483,25.210587],[56.177729,25.210892],[56.177524,25.211478],[56.177221,25.212058],[56.17643,25.212515],[56.176005,25.213116],[56.175059,25.213177],[56.174627,25.214116],[56.174845,25.21447],[56.175234,25.21504],[56.175331,25.215318],[56.175832,25.216267],[56.176229,25.21661],[56.176553,25.217236],[56.176518,25.217978],[56.177087,25.217979],[56.177868,25.217707],[56.177763,25.218933],[56.17815,25.220508],[56.177975,25.220949],[56.177974,25.221558],[56.17774,25.222699],[56.177406,25.22296],[56.176824,25.223195],[56.176319,25.224016],[56.175762,25.224334],[56.175293,25.22477],[56.175241,25.225166],[56.174928,25.22527],[56.174675,25.225444],[56.174307,25.226041],[56.174278,25.226399],[56.174514,25.227888],[56.17433,25.228311],[56.174089,25.228598],[56.173768,25.228781],[56.17348,25.229088],[56.173249,25.229768],[56.173105,25.229972],[56.172905,25.230206],[56.172384,25.231502],[56.174231,25.23322],[56.175052,25.233934],[56.175357,25.234046],[56.175917,25.234196],[56.17654,25.234236],[56.177738,25.235041],[56.178027,25.235556],[56.177817,25.235952],[56.17838,25.236199],[56.178804,25.236244],[56.1799,25.236994],[56.180452,25.236828],[56.180604,25.237571],[56.180802,25.238748],[56.181314,25.239103],[56.181531,25.239135],[56.181661,25.239001],[56.181922,25.238986],[56.182147,25.239128],[56.182496,25.239193],[56.182964,25.239565],[56.183208,25.239366],[56.183512,25.239295],[56.183886,25.239264],[56.178949,25.247936]]]},"properties":{"layer":"Area Name","name":"8A - WADI BAQARAH","sectorNo":"8","subSector":"8A","kind":"area","areaKm2":60.757,"fill":"#BEBADA","fillOpacity":0.722,"stroke":"#BEBADA","strokeWidth":1.0,"source":"Google My Maps 'RAK - MSW Sub-Sector Collection Routes' (PSD), exported 15 Sep 2026, with the map's own styling"}},{"type":"Feature","geometry":{"type":"Polygon","coordinates":[[[56.101908,25.186924],[56.086837,25.190856],[56.086884,25.190738],[56.087007,25.190267],[56.087133,25.189779],[56.087563,25.187538],[56.087587,25.187392],[56.087651,25.18708],[56.087677,25.186982],[56.087705,25.186878],[56.087739,25.186766],[56.087766,25.186686],[56.087791,25.186611],[56.087824,25.186525],[56.087855,25.186446],[56.087895,25.186349],[56.087938,25.186254],[56.088007,25.186114],[56.088048,25.186035],[56.088103,25.185937],[56.088182,25.185802],[56.08894,25.184626],[56.089011,25.184505],[56.089077,25.184384],[56.089147,25.184237],[56.089215,25.18409],[56.089272,25.183946],[56.089301,25.183866],[56.089351,25.183721],[56.089374,25.183646],[56.089405,25.183543],[56.089421,25.18347],[56.089447,25.183364],[56.089466,25.183268],[56.089484,25.183174],[56.089499,25.183082],[56.089512,25.182981],[56.089521,25.182907],[56.089524,25.182837],[56.089537,25.182696],[56.089543,25.182549],[56.089544,25.182426],[56.089539,25.18229],[56.08953,25.182126],[56.089516,25.182008],[56.089499,25.181836],[56.08948,25.181656],[56.089476,25.181581],[56.089471,25.181462],[56.089467,25.181343],[56.089465,25.181233],[56.089468,25.181117],[56.089475,25.180973],[56.089484,25.180828],[56.089503,25.180657],[56.089516,25.180543],[56.089535,25.180427],[56.089553,25.180317],[56.089573,25.180216],[56.08962,25.179995],[56.089655,25.179878],[56.089704,25.179694],[56.089742,25.179578],[56.08981,25.179383],[56.089867,25.179245],[56.089934,25.179083],[56.090039,25.178859],[56.090115,25.178711],[56.090246,25.17848],[56.090361,25.178294],[56.090507,25.178055],[56.090588,25.177927],[56.090677,25.177792],[56.090771,25.177636],[56.090889,25.17745],[56.090997,25.177274],[56.091129,25.177069],[56.091242,25.176889],[56.091385,25.176653],[56.0915,25.176469],[56.091548,25.176394],[56.091547,25.176393],[56.091617,25.176286],[56.0917,25.17615],[56.091817,25.175966],[56.091896,25.175843],[56.09201,25.175663],[56.09209,25.175536],[56.092188,25.175382],[56.092275,25.175241],[56.092363,25.175094],[56.092427,25.174995],[56.092513,25.174863],[56.09267,25.174604],[56.092757,25.174469],[56.09284,25.174337],[56.092931,25.174198],[56.093076,25.17396],[56.0936,25.173124],[56.093984,25.172512],[56.094133,25.172276],[56.094317,25.171985],[56.094848,25.171132],[56.095044,25.170821],[56.095223,25.170526],[56.095343,25.170308],[56.095697,25.169705],[56.095783,25.169465],[56.095795,25.169393],[56.095811,25.169353],[56.096055,25.168791],[56.09628,25.168194],[56.096788,25.166841],[56.096831,25.166721],[56.096866,25.166586],[56.0969,25.166411],[56.096903,25.166278],[56.096895,25.166145],[56.096838,25.165367],[56.096819,25.165187],[56.096767,25.164855],[56.096752,25.164759],[56.096743,25.164651],[56.096739,25.164544],[56.096748,25.164409],[56.096764,25.164291],[56.096791,25.164165],[56.096829,25.164044],[56.096894,25.163875],[56.096967,25.163734],[56.097042,25.163614],[56.097122,25.163508],[56.097214,25.163403],[56.09734,25.163265],[56.09749,25.163101],[56.099025,25.161445],[56.09913,25.16133],[56.099221,25.161215],[56.099388,25.160967],[56.099836,25.160296],[56.100257,25.159665],[56.100383,25.159482],[56.100433,25.15941],[56.100483,25.159351],[56.100486,25.159348],[56.100503,25.159328],[56.100507,25.159324],[56.100518,25.159314],[56.10058,25.159258],[56.100604,25.159237],[56.100657,25.159203],[56.100718,25.159164],[56.100787,25.159127],[56.100857,25.159098],[56.10094,25.15907],[56.100965,25.159061],[56.101012,25.159052],[56.101061,25.159041],[56.101075,25.159038],[56.101084,25.159037],[56.101123,25.159033],[56.101207,25.159025],[56.101296,25.159016],[56.101483,25.158996],[56.101668,25.158965],[56.101858,25.158905],[56.102,25.158848],[56.102154,25.158774],[56.1023,25.158681],[56.102459,25.158559],[56.102616,25.158399],[56.102707,25.158288],[56.102848,25.158122],[56.10347,25.157374],[56.10386,25.156907],[56.103979,25.156757],[56.104061,25.156611],[56.104092,25.15654],[56.104105,25.156512],[56.104124,25.156472],[56.104216,25.156274],[56.104192,25.156275],[56.103899,25.156301],[56.103677,25.156325],[56.103465,25.156354],[56.103271,25.156385],[56.103052,25.156422],[56.102851,25.156462],[56.102551,25.156527],[56.102449,25.156552],[56.102272,25.156598],[56.102107,25.156643],[56.10196,25.156685],[56.101889,25.156707],[56.101656,25.156779],[56.101389,25.156872],[56.101164,25.156953],[56.100944,25.157042],[56.100784,25.157109],[56.100664,25.15716],[56.100521,25.157224],[56.100413,25.157276],[56.100298,25.157334],[56.1002,25.157381],[56.100002,25.157481],[56.099836,25.157564],[56.09969,25.15764],[56.09949,25.157742],[56.099234,25.157874],[56.09902,25.157985],[56.098817,25.158087],[56.098454,25.158278],[56.098115,25.158452],[56.097835,25.158596],[56.097562,25.158735],[56.097282,25.158879],[56.097113,25.158967],[56.09689,25.159079],[56.096677,25.159183],[56.096413,25.159306],[56.096194,25.159399],[56.095974,25.159485],[56.095811,25.159549],[56.095563,25.159638],[56.095409,25.159689],[56.095213,25.15975],[56.094945,25.159828],[56.094697,25.159893],[56.094391,25.159967],[56.094072,25.160031],[56.093574,25.160113],[56.093328,25.160143],[56.093189,25.16016],[56.092946,25.160185],[56.092474,25.160231],[56.091764,25.1603],[56.091574,25.160319],[56.091194,25.160358],[56.090975,25.160384],[56.090773,25.160412],[56.090635,25.160433],[56.090481,25.160457],[56.090313,25.160488],[56.090134,25.160524],[56.089977,25.160557],[56.08985,25.160586],[56.089638,25.160638],[56.089334,25.160721],[56.089167,25.160771],[56.08897,25.160834],[56.088797,25.160891],[56.088595,25.160965],[56.088459,25.161015],[56.088267,25.161092],[56.088111,25.161155],[56.088013,25.161195],[56.087665,25.161347],[56.087292,25.161509],[56.087117,25.161585],[56.086832,25.16171],[56.086581,25.161819],[56.086379,25.161904],[56.086268,25.16195],[56.086147,25.161999],[56.086051,25.162037],[56.085995,25.162058],[56.094694,25.104162],[56.096154,25.103227],[56.095939,25.101575],[56.100334,25.099881],[56.123449,25.120871],[56.126428,25.120888],[56.126548,25.120903],[56.126595,25.120889],[56.127026,25.120892],[56.127053,25.120897],[56.127093,25.120907],[56.127245,25.120913],[56.12742,25.120928],[56.127549,25.120895],[56.127781,25.120896],[56.127447,25.121068],[56.124513,25.122627],[56.124277,25.122724],[56.123975,25.122792],[56.123651,25.122836],[56.123289,25.122811],[56.123034,25.122767],[56.122787,25.122695],[56.122535,25.122589],[56.122195,25.122386],[56.121968,25.122177],[56.121746,25.121925],[56.121518,25.121764],[56.121242,25.121637],[56.120956,25.121561],[56.120525,25.121526],[56.120108,25.121637],[56.119711,25.121788],[56.119201,25.122068],[56.118708,25.122339],[56.118336,25.122688],[56.118149,25.122998],[56.118041,25.123352],[56.118018,25.123633],[56.118053,25.123933],[56.11822,25.124884],[56.118262,25.125137],[56.11824,25.125396],[56.1182,25.125564],[56.118043,25.125922],[56.117861,25.12632],[56.117823,25.126481],[56.11776,25.126826],[56.117293,25.129591],[56.117214,25.1299],[56.11711,25.130104],[56.116517,25.130879],[56.115401,25.132339],[56.115279,25.132477],[56.120947,25.136963],[56.125171,25.156245],[56.125172,25.156257],[56.125178,25.156342],[56.125194,25.156502],[56.125208,25.156658],[56.12522,25.156772],[56.125231,25.156914],[56.125232,25.157028],[56.125231,25.157102],[56.125233,25.157177],[56.125239,25.157423],[56.125378,25.157429],[56.125431,25.157431],[56.125653,25.158443],[56.125663,25.158488],[56.126593,25.166661],[56.126598,25.168592],[56.131061,25.18312],[56.116815,25.183034],[56.101908,25.186924]]]},"properties":{"layer":"Area Name","name":"8A - WADI ISFINI","sectorNo":"8","subSector":"8A","kind":"area","areaKm2":28.077,"fill":"#BEBADA","fillOpacity":0.71,"stroke":"#BEBADA","strokeWidth":1.0,"source":"Google My Maps 'RAK - MSW Sub-Sector Collection Routes' (PSD), exported 15 Sep 2026, with the map's own styling"}},{"type":"Feature","geometry":{"type":"Polygon","coordinates":[[[56.066481,25.230681],[56.066102,25.230664],[56.064059,25.231044],[56.063126,25.230944],[56.060134,25.230278],[56.056937,25.229991],[56.054389,25.229989],[56.051949,25.230257],[56.048717,25.230031],[56.043317,25.229266],[56.041538,25.228788],[56.03932,25.228033],[56.034613,25.22137],[56.030034,25.225127],[56.026692,25.221763],[56.026688,25.221767],[56.026065,25.221132],[56.025264,25.220326],[56.023076,25.220781],[56.001877,25.225187],[56.003169,25.222588],[56.005045,25.217128],[56.009145,25.20983],[56.010284,25.20775],[56.010919,25.205346],[56.010877,25.203693],[56.014851,25.203074],[56.020715,25.202162],[56.021939,25.20197],[56.022973,25.201809],[56.023153,25.201781],[56.023699,25.201695],[56.023988,25.201651],[56.024229,25.201611],[56.024473,25.201568],[56.024666,25.201529],[56.024933,25.20147],[56.025161,25.201413],[56.025313,25.201373],[56.025467,25.201325],[56.025592,25.201289],[56.025814,25.201218],[56.032252,25.199052],[56.033143,25.198749],[56.033584,25.198611],[56.033836,25.198531],[56.034147,25.198448],[56.034169,25.198442],[56.034423,25.198389],[56.034654,25.198341],[56.034891,25.198309],[56.034918,25.198305],[56.034972,25.1983],[56.035458,25.198251],[56.035906,25.198231],[56.036353,25.198237],[56.036878,25.198276],[56.037325,25.198334],[56.037555,25.198374],[56.037785,25.198424],[56.038189,25.198522],[56.039178,25.198815],[56.040638,25.199239],[56.043205,25.199986],[56.043986,25.200211],[56.044465,25.200352],[56.045111,25.200537],[56.046214,25.200862],[56.046647,25.200983],[56.046907,25.20105],[56.047134,25.201105],[56.047279,25.201137],[56.047756,25.20123],[56.048018,25.201273],[56.04828,25.201311],[56.048555,25.201344],[56.049158,25.201398],[56.049428,25.201413],[56.049607,25.201418],[56.049814,25.201421],[56.050245,25.201422],[56.050699,25.201404],[56.05148,25.201335],[56.051734,25.201304],[56.051901,25.201279],[56.052048,25.201256],[56.052157,25.201239],[56.052189,25.201233],[56.052359,25.2012],[56.052476,25.201178],[56.052531,25.201166],[56.052715,25.201127],[56.052847,25.201097],[56.053027,25.201055],[56.053202,25.201011],[56.053398,25.200957],[56.053608,25.200898],[56.053779,25.200844],[56.053902,25.200806],[56.053925,25.200798],[56.054134,25.200728],[56.054338,25.200654],[56.054553,25.200575],[56.05474,25.200504],[56.055012,25.200397],[56.055214,25.200318],[56.055363,25.200261],[56.055459,25.200225],[56.055515,25.200203],[56.05567,25.200142],[56.056042,25.200003],[56.056195,25.199948],[56.056342,25.199895],[56.05657,25.199826],[56.0567,25.199791],[56.05686,25.199754],[56.057001,25.199724],[56.057165,25.199695],[56.057402,25.199661],[56.057586,25.199643],[56.057764,25.199629],[56.058006,25.199623],[56.058224,25.199626],[56.058418,25.199636],[56.058636,25.199655],[56.05884,25.199679],[56.059066,25.199713],[56.059451,25.199781],[56.060106,25.199898],[56.060363,25.199954],[56.060499,25.199984],[56.0607,25.20004],[56.06099,25.200125],[56.061215,25.200203],[56.061389,25.200265],[56.061579,25.20034],[56.061794,25.200431],[56.062627,25.20081],[56.062913,25.200939],[56.062991,25.20097],[56.063126,25.201023],[56.063414,25.201124],[56.063677,25.201206],[56.064027,25.201297],[56.064371,25.201366],[56.06462,25.201405],[56.064976,25.201448],[56.065209,25.201466],[56.065487,25.201475],[56.065737,25.201476],[56.065927,25.20147],[56.0663,25.201442],[56.066704,25.201389],[56.066481,25.230681]]]},"properties":{"layer":"Area Name","name":"8A - WADI ASHWANI","sectorNo":"8","subSector":"8A","kind":"area","areaKm2":16.79,"fill":"#BEBADA","fillOpacity":0.722,"stroke":"#BEBADA","strokeWidth":1.0,"source":"Google My Maps 'RAK - MSW Sub-Sector Collection Routes' (PSD), exported 15 Sep 2026, with the map's own styling"}},{"type":"Feature","geometry":{"type":"Polygon","coordinates":[[[56.176736,25.165111],[56.176498,25.165216],[56.176233,25.165569],[56.176074,25.165933],[56.176031,25.166411],[56.17576,25.166593],[56.175605,25.167015],[56.175256,25.167264],[56.174801,25.16777],[56.174173,25.168938],[56.174057,25.169273],[56.173533,25.170035],[56.173498,25.170895],[56.172518,25.171419],[56.172161,25.172623],[56.171542,25.17359],[56.170914,25.173988],[56.170853,25.17538],[56.170884,25.175723],[56.170989,25.176188],[56.171658,25.177435],[56.171543,25.177859],[56.17153,25.178503],[56.171395,25.179197],[56.171571,25.18016],[56.172201,25.180606],[56.172717,25.180853],[56.144827,25.182373],[56.132439,25.183046],[56.131061,25.18312],[56.126598,25.168592],[56.126593,25.166661],[56.125663,25.158488],[56.125653,25.158443],[56.125806,25.158462],[56.126289,25.158539],[56.126447,25.15857],[56.1267,25.15862],[56.126961,25.158676],[56.127431,25.158777],[56.1276,25.158815],[56.127837,25.158863],[56.12815,25.158933],[56.128475,25.158999],[56.128851,25.15908],[56.129079,25.159133],[56.129322,25.159195],[56.129576,25.159271],[56.129756,25.159327],[56.129926,25.159386],[56.130052,25.159432],[56.130249,25.159508],[56.130492,25.15961],[56.130621,25.159669],[56.130779,25.159745],[56.13104,25.159876],[56.131248,25.159993],[56.131444,25.16011],[56.131564,25.160183],[56.131719,25.160284],[56.131965,25.160453],[56.132136,25.160578],[56.132515,25.160854],[56.132892,25.161126],[56.133221,25.161365],[56.133622,25.161649],[56.133901,25.161855],[56.134223,25.162089],[56.13444,25.162237],[56.134582,25.162329],[56.1347,25.162402],[56.13481,25.16247],[56.135021,25.162588],[56.135072,25.162615],[56.135247,25.162708],[56.135408,25.162785],[56.135497,25.162828],[56.135621,25.162885],[56.135788,25.162957],[56.135916,25.163008],[56.136154,25.163101],[56.13639,25.163181],[56.136576,25.163237],[56.136844,25.163315],[56.137079,25.163375],[56.137261,25.163412],[56.137523,25.163463],[56.137715,25.163497],[56.137891,25.16352],[56.138101,25.163544],[56.138281,25.163563],[56.138653,25.163585],[56.138886,25.163588],[56.139186,25.163589],[56.139284,25.163586],[56.139493,25.163575],[56.139723,25.163561],[56.139968,25.163534],[56.139999,25.16353],[56.14034,25.163483],[56.140606,25.163435],[56.140901,25.163371],[56.141229,25.16329],[56.141623,25.163192],[56.142039,25.163086],[56.14223,25.163041],[56.142427,25.163001],[56.142702,25.162952],[56.142905,25.162918],[56.143115,25.162895],[56.143386,25.162869],[56.14372,25.162852],[56.144081,25.162843],[56.14485,25.16283],[56.145515,25.162821],[56.146037,25.162813],[56.146216,25.162806],[56.146371,25.1628],[56.146568,25.162785],[56.146687,25.162777],[56.146872,25.162755],[56.147048,25.162733],[56.147359,25.162683],[56.147592,25.16264],[56.147753,25.162602],[56.147994,25.162546],[56.148272,25.162469],[56.148529,25.162386],[56.148829,25.162281],[56.149106,25.162169],[56.149542,25.161993],[56.149927,25.161835],[56.150321,25.161673],[56.150614,25.161553],[56.15101,25.161393],[56.151318,25.161265],[56.151668,25.161126],[56.15214,25.160933],[56.152467,25.160799],[56.152611,25.160742],[56.152796,25.160678],[56.153051,25.160595],[56.153227,25.160542],[56.153487,25.160473],[56.153649,25.160435],[56.153898,25.160383],[56.154148,25.160336],[56.154561,25.160281],[56.155391,25.160195],[56.155849,25.160149],[56.156043,25.160128],[56.156215,25.160102],[56.156341,25.160084],[56.156625,25.160028],[56.156825,25.159988],[56.156938,25.159959],[56.157125,25.159913],[56.157319,25.159857],[56.157577,25.159774],[56.157797,25.159698],[56.158165,25.159553],[56.158363,25.159467],[56.158751,25.159295],[56.159099,25.159138],[56.15934,25.159035],[56.159481,25.158978],[56.159641,25.158921],[56.159665,25.158913],[56.159744,25.158883],[56.159878,25.158837],[56.160068,25.158776],[56.160152,25.158752],[56.160377,25.158693],[56.160553,25.158646],[56.160747,25.158603],[56.160936,25.158566],[56.161064,25.158542],[56.161237,25.158512],[56.161485,25.15848],[56.161814,25.158447],[56.162086,25.158428],[56.162426,25.158416],[56.162786,25.158427],[56.163058,25.158439],[56.1635,25.158478],[56.164012,25.158534],[56.164396,25.158571],[56.164574,25.158586],[56.164804,25.158599],[56.164953,25.158604],[56.165094,25.158607],[56.165323,25.158606],[56.165619,25.158596],[56.165816,25.158583],[56.165947,25.15857],[56.166262,25.158536],[56.166537,25.158493],[56.166758,25.158453],[56.16705,25.158394],[56.167325,25.158327],[56.167559,25.158258],[56.167993,25.15813],[56.168418,25.158008],[56.168771,25.157905],[56.169164,25.157793],[56.169519,25.15769],[56.170182,25.157498],[56.170204,25.157485],[56.170226,25.157472],[56.170249,25.15746],[56.170273,25.157448],[56.170296,25.157437],[56.170321,25.157427],[56.170345,25.157418],[56.17037,25.15741],[56.170395,25.157402],[56.170421,25.157395],[56.170446,25.157389],[56.170472,25.157384],[56.170498,25.157379],[56.170525,25.157375],[56.170551,25.157372],[56.170578,25.15737],[56.170604,25.157369],[56.170631,25.157369],[56.171079,25.157238],[56.171746,25.157043],[56.172759,25.156751],[56.172654,25.157171],[56.172439,25.157352],[56.17213,25.157467],[56.172327,25.157782],[56.172818,25.158261],[56.173322,25.158797],[56.173525,25.159564],[56.173463,25.159811],[56.174088,25.160111],[56.174707,25.160763],[56.175235,25.161178],[56.175831,25.16179],[56.17609,25.161933],[56.176426,25.162529],[56.176538,25.163047],[56.176521,25.163394],[56.176351,25.163737],[56.176736,25.165111]]]},"properties":{"layer":"Area Name","name":"8A - MAMDUAH","sectorNo":"8","subSector":"8A","kind":"area","areaKm2":11.015,"fill":"#BEBADA","fillOpacity":0.741,"stroke":"#BEBADA","strokeWidth":1.0,"source":"Google My Maps 'RAK - MSW Sub-Sector Collection Routes' (PSD), exported 15 Sep 2026, with the map's own styling"}},{"type":"Feature","geometry":{"type":"Polygon","coordinates":[[[56.162086,25.158428],[56.161814,25.158447],[56.161485,25.15848],[56.161237,25.158512],[56.161064,25.158542],[56.160936,25.158566],[56.160747,25.158603],[56.160553,25.158646],[56.160377,25.158693],[56.160152,25.158752],[56.160068,25.158776],[56.159878,25.158837],[56.159744,25.158883],[56.159665,25.158913],[56.159641,25.158921],[56.159481,25.158978],[56.15934,25.159035],[56.159099,25.159138],[56.158751,25.159295],[56.158363,25.159467],[56.158165,25.159553],[56.157797,25.159698],[56.157577,25.159774],[56.157319,25.159857],[56.157125,25.159913],[56.156938,25.159959],[56.156825,25.159988],[56.156625,25.160028],[56.156341,25.160084],[56.156215,25.160102],[56.156043,25.160128],[56.155849,25.160149],[56.155391,25.160195],[56.154561,25.160281],[56.154148,25.160336],[56.153898,25.160383],[56.153649,25.160435],[56.153487,25.160473],[56.153227,25.160542],[56.153051,25.160595],[56.152796,25.160678],[56.152611,25.160742],[56.152467,25.160799],[56.15214,25.160933],[56.151668,25.161126],[56.151318,25.161265],[56.15101,25.161393],[56.150614,25.161553],[56.150321,25.161673],[56.149927,25.161835],[56.149542,25.161993],[56.149106,25.162169],[56.148829,25.162281],[56.148529,25.162386],[56.148272,25.162469],[56.147994,25.162546],[56.147753,25.162602],[56.147592,25.16264],[56.147359,25.162683],[56.147048,25.162733],[56.146872,25.162755],[56.146687,25.162777],[56.146568,25.162785],[56.146371,25.1628],[56.146216,25.162806],[56.146037,25.162813],[56.145515,25.162821],[56.14485,25.16283],[56.144081,25.162843],[56.14372,25.162852],[56.143386,25.162869],[56.143115,25.162895],[56.142905,25.162918],[56.142702,25.162952],[56.142427,25.163001],[56.14223,25.163041],[56.142039,25.163086],[56.141623,25.163192],[56.141229,25.16329],[56.140901,25.163371],[56.140606,25.163435],[56.14034,25.163483],[56.139999,25.16353],[56.139968,25.163534],[56.139723,25.163561],[56.139493,25.163575],[56.139284,25.163586],[56.139186,25.163589],[56.138886,25.163588],[56.138653,25.163585],[56.138281,25.163563],[56.138101,25.163544],[56.137891,25.16352],[56.137715,25.163497],[56.137523,25.163463],[56.137261,25.163412],[56.137079,25.163375],[56.136844,25.163315],[56.136576,25.163237],[56.13639,25.163181],[56.136154,25.163101],[56.135916,25.163008],[56.135788,25.162957],[56.135621,25.162885],[56.135497,25.162828],[56.135408,25.162785],[56.135247,25.162708],[56.135072,25.162615],[56.135021,25.162588],[56.13481,25.16247],[56.1347,25.162402],[56.134582,25.162329],[56.13444,25.162237],[56.134223,25.162089],[56.133901,25.161855],[56.133622,25.161649],[56.133221,25.161365],[56.132892,25.161126],[56.132515,25.160854],[56.132136,25.160578],[56.131965,25.160453],[56.131719,25.160284],[56.131564,25.160183],[56.131444,25.16011],[56.131248,25.159993],[56.13104,25.159876],[56.130779,25.159745],[56.130621,25.159669],[56.130492,25.15961],[56.130249,25.159508],[56.130052,25.159432],[56.129926,25.159386],[56.129756,25.159327],[56.129576,25.159271],[56.129322,25.159195],[56.129079,25.159133],[56.128851,25.15908],[56.128475,25.158999],[56.12815,25.158933],[56.127837,25.158863],[56.1276,25.158815],[56.127431,25.158777],[56.126961,25.158676],[56.1267,25.15862],[56.126447,25.15857],[56.126289,25.158539],[56.125806,25.158462],[56.125653,25.158443],[56.125431,25.157431],[56.125378,25.157429],[56.125239,25.157423],[56.125233,25.157177],[56.125231,25.157102],[56.125232,25.157028],[56.125231,25.156914],[56.12522,25.156772],[56.125208,25.156658],[56.125194,25.156502],[56.125178,25.156342],[56.125172,25.156257],[56.125171,25.156245],[56.120947,25.136963],[56.115279,25.132477],[56.115401,25.132339],[56.116517,25.130879],[56.11711,25.130104],[56.117214,25.1299],[56.117293,25.129591],[56.11776,25.126826],[56.117823,25.126481],[56.117861,25.12632],[56.118043,25.125922],[56.1182,25.125564],[56.11824,25.125396],[56.118262,25.125137],[56.11822,25.124884],[56.118053,25.123933],[56.118018,25.123633],[56.118041,25.123352],[56.118149,25.122998],[56.118336,25.122688],[56.118708,25.122339],[56.119201,25.122068],[56.119711,25.121788],[56.120108,25.121637],[56.120525,25.121526],[56.120956,25.121561],[56.121242,25.121637],[56.121518,25.121764],[56.121746,25.121925],[56.121968,25.122177],[56.122195,25.122386],[56.122535,25.122589],[56.122787,25.122695],[56.123034,25.122767],[56.123289,25.122811],[56.123651,25.122836],[56.123975,25.122792],[56.124277,25.122724],[56.124513,25.122627],[56.127447,25.121068],[56.127781,25.120896],[56.142622,25.120983],[56.170179,25.12114],[56.170006,25.121357],[56.170424,25.122601],[56.170609,25.123337],[56.170627,25.124591],[56.170415,25.125046],[56.170883,25.125782],[56.171113,25.125886],[56.172194,25.126479],[56.173282,25.127277],[56.173912,25.127455],[56.173692,25.127899],[56.174018,25.12852],[56.174411,25.12902],[56.174659,25.130134],[56.17454,25.13052],[56.174453,25.131005],[56.174538,25.131678],[56.174767,25.132693],[56.175006,25.133406],[56.17492,25.134604],[56.175039,25.134957],[56.174703,25.135424],[56.173969,25.135685],[56.173623,25.136087],[56.173026,25.136558],[56.172053,25.137184],[56.17174,25.137684],[56.171519,25.138273],[56.17116,25.138718],[56.171082,25.139359],[56.171009,25.139624],[56.171564,25.140183],[56.171802,25.140692],[56.17147,25.14136],[56.171379,25.141828],[56.1707,25.142965],[56.170351,25.14326],[56.170129,25.144937],[56.170401,25.145188],[56.170928,25.145363],[56.171297,25.145669],[56.171309,25.146566],[56.171709,25.147314],[56.171739,25.147768],[56.171883,25.148454],[56.171063,25.149951],[56.171538,25.150865],[56.171617,25.151344],[56.171353,25.152509],[56.171421,25.153043],[56.172309,25.153919],[56.172498,25.154466],[56.172869,25.15521],[56.172845,25.15535],[56.172741,25.155962],[56.172779,25.156667],[56.172759,25.156751],[56.171746,25.157043],[56.171079,25.157238],[56.170631,25.157369],[56.170604,25.157369],[56.170578,25.15737],[56.170551,25.157372],[56.170525,25.157375],[56.170498,25.157379],[56.170472,25.157384],[56.170446,25.157389],[56.170421,25.157395],[56.170395,25.157402],[56.17037,25.15741],[56.170345,25.157418],[56.170321,25.157427],[56.170296,25.157437],[56.170273,25.157448],[56.170249,25.15746],[56.170226,25.157472],[56.170204,25.157485],[56.170182,25.157498],[56.169519,25.15769],[56.169164,25.157793],[56.168771,25.157905],[56.168418,25.158008],[56.167993,25.15813],[56.167559,25.158258],[56.167325,25.158327],[56.16705,25.158394],[56.166758,25.158453],[56.166537,25.158493],[56.166262,25.158536],[56.165947,25.15857],[56.165816,25.158583],[56.165619,25.158596],[56.165323,25.158606],[56.165094,25.158607],[56.164953,25.158604],[56.164804,25.158599],[56.164574,25.158586],[56.164396,25.158571],[56.164012,25.158534],[56.1635,25.158478],[56.163058,25.158439],[56.162786,25.158427],[56.162426,25.158416],[56.162086,25.158428]]]},"properties":{"layer":"Area Name","name":"8A - WADI MAMDUAH","sectorNo":"8","subSector":"8A","kind":"area","areaKm2":22.448,"fill":"#BEBADA","fillOpacity":0.741,"stroke":"#BEBADA","strokeWidth":1.0,"source":"Google My Maps 'RAK - MSW Sub-Sector Collection Routes' (PSD), exported 15 Sep 2026, with the map's own styling"}},{"type":"Feature","geometry":{"type":"Polygon","coordinates":[[[56.244038,24.914685],[56.240969,24.913427],[56.234925,24.913406],[56.231626,24.906511],[56.22988,24.9047],[56.228459,24.903893],[56.228414,24.901536],[56.227715,24.899329],[56.226678,24.898023],[56.225204,24.897013],[56.223273,24.897857],[56.222392,24.898751],[56.221127,24.899047],[56.219761,24.898186],[56.217901,24.896524],[56.216539,24.894918],[56.216163,24.893363],[56.215238,24.891656],[56.214038,24.890493],[56.213051,24.889987],[56.213285,24.889905],[56.213448,24.890002],[56.213618,24.889789],[56.230631,24.883849],[56.227386,24.873977],[56.227333,24.874001],[56.226504,24.874386],[56.226118,24.874563],[56.22534,24.874922],[56.227206,24.872858],[56.228361,24.870972],[56.228298,24.869147],[56.227448,24.868231],[56.226763,24.867757],[56.226399,24.867399],[56.226378,24.866794],[56.226036,24.866074],[56.225942,24.865261],[56.225575,24.864649],[56.224839,24.864334],[56.224054,24.863991],[56.22356,24.863853],[56.221919,24.861935],[56.220112,24.859726],[56.218496,24.857681],[56.2168,24.855121],[56.215327,24.854102],[56.214095,24.853224],[56.213384,24.852963],[56.212295,24.853097],[56.212251,24.852993],[56.212191,24.852361],[56.211712,24.852178],[56.211279,24.852591],[56.210953,24.85239],[56.21065,24.851757],[56.210066,24.851794],[56.209586,24.851769],[56.20926,24.85165],[56.208501,24.852061],[56.207937,24.851977],[56.207698,24.85152],[56.207487,24.851144],[56.207008,24.850924],[56.206247,24.850862],[56.205534,24.850876],[56.205189,24.850599],[56.20508,24.849943],[56.205153,24.849388],[56.204847,24.849211],[56.204283,24.849208],[56.203635,24.849146],[56.203395,24.848724],[56.203224,24.848407],[56.202705,24.848247],[56.201347,24.847052],[56.201455,24.846416],[56.201001,24.846296],[56.200566,24.846194],[56.200308,24.84552],[56.200009,24.845062],[56.199227,24.845194],[56.198468,24.845429],[56.197577,24.845442],[56.196905,24.845262],[56.196519,24.844972],[56.200866,24.840864],[56.211549,24.847425],[56.226988,24.851],[56.259196,24.85845],[56.248522,24.869524],[56.24222,24.871777],[56.241426,24.873597],[56.2418,24.876391],[56.242796,24.876336],[56.242961,24.876329],[56.243201,24.876324],[56.243331,24.876326],[56.243411,24.876329],[56.24354,24.876338],[56.243651,24.876348],[56.243759,24.87636],[56.243918,24.876376],[56.247355,24.876748],[56.247596,24.876775],[56.247735,24.876789],[56.247912,24.876806],[56.248076,24.876814],[56.248158,24.876814],[56.248191,24.876814],[56.248218,24.876811],[56.248286,24.876804],[56.249282,24.880141],[56.248643,24.885127],[56.248819,24.887178],[56.249598,24.887538],[56.250461,24.888116],[56.251414,24.888527],[56.252166,24.887876],[56.252857,24.887361],[56.253456,24.888185],[56.254105,24.888897],[56.255211,24.889309],[56.256233,24.888962],[56.256685,24.887899],[56.25798,24.887332],[56.259414,24.887669],[56.260277,24.888192],[56.258752,24.890754],[56.256053,24.894303],[56.255349,24.896882],[56.253494,24.899036],[56.250954,24.901678],[56.250015,24.904676],[56.24832,24.905729],[56.246317,24.907886],[56.244038,24.914685]]]},"properties":{"layer":"Area Name","name":"9A - RAFAQ","sectorNo":"9","subSector":"9A","kind":"area","areaKm2":18.806,"fill":"#80B1D3","fillOpacity":0.761,"stroke":"#80B1D3","strokeWidth":1.0,"source":"Google My Maps 'RAK - MSW Sub-Sector Collection Routes' (PSD), exported 15 Sep 2026, with the map's own styling"}},{"type":"Feature","geometry":{"type":"Polygon","coordinates":[[[56.27576,24.881774],[56.277759,24.883402],[56.280585,24.884859],[56.281115,24.891107],[56.272658,24.902353],[56.272022,24.903995],[56.273254,24.906077],[56.268099,24.906439],[56.267435,24.907434],[56.264679,24.907179],[56.262929,24.907704],[56.261777,24.907832],[56.255401,24.907609],[56.254077,24.911404],[56.249155,24.912813],[56.245341,24.915219],[56.244038,24.914685],[56.246317,24.907886],[56.24832,24.905729],[56.250015,24.904676],[56.250954,24.901678],[56.253494,24.899036],[56.255349,24.896882],[56.256053,24.894303],[56.258752,24.890754],[56.260277,24.888192],[56.259414,24.887669],[56.25798,24.887332],[56.256685,24.887899],[56.256233,24.888962],[56.255211,24.889309],[56.254105,24.888897],[56.253456,24.888185],[56.252857,24.887361],[56.252166,24.887876],[56.251414,24.888527],[56.250461,24.888116],[56.249598,24.887538],[56.248819,24.887178],[56.248643,24.885127],[56.249282,24.880141],[56.248286,24.876804],[56.248218,24.876811],[56.248191,24.876814],[56.248158,24.876814],[56.248076,24.876814],[56.247912,24.876806],[56.247735,24.876789],[56.247596,24.876775],[56.247355,24.876748],[56.243918,24.876376],[56.243759,24.87636],[56.243651,24.876348],[56.24354,24.876338],[56.243411,24.876329],[56.243331,24.876326],[56.243201,24.876324],[56.242961,24.876329],[56.242796,24.876336],[56.2418,24.876391],[56.241426,24.873597],[56.24222,24.871777],[56.248522,24.869524],[56.259196,24.85845],[56.270689,24.867288],[56.278129,24.873007],[56.276387,24.874373],[56.277758,24.876349],[56.277103,24.877339],[56.277383,24.878384],[56.27576,24.881774]]]},"properties":{"layer":"Area Name","name":"9A - AL NASALA","sectorNo":"9","subSector":"9A","kind":"area","areaKm2":13.395,"fill":"#80B1D3","fillOpacity":0.741,"stroke":"#80B1D3","strokeWidth":1.0,"source":"Google My Maps 'RAK - MSW Sub-Sector Collection Routes' (PSD), exported 15 Sep 2026, with the map's own styling"}},{"type":"Feature","geometry":{"type":"Polygon","coordinates":[[[56.175658,24.933644],[56.169088,24.928443],[56.167925,24.927241],[56.168014,24.927146],[56.168115,24.926998],[56.168211,24.926816],[56.168269,24.926715],[56.168725,24.92594],[56.168903,24.925595],[56.168904,24.925593],[56.168919,24.925557],[56.168973,24.925458],[56.169018,24.925365],[56.169062,24.925262],[56.169121,24.9251],[56.169171,24.924958],[56.169269,24.924685],[56.169339,24.92448],[56.169364,24.924411],[56.169413,24.92431],[56.169454,24.92421],[56.169504,24.924064],[56.169542,24.923936],[56.169626,24.923706],[56.169809,24.923491],[56.170113,24.923244],[56.170452,24.922899],[56.170548,24.922606],[56.170724,24.922232],[56.170746,24.92188],[56.170827,24.92165],[56.170922,24.921465],[56.171106,24.921358],[56.17126,24.921269],[56.171281,24.921075],[56.171219,24.920817],[56.171309,24.920659],[56.171524,24.920295],[56.171526,24.920087],[56.171636,24.919884],[56.1718,24.919727],[56.172004,24.919579],[56.172297,24.919455],[56.172571,24.919289],[56.172811,24.918965],[56.173143,24.91885],[56.175461,24.919066],[56.179583,24.918091],[56.179498,24.930944],[56.175658,24.933644]]]},"properties":{"layer":"Area Name","name":"9A - SKHIBAR","sectorNo":"9","subSector":"9A","kind":"area","areaKm2":1.396,"fill":"#80B1D3","fillOpacity":0.741,"stroke":"#80B1D3","strokeWidth":1.0,"source":"Google My Maps 'RAK - MSW Sub-Sector Collection Routes' (PSD), exported 15 Sep 2026, with the map's own styling"}},{"type":"Feature","geometry":{"type":"Polygon","coordinates":[[[56.157223,24.993612],[56.157233,24.993787],[56.158557,25.016299],[56.158483,25.016321],[56.158242,25.016393],[56.157557,25.016614],[56.157085,25.016765],[56.157034,25.016782],[56.156644,25.016906],[56.15648,25.016957],[56.156367,25.016992],[56.156235,25.017033],[56.155979,25.017113],[56.155547,25.017252],[56.155206,25.017363],[56.154638,25.017544],[56.154153,25.017702],[56.153571,25.017893],[56.153037,25.018069],[56.152959,25.018095],[56.152881,25.01812],[56.152301,25.018311],[56.151715,25.018501],[56.150929,25.018762],[56.150824,25.018793],[56.150655,25.018844],[56.150241,25.018956],[56.149833,25.019063],[56.14938,25.019167],[56.148813,25.0193],[56.148456,25.019384],[56.148334,25.019412],[56.147796,25.019536],[56.147187,25.019674],[56.147065,25.019702],[56.146906,25.019744],[56.146226,25.019938],[56.145953,25.020011],[56.145829,25.020042],[56.145719,25.020065],[56.145609,25.020079],[56.145231,25.020112],[56.144994,25.020139],[56.144815,25.020174],[56.144717,25.020207],[56.14422,25.020397],[56.144159,25.020413],[56.144094,25.020423],[56.144036,25.020429],[56.143963,25.020429],[56.143876,25.020425],[56.143786,25.020419],[56.143723,25.020408],[56.143614,25.020374],[56.143522,25.02034],[56.143427,25.020291],[56.143319,25.020223],[56.143251,25.020167],[56.143194,25.020114],[56.143134,25.020048],[56.142894,25.019778],[56.142633,25.019498],[56.142408,25.019265],[56.142213,25.019079],[56.142134,25.01902],[56.142038,25.01896],[56.141967,25.018924],[56.141892,25.018897],[56.141789,25.018864],[56.1414,25.018808],[56.140889,25.018729],[56.140403,25.018665],[56.14007,25.01864],[56.139726,25.018623],[56.139591,25.018616],[56.139191,25.018609],[56.138805,25.018603],[56.13831,25.018596],[56.138144,25.018593],[56.138038,25.018591],[56.137968,25.01859],[56.137917,25.018588],[56.137855,25.018584],[56.137738,25.018575],[56.137696,25.018571],[56.13764,25.018561],[56.137528,25.018538],[56.137427,25.018517],[56.137324,25.018489],[56.137225,25.018458],[56.13713,25.018425],[56.137048,25.018394],[56.136928,25.018341],[56.136784,25.018267],[56.136705,25.018222],[56.136642,25.018181],[56.13656,25.018123],[56.136438,25.018035],[56.136355,25.017966],[56.136294,25.01791],[56.136241,25.01786],[56.136188,25.017802],[56.136116,25.017722],[56.136066,25.017665],[56.136029,25.017621],[56.135987,25.017562],[56.135957,25.017517],[56.135918,25.017454],[56.135875,25.017386],[56.135839,25.017319],[56.135806,25.017252],[56.135781,25.017198],[56.135627,25.016817],[56.135303,25.016008],[56.13526,25.015904],[56.135092,25.015482],[56.135084,25.015452],[56.134912,25.015575],[56.134878,25.015606],[56.134837,25.015643],[56.134793,25.015674],[56.134725,25.015714],[56.134659,25.015739],[56.134585,25.01576],[56.134487,25.015767],[56.134402,25.015761],[56.134339,25.015751],[56.134246,25.015738],[56.13415,25.015722],[56.134047,25.015705],[56.133898,25.015682],[56.133745,25.01566],[56.133682,25.015651],[56.133566,25.015638],[56.133498,25.015639],[56.133411,25.015652],[56.133316,25.015681],[56.133227,25.01573],[56.133134,25.01581],[56.133095,25.015857],[56.133046,25.015911],[56.132997,25.01597],[56.132955,25.016018],[56.132903,25.016077],[56.132856,25.016129],[56.132718,25.016279],[56.132645,25.016355],[56.13259,25.016413],[56.13229,25.016724],[56.131485,25.01746],[56.129556,25.018882],[56.12933,25.019048],[56.128629,25.019432],[56.127879,25.01964],[56.127542,25.019697],[56.127314,25.019771],[56.127178,25.019918],[56.127123,25.020118],[56.127113,25.021078],[56.127096,25.021292],[56.12701,25.02149],[56.1265,25.022251],[56.125053,25.024038],[56.122047,25.027293],[56.108703,25.004999],[56.109173,25.004541],[56.109427,25.004296],[56.11131,25.002457],[56.11875,25.009155],[56.130579,24.994759],[56.157223,24.993612]]]},"properties":{"layer":"Area Name","name":"9A - WADI AL TUWA","sectorNo":"9","subSector":"9A","kind":"area","areaKm2":11.071,"fill":"#80B1D3","fillOpacity":0.741,"stroke":"#80B1D3","strokeWidth":1.0,"source":"Google My Maps 'RAK - MSW Sub-Sector Collection Routes' (PSD), exported 15 Sep 2026, with the map's own styling"}},{"type":"Feature","geometry":{"type":"Polygon","coordinates":[[[56.111478,24.91248],[56.111674,24.912549],[56.112235,24.91275],[56.112811,24.912951],[56.113197,24.913087],[56.113602,24.913216],[56.114005,24.91333],[56.114362,24.913415],[56.114634,24.913471],[56.114864,24.913512],[56.115231,24.913568],[56.116682,24.913771],[56.118309,24.914001],[56.119883,24.914216],[56.119923,24.914221],[56.121526,24.914446],[56.12177,24.91448],[56.121999,24.914507],[56.122114,24.914517],[56.122239,24.914528],[56.122355,24.914536],[56.122571,24.914545],[56.122687,24.914546],[56.122874,24.914549],[56.123083,24.914546],[56.12329,24.914537],[56.123771,24.914495],[56.124901,24.914395],[56.12595,24.914306],[56.126273,24.914278],[56.124476,24.915493],[56.124119,24.916154],[56.123562,24.916535],[56.122688,24.916941],[56.121783,24.917441],[56.120839,24.917882],[56.119721,24.918413],[56.119536,24.92006],[56.119427,24.920886],[56.110882,24.920348],[56.111478,24.91248]]]},"properties":{"layer":"Area Name","name":"9","sectorNo":"9","subSector":"9","kind":"area","areaKm2":0.84,"fill":"#80B1D3","fillOpacity":1.0,"stroke":"#80B1D3","strokeWidth":1.0,"source":"Google My Maps 'RAK - MSW Sub-Sector Collection Routes' (PSD), exported 15 Sep 2026, with the map's own styling"}},{"type":"Feature","geometry":{"type":"Polygon","coordinates":[[[56.11875,25.009155],[56.11131,25.002457],[56.109427,25.004296],[56.109173,25.004541],[56.108703,25.004999],[56.108659,25.004927],[56.108658,25.004925],[56.099273,24.989241],[56.091366,24.986125],[56.085968,24.983998],[56.045983,24.968233],[56.041396,24.946531],[56.063377,24.947574],[56.07772,24.945899],[56.098122,24.943513],[56.102668,24.942311],[56.102999,24.94218],[56.10357,24.941806],[56.103822,24.941841],[56.10426,24.941573],[56.104768,24.94144],[56.111689,24.938328],[56.115554,24.936591],[56.119523,24.934806],[56.137608,24.923738],[56.147435,24.917721],[56.161723,24.917886],[56.161796,24.915867],[56.161795,24.915816],[56.161797,24.915764],[56.1618,24.915712],[56.161804,24.915661],[56.161811,24.91561],[56.16182,24.915558],[56.16183,24.915508],[56.161842,24.915457],[56.161856,24.915407],[56.161872,24.915358],[56.16189,24.915309],[56.16191,24.91526],[56.162313,24.914486],[56.162335,24.914443],[56.1635,24.912332],[56.163882,24.911613],[56.163961,24.91143],[56.164028,24.911243],[56.164087,24.911017],[56.164104,24.91095],[56.164116,24.910875],[56.164154,24.910642],[56.164211,24.910219],[56.164447,24.908443],[56.164465,24.90817],[56.164463,24.907978],[56.164443,24.907734],[56.164402,24.907528],[56.164336,24.907291],[56.164192,24.906942],[56.163647,24.90586],[56.162893,24.904341],[56.162826,24.904201],[56.162768,24.904048],[56.162722,24.903903],[56.162699,24.90378],[56.16268,24.903631],[56.162672,24.903515],[56.162676,24.903409],[56.162704,24.903201],[56.162759,24.902981],[56.162832,24.902797],[56.162982,24.902534],[56.163022,24.90248],[56.163063,24.902428],[56.163106,24.902376],[56.163151,24.902327],[56.163198,24.902277],[56.163248,24.90223],[56.163299,24.902184],[56.163352,24.90214],[56.163407,24.902097],[56.163655,24.901906],[56.164001,24.901634],[56.164417,24.901307],[56.164758,24.901039],[56.164944,24.900888],[56.165347,24.900578],[56.165626,24.900355],[56.166014,24.900022],[56.166333,24.89969],[56.166655,24.899273],[56.166765,24.899091],[56.166881,24.898899],[56.175413,24.902185],[56.185447,24.906047],[56.185591,24.918159],[56.212421,24.918461],[56.21162,24.919767],[56.210734,24.921264],[56.209665,24.922427],[56.208688,24.923553],[56.208016,24.923969],[56.206511,24.924144],[56.205549,24.927295],[56.203912,24.9287],[56.204559,24.931094],[56.202698,24.933767],[56.201166,24.933951],[56.200529,24.93623],[56.196695,24.939044],[56.195706,24.939489],[56.194443,24.939229],[56.192939,24.938978],[56.192075,24.938873],[56.191462,24.939373],[56.190831,24.940298],[56.189995,24.941674],[56.188405,24.94289],[56.187542,24.943945],[56.187506,24.94408],[56.187242,24.94507],[56.187982,24.945693],[56.188531,24.946154],[56.190022,24.946934],[56.191118,24.94766],[56.195122,24.951207],[56.193925,24.953059],[56.193469,24.953958],[56.193535,24.95462],[56.193179,24.955842],[56.191895,24.956557],[56.191898,24.957713],[56.19172,24.958772],[56.191644,24.959575],[56.191221,24.960153],[56.190705,24.960733],[56.189936,24.961494],[56.189218,24.961741],[56.18826,24.962032],[56.187849,24.963732],[56.187605,24.964133],[56.187068,24.964238],[56.185726,24.964126],[56.184905,24.964743],[56.184938,24.971415],[56.184673,24.971766],[56.179401,24.97591],[56.178959,24.977304],[56.178975,24.983967],[56.180206,24.984426],[56.184711,24.984908],[56.185616,24.985539],[56.186233,24.986385],[56.18702,24.988143],[56.187645,24.990115],[56.188174,24.992272],[56.157223,24.993612],[56.130579,24.994759],[56.11875,25.009155]]]},"properties":{"layer":"Area Name","name":"9A - AL MUNIAI","sectorNo":"9","subSector":"9A","kind":"area","areaKm2":97.92,"fill":"#80B1D3","fillOpacity":0.761,"stroke":"#80B1D3","strokeWidth":1.0,"source":"Google My Maps 'RAK - MSW Sub-Sector Collection Routes' (PSD), exported 15 Sep 2026, with the map's own styling"}},{"type":"Feature","geometry":{"type":"Polygon","coordinates":[[[56.280205,24.874603],[56.280585,24.884859],[56.277759,24.883402],[56.27576,24.881774],[56.277383,24.878384],[56.277103,24.877339],[56.277758,24.876349],[56.276387,24.874373],[56.278129,24.873007],[56.280205,24.874603]]]},"properties":{"layer":"Area Name","name":"9","sectorNo":"9","subSector":"9","kind":"area","areaKm2":0.401,"fill":"#80B1D3","fillOpacity":1.0,"stroke":"#80B1D3","strokeWidth":1.0,"source":"Google My Maps 'RAK - MSW Sub-Sector Collection Routes' (PSD), exported 15 Sep 2026, with the map's own styling"}},{"type":"Feature","geometry":{"type":"Polygon","coordinates":[[[56.195426,25.021972],[56.194922,25.022527],[56.187781,25.030407],[56.183079,25.039892],[56.182088,25.040801],[56.179055,25.04358],[56.179385,25.047246],[56.174367,25.052979],[56.169494,25.065858],[56.178283,25.070185],[56.179397,25.072265],[56.177082,25.081765],[56.117613,25.065598],[56.118363,25.062143],[56.121777,25.060237],[56.127323,25.055728],[56.134487,25.048066],[56.130687,25.041721],[56.122047,25.027293],[56.125053,25.024038],[56.1265,25.022251],[56.12701,25.02149],[56.127096,25.021292],[56.127113,25.021078],[56.127123,25.020118],[56.127178,25.019918],[56.127314,25.019771],[56.127542,25.019697],[56.127879,25.01964],[56.128629,25.019432],[56.12933,25.019048],[56.129556,25.018882],[56.131485,25.01746],[56.13229,25.016724],[56.13259,25.016413],[56.132645,25.016355],[56.132718,25.016279],[56.132856,25.016129],[56.132903,25.016077],[56.132955,25.016018],[56.132997,25.01597],[56.133046,25.015911],[56.133095,25.015857],[56.133134,25.01581],[56.133227,25.01573],[56.133316,25.015681],[56.133411,25.015652],[56.133498,25.015639],[56.133566,25.015638],[56.133682,25.015651],[56.133745,25.01566],[56.133898,25.015682],[56.134047,25.015705],[56.13415,25.015722],[56.134246,25.015738],[56.134339,25.015751],[56.134402,25.015761],[56.134487,25.015767],[56.134585,25.01576],[56.134659,25.015739],[56.134725,25.015714],[56.134793,25.015674],[56.134837,25.015643],[56.134878,25.015606],[56.134912,25.015575],[56.135084,25.015452],[56.135092,25.015482],[56.13526,25.015904],[56.135303,25.016008],[56.135627,25.016817],[56.135781,25.017198],[56.135806,25.017252],[56.135839,25.017319],[56.135875,25.017386],[56.135918,25.017454],[56.135957,25.017517],[56.135987,25.017562],[56.136029,25.017621],[56.136066,25.017665],[56.136116,25.017722],[56.136188,25.017802],[56.136241,25.01786],[56.136294,25.01791],[56.136355,25.017966],[56.136438,25.018035],[56.13656,25.018123],[56.136642,25.018181],[56.136705,25.018222],[56.136784,25.018267],[56.136928,25.018341],[56.137048,25.018394],[56.13713,25.018425],[56.137225,25.018458],[56.137324,25.018489],[56.137427,25.018517],[56.137528,25.018538],[56.13764,25.018561],[56.137696,25.018571],[56.137738,25.018575],[56.137855,25.018584],[56.137917,25.018588],[56.137968,25.01859],[56.138038,25.018591],[56.138144,25.018593],[56.13831,25.018596],[56.138805,25.018603],[56.139191,25.018609],[56.139591,25.018616],[56.139726,25.018623],[56.14007,25.01864],[56.140403,25.018665],[56.140889,25.018729],[56.1414,25.018808],[56.141789,25.018864],[56.141892,25.018897],[56.141967,25.018924],[56.142038,25.01896],[56.142134,25.01902],[56.142213,25.019079],[56.142408,25.019265],[56.142633,25.019498],[56.142894,25.019778],[56.143134,25.020048],[56.143194,25.020114],[56.143251,25.020167],[56.143319,25.020223],[56.143427,25.020291],[56.143522,25.02034],[56.143614,25.020374],[56.143723,25.020408],[56.143786,25.020419],[56.143876,25.020425],[56.143963,25.020429],[56.144036,25.020429],[56.144094,25.020423],[56.144159,25.020413],[56.14422,25.020397],[56.144717,25.020207],[56.144815,25.020174],[56.144994,25.020139],[56.145231,25.020112],[56.145609,25.020079],[56.145719,25.020065],[56.145829,25.020042],[56.145953,25.020011],[56.146226,25.019938],[56.146906,25.019744],[56.147065,25.019702],[56.147187,25.019674],[56.147796,25.019536],[56.148334,25.019412],[56.148456,25.019384],[56.148813,25.0193],[56.14938,25.019167],[56.149833,25.019063],[56.150241,25.018956],[56.150655,25.018844],[56.150824,25.018793],[56.150929,25.018762],[56.151715,25.018501],[56.152301,25.018311],[56.152881,25.01812],[56.152959,25.018095],[56.153037,25.018069],[56.153571,25.017893],[56.154153,25.017702],[56.154638,25.017544],[56.155206,25.017363],[56.155547,25.017252],[56.155979,25.017113],[56.156235,25.017033],[56.156367,25.016992],[56.15648,25.016957],[56.156644,25.016906],[56.157034,25.016782],[56.157085,25.016765],[56.157557,25.016614],[56.158242,25.016393],[56.158483,25.016321],[56.158557,25.016299],[56.157233,24.993787],[56.157223,24.993612],[56.188174,24.992272],[56.187821,24.995299],[56.188544,24.99643],[56.19071,24.999364],[56.190696,25.000335],[56.188822,25.004422],[56.191954,25.008513],[56.19098,25.013962],[56.196947,25.018766],[56.195426,25.021972]]]},"properties":{"layer":"Area Name","name":"9A - WADI AL EJEILI","sectorNo":"9","subSector":"9A","kind":"area","areaKm2":43.908,"fill":"#80B1D3","fillOpacity":0.71,"stroke":"#80B1D3","strokeWidth":1.0,"source":"Google My Maps 'RAK - MSW Sub-Sector Collection Routes' (PSD), exported 15 Sep 2026, with the map's own styling"}},{"type":"Feature","geometry":{"type":"Polygon","coordinates":[[[56.231882,24.918185],[56.22848,24.925258],[56.225338,24.924301],[56.221518,24.921105],[56.220171,24.92061],[56.21801,24.920298],[56.216642,24.919769],[56.216093,24.919177],[56.214963,24.91852],[56.214135,24.917972],[56.212421,24.918461],[56.185591,24.918159],[56.185447,24.906047],[56.186776,24.891193],[56.187439,24.883775],[56.187546,24.882579],[56.190532,24.869691],[56.196216,24.845146],[56.196427,24.845058],[56.196519,24.844972],[56.196905,24.845262],[56.197577,24.845442],[56.198468,24.845429],[56.199227,24.845194],[56.200009,24.845062],[56.200308,24.84552],[56.200566,24.846194],[56.201001,24.846296],[56.201455,24.846416],[56.201347,24.847052],[56.202705,24.848247],[56.203224,24.848407],[56.203395,24.848724],[56.203635,24.849146],[56.204283,24.849208],[56.204847,24.849211],[56.205153,24.849388],[56.20508,24.849943],[56.205189,24.850599],[56.205534,24.850876],[56.206247,24.850862],[56.207008,24.850924],[56.207487,24.851144],[56.207698,24.85152],[56.207937,24.851977],[56.208501,24.852061],[56.20926,24.85165],[56.209586,24.851769],[56.210066,24.851794],[56.21065,24.851757],[56.210953,24.85239],[56.211279,24.852591],[56.211712,24.852178],[56.212191,24.852361],[56.212251,24.852993],[56.212295,24.853097],[56.213384,24.852963],[56.214095,24.853224],[56.215327,24.854102],[56.2168,24.855121],[56.218496,24.857681],[56.220112,24.859726],[56.221919,24.861935],[56.22356,24.863853],[56.224054,24.863991],[56.224839,24.864334],[56.225575,24.864649],[56.225942,24.865261],[56.226036,24.866074],[56.226378,24.866794],[56.226399,24.867399],[56.226763,24.867757],[56.227448,24.868231],[56.228298,24.869147],[56.228361,24.870972],[56.227206,24.872858],[56.22534,24.874922],[56.226118,24.874563],[56.226504,24.874386],[56.227333,24.874001],[56.227386,24.873977],[56.230631,24.883849],[56.213618,24.889789],[56.213448,24.890002],[56.213285,24.889905],[56.213051,24.889987],[56.214038,24.890493],[56.215238,24.891656],[56.216163,24.893363],[56.216539,24.894918],[56.217901,24.896524],[56.219761,24.898186],[56.221127,24.899047],[56.222392,24.898751],[56.223273,24.897857],[56.225204,24.897013],[56.226678,24.898023],[56.227715,24.899329],[56.228414,24.901536],[56.228459,24.903893],[56.22988,24.9047],[56.231626,24.906511],[56.234925,24.913406],[56.234544,24.913405],[56.231882,24.918185]]]},"properties":{"layer":"Area Name","name":"9A - AL BARAHAA","sectorNo":"9","subSector":"9A","kind":"area","areaKm2":28.736,"fill":"#80B1D3","fillOpacity":0.741,"stroke":"#80B1D3","strokeWidth":1.0,"source":"Google My Maps 'RAK - MSW Sub-Sector Collection Routes' (PSD), exported 15 Sep 2026, with the map's own styling"}},{"type":"Feature","geometry":{"type":"Polygon","coordinates":[[[56.102999,24.94218],[56.102668,24.942311],[56.098122,24.943513],[56.07772,24.945899],[56.063377,24.947574],[56.057552,24.938312],[56.05682,24.937148],[56.040899,24.90842],[56.041386,24.898265],[56.041843,24.888739],[56.051342,24.876428],[56.061779,24.870805],[56.081022,24.862278],[56.114756,24.84732],[56.13825,24.879521],[56.140724,24.88291],[56.140726,24.882924],[56.141584,24.889156],[56.152699,24.893438],[56.166765,24.899091],[56.166655,24.899273],[56.166333,24.89969],[56.166014,24.900022],[56.165626,24.900355],[56.165347,24.900578],[56.164944,24.900888],[56.164758,24.901039],[56.164417,24.901307],[56.164001,24.901634],[56.163655,24.901906],[56.163407,24.902097],[56.163352,24.90214],[56.163299,24.902184],[56.163248,24.90223],[56.163198,24.902277],[56.163151,24.902327],[56.163106,24.902376],[56.163063,24.902428],[56.163022,24.90248],[56.162982,24.902534],[56.162832,24.902797],[56.162759,24.902981],[56.162704,24.903201],[56.162676,24.903409],[56.162672,24.903515],[56.16268,24.903631],[56.162699,24.90378],[56.162722,24.903903],[56.162768,24.904048],[56.162826,24.904201],[56.162893,24.904341],[56.163647,24.90586],[56.164192,24.906942],[56.164336,24.907291],[56.164402,24.907528],[56.164443,24.907734],[56.164463,24.907978],[56.164465,24.90817],[56.164447,24.908443],[56.164211,24.910219],[56.164154,24.910642],[56.164116,24.910875],[56.164104,24.91095],[56.164087,24.911017],[56.164028,24.911243],[56.163961,24.91143],[56.163882,24.911613],[56.1635,24.912332],[56.162335,24.914443],[56.162313,24.914486],[56.16191,24.91526],[56.16189,24.915309],[56.161872,24.915358],[56.161856,24.915407],[56.161842,24.915457],[56.16183,24.915508],[56.16182,24.915558],[56.161811,24.91561],[56.161804,24.915661],[56.1618,24.915712],[56.161797,24.915764],[56.161795,24.915816],[56.161796,24.915867],[56.161723,24.917886],[56.147435,24.917721],[56.137608,24.923738],[56.119523,24.934806],[56.115554,24.936591],[56.111689,24.938328],[56.104768,24.94144],[56.10426,24.941573],[56.103822,24.941841],[56.10357,24.941806],[56.102999,24.94218]]]},"properties":{"layer":"Area Name","name":"9A - WADI AL QOUR","sectorNo":"9","subSector":"9A","kind":"area","areaKm2":87.066,"fill":"#80B1D3","fillOpacity":0.729,"stroke":"#80B1D3","strokeWidth":1.0,"source":"Google My Maps 'RAK - MSW Sub-Sector Collection Routes' (PSD), exported 15 Sep 2026, with the map's own styling"}},{"type":"Feature","geometry":{"type":"Polygon","coordinates":[[[56.185447,24.906047],[56.175413,24.902185],[56.166881,24.898899],[56.166765,24.899091],[56.152699,24.893438],[56.141584,24.889156],[56.140726,24.882924],[56.140724,24.88291],[56.13825,24.879521],[56.114756,24.84732],[56.132264,24.839552],[56.136163,24.842805],[56.139889,24.844911],[56.140123,24.845043],[56.14117,24.845245],[56.145458,24.846075],[56.154604,24.847213],[56.161114,24.847285],[56.16682,24.846806],[56.169887,24.846875],[56.173475,24.847564],[56.177065,24.847898],[56.179399,24.848115],[56.184617,24.849564],[56.190414,24.847561],[56.196216,24.845146],[56.190532,24.869691],[56.187546,24.882579],[56.187439,24.883775],[56.186776,24.891193],[56.185447,24.906047]]]},"properties":{"layer":"Area Name","name":"9A - AL HUWAILAT","sectorNo":"9","subSector":"9A","kind":"area","areaKm2":34.292,"fill":"#80B1D3","fillOpacity":0.749,"stroke":"#80B1D3","strokeWidth":1.0,"source":"Google My Maps 'RAK - MSW Sub-Sector Collection Routes' (PSD), exported 15 Sep 2026, with the map's own styling"}},{"type":"Feature","geometry":{"type":"Polygon","coordinates":[[[55.997178,25.789833],[55.999088,25.78908],[56.007478,25.787669],[56.013315,25.790664],[56.016748,25.792596],[56.015589,25.794914],[56.012049,25.800266],[56.009903,25.80355],[56.007757,25.806563],[56.005236,25.810591],[56.005059,25.813203],[56.002637,25.81621],[56.002704,25.81717],[56.006186,25.818027],[56.000532,25.82036],[55.995886,25.821726],[55.992314,25.819693],[55.976098,25.800601],[55.985884,25.797715],[55.988258,25.799429],[55.995897,25.79514],[55.997178,25.789833]]]},"properties":{"layer":"2A&2B","name":"2A R01","sectorNo":"2","subSector":"2A","kind":"route","areaKm2":7.709,"fill":"#006064","fillOpacity":0.302,"stroke":"#006064","strokeWidth":1.2,"source":"Google My Maps 'RAK - MSW Sub-Sector Collection Routes' (PSD), exported 15 Sep 2026, with the map's own styling"}},{"type":"Feature","geometry":{"type":"Polygon","coordinates":[[[55.996325,25.822039],[55.996719,25.821709],[56.001461,25.820319],[56.004444,25.818909],[56.006461,25.81802],[56.002749,25.817035],[56.003006,25.815915],[56.005066,25.813481],[56.005366,25.810583],[56.009465,25.804382],[56.016803,25.793255],[56.02146,25.785758],[56.022125,25.783111],[56.026331,25.781991],[56.030729,25.780773],[56.030815,25.794549],[56.03,25.807319],[56.027983,25.81294],[56.023841,25.822096],[56.018348,25.82847],[56.015752,25.831502],[56.012533,25.832912],[56.010709,25.831869],[56.000066,25.824665],[55.996325,25.822039]]]},"properties":{"layer":"2A&2B","name":"2A R02","sectorNo":"2","subSector":"2A","kind":"route","areaKm2":9.772,"fill":"#F57C00","fillOpacity":0.302,"stroke":"#F57C00","strokeWidth":1.2,"source":"Google My Maps 'RAK - MSW Sub-Sector Collection Routes' (PSD), exported 15 Sep 2026, with the map's own styling"}},{"type":"Feature","geometry":{"type":"Polygon","coordinates":[[[56.032037,25.781136],[56.036801,25.785078],[56.03924,25.788216],[56.040448,25.793811],[56.041478,25.797057],[56.040534,25.799877],[56.043581,25.802079],[56.046714,25.803238],[56.054096,25.807218],[56.045856,25.80942],[56.052036,25.812318],[56.053023,25.813206],[56.051177,25.814597],[56.057958,25.819387],[56.06019,25.816297],[56.065468,25.817224],[56.068472,25.818229],[56.066541,25.823444],[56.065511,25.82607],[56.058473,25.830629],[56.049032,25.816181],[56.041393,25.811931],[56.031007,25.819426],[56.028776,25.828543],[56.022682,25.838663],[56.025397,25.84804],[56.025514,25.85388],[56.020536,25.854652],[56.01793,25.8409],[56.015214,25.833101],[56.02354,25.82383],[56.027145,25.816258],[56.03075,25.8066],[56.031694,25.787281],[56.032037,25.781136]]]},"properties":{"layer":"2A&2B","name":"2A R03","sectorNo":"2","subSector":"2A","kind":"route","areaKm2":9.338,"fill":"#558B2F","fillOpacity":0.302,"stroke":"#558B2F","strokeWidth":1.2,"source":"Google My Maps 'RAK - MSW Sub-Sector Collection Routes' (PSD), exported 15 Sep 2026, with the map's own styling"}},{"type":"Feature","geometry":{"type":"Polygon","coordinates":[[[55.98201,25.766215],[55.991366,25.76521],[55.992493,25.764354],[56.004035,25.770288],[56.012607,25.775031],[56.021493,25.763742],[56.02793,25.772785],[56.016314,25.778551],[56.00939,25.780592],[56.008684,25.780807],[56.005528,25.784456],[55.99627,25.786838],[55.995057,25.783374],[55.992064,25.781351],[55.987418,25.782138],[55.984323,25.780518],[55.98201,25.766215]]]},"properties":{"layer":"2B","name":"2B R03","sectorNo":"2","subSector":"2B","kind":"route","areaKm2":6.1,"fill":"#1A237E","fillOpacity":0.302,"stroke":"#1A237E","strokeWidth":1.2,"source":"Google My Maps 'RAK - MSW Sub-Sector Collection Routes' (PSD), exported 15 Sep 2026, with the map's own styling"}},{"type":"Feature","geometry":{"type":"Polygon","coordinates":[[[55.970199,25.786645],[55.982776,25.783251],[55.983386,25.781982],[55.984066,25.781212],[55.984704,25.780984],[55.9867,25.782162],[55.992064,25.781351],[55.993952,25.782587],[55.99627,25.786838],[56.005711,25.785061],[56.008684,25.780807],[56.01232,25.780114],[56.015839,25.779341],[56.027169,25.773371],[56.030559,25.780645],[56.021976,25.782974],[56.021448,25.785337],[56.020018,25.78797],[56.016944,25.792271],[56.007389,25.787638],[55.996876,25.78955],[55.997386,25.793021],[55.995497,25.795339],[55.990606,25.796992],[55.988974,25.799512],[55.986056,25.797812],[55.984511,25.798275],[55.97627,25.800698],[55.973181,25.794721],[55.970199,25.786645]]]},"properties":{"layer":"2B","name":"2B R02","sectorNo":"2","subSector":"2B","kind":"route","areaKm2":6.637,"fill":"#FFEA00","fillOpacity":0.302,"stroke":"#FFEA00","strokeWidth":1.2,"source":"Google My Maps 'RAK - MSW Sub-Sector Collection Routes' (PSD), exported 15 Sep 2026, with the map's own styling"}},{"type":"Feature","geometry":{"type":"Polygon","coordinates":[[[55.980649,25.75098],[55.984029,25.751191],[55.987998,25.751585],[55.99259,25.748669],[55.993738,25.747733],[55.993748,25.746054],[55.994081,25.744753],[55.997006,25.744402],[55.999446,25.744641],[56.001463,25.745646],[56.003051,25.747269],[56.016569,25.746535],[56.016526,25.749125],[56.022019,25.76304],[56.019392,25.765047],[56.012607,25.775031],[56.000653,25.768416],[55.992493,25.764354],[55.981236,25.76561],[55.980219,25.75902],[55.980716,25.753782],[55.980649,25.75098]]]},"properties":{"layer":"2B","name":"2B R04","sectorNo":"2","subSector":"2B","kind":"route","areaKm2":8.811,"fill":"#097138","fillOpacity":0.302,"stroke":"#097138","strokeWidth":1.2,"source":"Google My Maps 'RAK - MSW Sub-Sector Collection Routes' (PSD), exported 15 Sep 2026, with the map's own styling"}},{"type":"Feature","geometry":{"type":"Polygon","coordinates":[[[55.975606,25.750079],[55.97799,25.750478],[55.980308,25.750826],[55.980716,25.753782],[55.979557,25.754034],[55.980115,25.75585],[55.981236,25.76561],[55.984256,25.780315],[55.98417,25.780759],[55.983188,25.781832],[55.982776,25.783251],[55.979836,25.784044],[55.970061,25.786327],[55.969858,25.786343],[55.96915,25.780933],[55.968871,25.776991],[55.968313,25.772122],[55.969536,25.766827],[55.970352,25.764392],[55.973441,25.754034],[55.975169,25.749961],[55.975606,25.750079]]]},"properties":{"layer":"2B","name":"2B R01","sectorNo":"2","subSector":"2B","kind":"route","areaKm2":4.358,"fill":"#FFCC80","fillOpacity":0.569,"stroke":"#FFCC80","strokeWidth":1.2,"source":"Google My Maps 'RAK - MSW Sub-Sector Collection Routes' (PSD), exported 15 Sep 2026, with the map's own styling"}},{"type":"Feature","geometry":{"type":"Polygon","coordinates":[[[55.984795,25.811484],[55.985138,25.811271],[55.989022,25.815753],[55.992648,25.819944],[56.000351,25.825217],[56.001339,25.825903],[56.000716,25.826588],[55.999343,25.827438],[55.993184,25.831649],[55.987713,25.825101],[55.984902,25.81979],[55.982627,25.815811],[55.981288,25.813288],[55.984795,25.811484]]]},"properties":{"layer":"3A+3B+3C","name":"3A R01","sectorNo":"3","subSector":"3A","kind":"route","areaKm2":1.669,"fill":"#558B2F","fillOpacity":0.129,"stroke":"#558B2F","strokeWidth":1.2,"source":"Google My Maps 'RAK - MSW Sub-Sector Collection Routes' (PSD), exported 15 Sep 2026, with the map's own styling"}},{"type":"Feature","geometry":{"type":"Polygon","coordinates":[[[56.002155,25.841333],[56.006103,25.839151],[56.009687,25.835925],[56.010545,25.835578],[56.012133,25.834477],[56.012327,25.834385],[56.012499,25.834289],[56.012789,25.834183],[56.012982,25.834038],[56.013195,25.833984],[56.015759,25.837084],[56.017691,25.841062],[56.019021,25.844056],[56.019686,25.848073],[56.019987,25.848633],[56.020192,25.850668],[56.02138,25.862573],[56.018468,25.862496],[56.016982,25.861068],[56.008099,25.850158],[56.001683,25.841584],[56.002155,25.841333]]]},"properties":{"layer":"3A+3B+3C","name":"3A R02","sectorNo":"3","subSector":"3A","kind":"route","areaKm2":3.124,"fill":"#AFB42B","fillOpacity":0.302,"stroke":"#AFB42B","strokeWidth":1.2,"source":"Google My Maps 'RAK - MSW Sub-Sector Collection Routes' (PSD), exported 15 Sep 2026, with the map's own styling"}},{"type":"Feature","geometry":{"type":"MultiPolygon","coordinates":[[[[56.010796,25.853089],[56.010717,25.852958],[56.010942,25.852967],[56.010796,25.853089]]],[[[56.010796,25.853089],[56.011232,25.853808],[56.011457,25.854551],[56.015706,25.858876],[56.018468,25.862496],[56.017401,25.863394],[56.006222,25.865905],[56.006028,25.864669],[56.009955,25.86409],[56.007166,25.861097],[56.004891,25.863066],[56.002145,25.858973],[55.999527,25.85067],[55.994377,25.845919],[55.992038,25.842694],[55.993862,25.84169],[55.996823,25.844876],[56.001093,25.842018],[56.001447,25.841796],[56.002316,25.843158],[56.008539,25.850708],[56.010642,25.853219],[56.010796,25.853089]]]]},"properties":{"layer":"3A+3B+3C","name":"3A R03","sectorNo":"3","subSector":"3A","kind":"route","areaKm2":2.592,"fill":"#E65100","fillOpacity":0.49,"stroke":"#E65100","strokeWidth":1.2,"source":"Google My Maps 'RAK - MSW Sub-Sector Collection Routes' (PSD), exported 15 Sep 2026, with the map's own styling"}},{"type":"Feature","geometry":{"type":"Polygon","coordinates":[[[55.981147,25.8136],[55.983314,25.817502],[55.985052,25.82067],[55.985632,25.821326],[55.985889,25.821925],[55.988056,25.825807],[55.992134,25.830713],[55.994383,25.833511],[55.995631,25.835059],[55.991201,25.838136],[55.989001,25.83473],[55.989194,25.834093],[55.985782,25.830018],[55.983765,25.828067],[55.981855,25.828936],[55.980053,25.827217],[55.978057,25.825131],[55.97662,25.822949],[55.974002,25.821191],[55.96971,25.818332],[55.970354,25.817444],[55.970182,25.817231],[55.970805,25.816903],[55.970461,25.816381],[55.975976,25.81472],[55.981147,25.8136]]]},"properties":{"layer":"3A+3B+3C","name":"3A R04","sectorNo":"3","subSector":"3A","kind":"route","areaKm2":2.215,"fill":"#0288D1","fillOpacity":0.361,"stroke":"#0288D1","strokeWidth":1.2,"source":"Google My Maps 'RAK - MSW Sub-Sector Collection Routes' (PSD), exported 15 Sep 2026, with the map's own styling"}},{"type":"Feature","geometry":{"type":"Polygon","coordinates":[[[55.966938,25.796199],[55.969406,25.80269],[55.96854,25.803234],[55.968848,25.804487],[55.965994,25.806322],[55.968587,25.809769],[55.971989,25.814349],[55.970956,25.815169],[55.971449,25.815927],[55.9702,25.816521],[55.970543,25.816946],[55.969813,25.818105],[55.966337,25.816347],[55.965608,25.815903],[55.963312,25.817642],[55.955651,25.811692],[55.951875,25.809876],[55.953763,25.805704],[55.954257,25.803791],[55.959063,25.803308],[55.957132,25.798285],[55.956359,25.795542],[55.965844,25.795136],[55.966988,25.794879],[55.966938,25.796199]]]},"properties":{"layer":"3A+3B+3C","name":"3B R01","sectorNo":"3","subSector":"3B","kind":"route","areaKm2":2.996,"fill":"#C2185B","fillOpacity":0.302,"stroke":"#C2185B","strokeWidth":1.2,"source":"Google My Maps 'RAK - MSW Sub-Sector Collection Routes' (PSD), exported 15 Sep 2026, with the map's own styling"}},{"type":"Feature","geometry":{"type":"Polygon","coordinates":[[[55.919421,25.766482],[55.920108,25.765934],[55.921001,25.767643],[55.927095,25.775218],[55.936536,25.782174],[55.943101,25.78871],[55.947841,25.793189],[55.949067,25.800257],[55.951044,25.801128],[55.951814,25.803889],[55.9511,25.806807],[55.949582,25.80613],[55.945806,25.799407],[55.93954,25.792684],[55.933285,25.785232],[55.92658,25.77715],[55.916927,25.768245],[55.919421,25.766482]]]},"properties":{"layer":"3A+3B+3C","name":"3C R02","sectorNo":"3","subSector":"3C","kind":"route","areaKm2":2.107,"fill":"#E65100","fillOpacity":0.302,"stroke":"#E65100","strokeWidth":1.2,"source":"Google My Maps 'RAK - MSW Sub-Sector Collection Routes' (PSD), exported 15 Sep 2026, with the map's own styling"}},{"type":"Feature","geometry":{"type":"Polygon","coordinates":[[[55.969582,25.78699],[55.970092,25.786451],[55.971642,25.791589],[55.974217,25.797732],[55.978294,25.804107],[55.981727,25.807623],[55.985138,25.811262],[55.981288,25.813278],[55.972844,25.798389],[55.971533,25.795121],[55.969496,25.7958],[55.967694,25.789695],[55.965033,25.790468],[55.954219,25.793134],[55.953618,25.791511],[55.954433,25.789231],[55.955249,25.788845],[55.963832,25.786256],[55.964667,25.78775],[55.965505,25.787454],[55.969582,25.78699]]]},"properties":{"layer":"3A+3B+3C","name":"3B R03","sectorNo":"3","subSector":"3B","kind":"route","areaKm2":1.433,"fill":"#097138","fillOpacity":0.341,"stroke":"#097138","strokeWidth":1.2,"source":"Google My Maps 'RAK - MSW Sub-Sector Collection Routes' (PSD), exported 15 Sep 2026, with the map's own styling"}},{"type":"Feature","geometry":{"type":"Polygon","coordinates":[[[55.94083,25.768775],[55.940656,25.770541],[55.937137,25.772165],[55.936793,25.775295],[55.940041,25.779978],[55.946151,25.785956],[55.952157,25.792027],[55.951385,25.794964],[55.950106,25.798532],[55.950526,25.800489],[55.950054,25.800605],[55.948681,25.79678],[55.94778,25.7928],[55.943335,25.788903],[55.93748,25.782367],[55.932674,25.779237],[55.926279,25.774367],[55.920571,25.766522],[55.924176,25.766599],[55.935034,25.767488],[55.94083,25.768775]]]},"properties":{"layer":"3A+3B+3C","name":"3C R01","sectorNo":"3","subSector":"3C","kind":"route","areaKm2":2.689,"fill":"#558B2F","fillOpacity":0.302,"stroke":"#558B2F","strokeWidth":1.2,"source":"Google My Maps 'RAK - MSW Sub-Sector Collection Routes' (PSD), exported 15 Sep 2026, with the map's own styling"}},{"type":"Feature","geometry":{"type":"Polygon","coordinates":[[[55.971299,25.795356],[55.972844,25.798389],[55.974603,25.802195],[55.979324,25.809941],[55.981288,25.813278],[55.977801,25.814133],[55.971449,25.815927],[55.970956,25.815169],[55.972152,25.814512],[55.971535,25.81386],[55.970886,25.812861],[55.970103,25.811861],[55.966166,25.806428],[55.969009,25.804535],[55.96854,25.803234],[55.969577,25.802931],[55.967303,25.796257],[55.971299,25.795356]]]},"properties":{"layer":"3A+3B+3C","name":"3B R02","sectorNo":"3","subSector":"3B","kind":"route","areaKm2":1.648,"fill":"#795548","fillOpacity":0.302,"stroke":"#795548","strokeWidth":1.2,"source":"Google My Maps 'RAK - MSW Sub-Sector Collection Routes' (PSD), exported 15 Sep 2026, with the map's own styling"}},{"type":"Feature","geometry":{"type":"Polygon","coordinates":[[[55.926923,25.768338],[55.929755,25.769266],[55.950526,25.79423],[55.94984,25.802807],[55.941171,25.792066],[55.923232,25.77143],[55.926923,25.768338]]]},"properties":{"layer":"3A+3B+3C","name":"3C R03","sectorNo":"3","subSector":"3C","kind":"route","areaKm2":2.538,"fill":"#0288D1","fillOpacity":0.302,"stroke":"#0288D1","strokeWidth":1.2,"source":"Google My Maps 'RAK - MSW Sub-Sector Collection Routes' (PSD), exported 15 Sep 2026, with the map's own styling"}},{"type":"Feature","geometry":{"type":"Polygon","coordinates":[[[55.970162,25.76492],[55.968241,25.774078],[55.969858,25.786343],[55.966009,25.787023],[55.966953,25.783893],[55.966653,25.777865],[55.966123,25.773395],[55.962275,25.773691],[55.958156,25.772686],[55.946998,25.769981],[55.950088,25.765189],[55.954636,25.762406],[55.955366,25.758193],[55.963992,25.753903],[55.973133,25.753825],[55.970162,25.76492]]]},"properties":{"layer":"3A+3B+3C","name":"3B R04","sectorNo":"3","subSector":"3B","kind":"route","areaKm2":3.998,"fill":"#EDA29B","fillOpacity":0.49,"stroke":"#EDA29B","strokeWidth":1.2,"source":"Google My Maps 'RAK - MSW Sub-Sector Collection Routes' (PSD), exported 15 Sep 2026, with the map's own styling"}},{"type":"Feature","geometry":{"type":"Polygon","coordinates":[[[56.001416,25.825937],[56.002156,25.826391],[56.004007,25.827589],[56.006024,25.829023],[56.008315,25.830442],[56.01295,25.833919],[56.008079,25.837279],[56.001341,25.841644],[55.996823,25.844876],[55.993862,25.84169],[55.99132,25.838322],[55.995631,25.835059],[55.993423,25.83162],[56.001416,25.825937]]]},"properties":{"layer":"3A+3B+3C","name":"3A R05","sectorNo":"3","subSector":"3A","kind":"route","areaKm2":2.296,"fill":"#9C27B0","fillOpacity":0.302,"stroke":"#9C27B0","strokeWidth":1.2,"source":"Google My Maps 'RAK - MSW Sub-Sector Collection Routes' (PSD), exported 15 Sep 2026, with the map's own styling"}},{"type":"Feature","geometry":{"type":"MultiPolygon","coordinates":[[[[55.953177,25.771578],[55.957855,25.772602],[55.946439,25.770129],[55.94645,25.770113],[55.953177,25.771578]]],[[[55.94645,25.770113],[55.945366,25.769877],[55.941246,25.768177],[55.942749,25.765278],[55.941955,25.764814],[55.93717,25.764351],[55.931955,25.763868],[55.93247,25.761394],[55.932749,25.761027],[55.931505,25.759326],[55.929294,25.759156],[55.92074,25.750434],[55.925039,25.747664],[55.931668,25.744608],[55.93232,25.743324],[55.936397,25.741546],[55.94292,25.739226],[55.946654,25.73768],[55.949486,25.735592],[55.952147,25.740309],[55.954293,25.750282],[55.955194,25.755577],[55.954679,25.758862],[55.954164,25.761877],[55.949486,25.7658],[55.94645,25.770113]]]]},"properties":{"layer":"4A&4B","name":"4A R01","sectorNo":"4","subSector":"4A","kind":"route","areaKm2":7.47,"fill":"#1A237E","fillOpacity":0.431,"stroke":"#1A237E","strokeWidth":1.2,"source":"Google My Maps 'RAK - MSW Sub-Sector Collection Routes' (PSD), exported 15 Sep 2026, with the map's own styling"}},{"type":"Feature","geometry":{"type":"Polygon","coordinates":[[[55.92074,25.750434],[55.928997,25.759442],[55.931505,25.759326],[55.93247,25.761394],[55.931955,25.763868],[55.942749,25.765278],[55.941009,25.768404],[55.931486,25.766863],[55.920628,25.766052],[55.919384,25.764428],[55.913032,25.756853],[55.911103,25.754854],[55.914853,25.753423],[55.92074,25.750434]]]},"properties":{"layer":"4A&4B","name":"4A R02","sectorNo":"4","subSector":"4A","kind":"route","areaKm2":2.47,"fill":"#AFB42B","fillOpacity":0.302,"stroke":"#AFB42B","strokeWidth":1.2,"source":"Google My Maps 'RAK - MSW Sub-Sector Collection Routes' (PSD), exported 15 Sep 2026, with the map's own styling"}},{"type":"Feature","geometry":{"type":"Polygon","coordinates":[[[55.86404,25.71549],[55.868707,25.708218],[55.877375,25.694838],[55.883813,25.683159],[55.891452,25.685015],[55.89746,25.690043],[55.892567,25.696462],[55.901236,25.70234],[55.881667,25.724805],[55.86404,25.71549]]]},"properties":{"layer":"4A&4B","name":"4B R01","sectorNo":"4","subSector":"4B","kind":"route","areaKm2":8.82,"fill":"#E6EE9C","fillOpacity":0.302,"stroke":"#E6EE9C","strokeWidth":1.2,"source":"Google My Maps 'RAK - MSW Sub-Sector Collection Routes' (PSD), exported 15 Sep 2026, with the map's own styling"}},{"type":"Feature","geometry":{"type":"Polygon","coordinates":[[[55.87932,25.728555],[55.893096,25.711891],[55.901236,25.70234],[55.892774,25.696347],[55.897516,25.690468],[55.897688,25.691048],[55.898332,25.690468],[55.900649,25.692247],[55.904683,25.694104],[55.912665,25.699788],[55.909972,25.70311],[55.906849,25.706625],[55.910731,25.709169],[55.903653,25.717305],[55.888249,25.734109],[55.87932,25.728555]]]},"properties":{"layer":"4A&4B","name":"4B R02","sectorNo":"4","subSector":"4B","kind":"route","areaKm2":5.866,"fill":"#0F9D58","fillOpacity":0.42,"stroke":"#0F9D58","strokeWidth":1.2,"source":"Google My Maps 'RAK - MSW Sub-Sector Collection Routes' (PSD), exported 15 Sep 2026, with the map's own styling"}},{"type":"Feature","geometry":{"type":"Polygon","coordinates":[[[55.91104,25.709215],[55.910731,25.709169],[55.907199,25.706779],[55.908443,25.705],[55.913121,25.699973],[55.910761,25.698117],[55.899732,25.691349],[55.90428,25.686438],[55.909173,25.684968],[55.919215,25.692858],[55.921103,25.694675],[55.92003,25.696918],[55.922734,25.697421],[55.916984,25.702757],[55.923421,25.707514],[55.93087,25.712464],[55.929343,25.714087],[55.925524,25.715479],[55.922305,25.71575],[55.91561,25.716368],[55.914859,25.711632],[55.9137,25.709428],[55.911979,25.708054],[55.91104,25.709215]]]},"properties":{"layer":"4A&4B","name":"4B R03","sectorNo":"4","subSector":"4B","kind":"route","areaKm2":4.143,"fill":"#9FA8DA","fillOpacity":0.549,"stroke":"#9FA8DA","strokeWidth":1.2,"source":"Google My Maps 'RAK - MSW Sub-Sector Collection Routes' (PSD), exported 15 Sep 2026, with the map's own styling"}},{"type":"Feature","geometry":{"type":"Polygon","coordinates":[[[55.888576,25.73469],[55.892159,25.730901],[55.903274,25.718298],[55.908682,25.712034],[55.912158,25.708322],[55.914518,25.711261],[55.91529,25.716674],[55.92147,25.716132],[55.927908,25.715089],[55.93087,25.712464],[55.938036,25.717563],[55.934903,25.721081],[55.930182,25.718646],[55.924474,25.719071],[55.91602,25.719922],[55.911385,25.720811],[55.909325,25.722396],[55.901601,25.731327],[55.897781,25.737067],[55.897416,25.73844],[55.894519,25.740005],[55.892266,25.737126],[55.888576,25.73469]]]},"properties":{"layer":"4A&4B","name":"4B R04","sectorNo":"4","subSector":"4B","kind":"route","areaKm2":3.989,"fill":"#880E4F","fillOpacity":0.341,"stroke":"#880E4F","strokeWidth":1.2,"source":"Google My Maps 'RAK - MSW Sub-Sector Collection Routes' (PSD), exported 15 Sep 2026, with the map's own styling"}},{"type":"Feature","geometry":{"type":"Polygon","coordinates":[[[55.895796,25.740817],[55.894992,25.740469],[55.898242,25.738585],[55.898006,25.738159],[55.896933,25.73669],[55.902233,25.730727],[55.907555,25.724638],[55.911546,25.720888],[55.916073,25.720076],[55.918112,25.725721],[55.92191,25.728504],[55.927339,25.729316],[55.931222,25.728311],[55.932252,25.73007],[55.930944,25.731346],[55.931544,25.732158],[55.931544,25.733781],[55.925622,25.737802],[55.921996,25.739831],[55.922146,25.742054],[55.922275,25.744915],[55.922489,25.745804],[55.92412,25.74791],[55.925922,25.747234],[55.91116,25.753882],[55.895796,25.740817]]]},"properties":{"layer":"4A&4B","name":"4B R05","sectorNo":"4","subSector":"4B","kind":"route","areaKm2":7.344,"fill":"#FBC02D","fillOpacity":0.302,"stroke":"#FBC02D","strokeWidth":1.2,"source":"Google My Maps 'RAK - MSW Sub-Sector Collection Routes' (PSD), exported 15 Sep 2026, with the map's own styling"}},{"type":"Feature","geometry":{"type":"Polygon","coordinates":[[[55.92412,25.74791],[55.922489,25.745804],[55.921996,25.739831],[55.932361,25.73353],[55.930944,25.731346],[55.932876,25.729741],[55.931909,25.728775],[55.932532,25.728736],[55.932156,25.727963],[55.936051,25.723555],[55.934903,25.721081],[55.938036,25.717563],[55.953046,25.73237],[55.948005,25.736664],[55.931073,25.74389],[55.92412,25.74791]]]},"properties":{"layer":"4A&4B","name":"4B R06","sectorNo":"4","subSector":"4B","kind":"route","areaKm2":4.349,"fill":"#558B2F","fillOpacity":0.302,"stroke":"#558B2F","strokeWidth":1.2,"source":"Google My Maps 'RAK - MSW Sub-Sector Collection Routes' (PSD), exported 15 Sep 2026, with the map's own styling"}},{"type":"Feature","geometry":{"type":"MultiPolygon","coordinates":[[[[55.908107,25.724374],[55.910605,25.721703],[55.911144,25.721583],[55.908107,25.724374]]],[[[55.904679,25.728037],[55.905627,25.726652],[55.908107,25.724374],[55.904679,25.728037]]],[[[55.897688,25.73825],[55.896977,25.738644],[55.89713,25.736935],[55.901601,25.731327],[55.904679,25.728037],[55.897688,25.73825]]],[[[55.911144,25.721583],[55.912107,25.720698],[55.919961,25.71977],[55.930182,25.718646],[55.935024,25.721819],[55.93541,25.723713],[55.932578,25.727232],[55.925626,25.729087],[55.920347,25.72727],[55.916656,25.72035],[55.911144,25.721583]]],[[[55.896915,25.739332],[55.894512,25.740376],[55.87859,25.729087],[55.864643,25.720427],[55.86181,25.718687],[55.863699,25.715285],[55.880178,25.724371],[55.881254,25.725178],[55.878504,25.728739],[55.887731,25.73392],[55.892452,25.737554],[55.894519,25.740005],[55.896977,25.738644],[55.896915,25.739332]]]]},"properties":{"layer":"4A&4B","name":"4b R07","sectorNo":"4","subSector":"4","kind":"route","areaKm2":2.831,"fill":"#01579B","fillOpacity":0.302,"stroke":"#01579B","strokeWidth":1.2,"source":"Google My Maps 'RAK - MSW Sub-Sector Collection Routes' (PSD), exported 15 Sep 2026, with the map's own styling"}},{"type":"Feature","geometry":{"type":"Polygon","coordinates":[[[55.973171,25.753381],[55.966219,25.753574],[55.964631,25.753671],[55.954975,25.750598],[55.95489,25.749786],[55.953857,25.745524],[55.94974,25.735696],[55.954353,25.732371],[55.956392,25.730361],[55.957336,25.72895],[55.95416,25.732159],[55.948039,25.726917],[55.944182,25.722928],[55.947079,25.722416],[55.951413,25.719477],[55.9521,25.720174],[55.952915,25.719516],[55.954117,25.720715],[55.95652,25.718936],[55.957035,25.719632],[55.958452,25.718124],[55.955533,25.71391],[55.960855,25.711474],[55.962743,25.709927],[55.965618,25.709038],[55.967893,25.708767],[55.969928,25.709148],[55.970554,25.712518],[55.972716,25.713796],[55.978153,25.714579],[55.983582,25.72111],[55.983857,25.727829],[55.982052,25.734995],[55.976776,25.745959],[55.973171,25.753381]]]},"properties":{"layer":"5A+5B","name":"5B R01","sectorNo":"5","subSector":"5B","kind":"route","areaKm2":12.674,"fill":"#0097A7","fillOpacity":0.302,"stroke":"#0097A7","strokeWidth":1.2,"source":"Google My Maps 'RAK - MSW Sub-Sector Collection Routes' (PSD), exported 15 Sep 2026, with the map's own styling"}},{"type":"Feature","geometry":{"type":"Polygon","coordinates":[[[55.94665,25.721565],[55.944697,25.722619],[55.933604,25.713523],[55.917499,25.702448],[55.925652,25.694691],[55.937137,25.703433],[55.946049,25.705867],[55.948366,25.705171],[55.966702,25.699875],[55.966601,25.685644],[55.9664,25.682938],[55.958274,25.677832],[55.961678,25.669014],[55.968923,25.664469],[55.969326,25.673914],[55.967496,25.691096],[55.970339,25.707259],[55.963258,25.709618],[55.955147,25.713214],[55.957979,25.717235],[55.957035,25.718627],[55.95489,25.719864],[55.952143,25.718318],[55.948967,25.720405],[55.94665,25.721565]]]},"properties":{"layer":"5A+5B","name":"5B R02","sectorNo":"5","subSector":"5B","kind":"route","areaKm2":8.635,"fill":"#A52714","fillOpacity":0.31,"stroke":"#A52714","strokeWidth":3.901,"source":"Google My Maps 'RAK - MSW Sub-Sector Collection Routes' (PSD), exported 15 Sep 2026, with the map's own styling"}},{"type":"Feature","geometry":{"type":"Polygon","coordinates":[[[55.925652,25.694691],[55.910614,25.684072],[55.92276,25.675189],[55.9288,25.661583],[55.920271,25.644861],[55.952715,25.63929],[55.962328,25.653836],[55.968668,25.664203],[55.962907,25.66753],[55.959581,25.672249],[55.957521,25.677915],[55.9664,25.682938],[55.96589,25.699708],[55.950312,25.703034],[55.945849,25.704812],[55.941557,25.704271],[55.925652,25.694691]]]},"properties":{"layer":"5A+5B","name":"5B R03","sectorNo":"5","subSector":"5B","kind":"route","areaKm2":26.788,"fill":"#AFB42B","fillOpacity":0.302,"stroke":"#AFB42B","strokeWidth":1.2,"source":"Google My Maps 'RAK - MSW Sub-Sector Collection Routes' (PSD), exported 15 Sep 2026, with the map's own styling"}},{"type":"Feature","geometry":{"type":"Polygon","coordinates":[[[55.9516,25.638285],[55.952715,25.63929],[55.941643,25.640451],[55.920271,25.644861],[55.927567,25.659485],[55.92482,25.672017],[55.910614,25.684072],[55.8989,25.67047],[55.897526,25.665055],[55.867142,25.626677],[55.85845,25.60302],[55.867142,25.58999],[55.887892,25.556518],[55.909028,25.549884],[55.927314,25.544809],[55.93512,25.551278],[55.938038,25.563667],[55.943003,25.584417],[55.950398,25.594324],[55.943703,25.620176],[55.9516,25.638285]]]},"properties":{"layer":"5A+5B","name":"5B R04","sectorNo":"5","subSector":"5B","kind":"route","areaKm2":87.321,"fill":"#0097A7","fillOpacity":0.302,"stroke":"#0097A7","strokeWidth":1.2,"source":"Google My Maps 'RAK - MSW Sub-Sector Collection Routes' (PSD), exported 15 Sep 2026, with the map's own styling"}},{"type":"Feature","geometry":{"type":"Polygon","coordinates":[[[55.881627,25.671868],[55.858252,25.653312],[55.823007,25.631468],[55.837383,25.620505],[55.843111,25.623226],[55.848166,25.617998],[55.836056,25.605959],[55.818018,25.593954],[55.835498,25.580782],[55.844822,25.594044],[55.850686,25.601101],[55.858096,25.603978],[55.866091,25.626953],[55.881316,25.647507],[55.890381,25.657053],[55.895488,25.666143],[55.89493,25.666607],[55.881627,25.671868]]]},"properties":{"layer":"6A","name":"6A R01","sectorNo":"6","subSector":"6A","kind":"route","areaKm2":25.763,"fill":"#0F9D58","fillOpacity":0.302,"stroke":"#0F9D58","strokeWidth":1.2,"source":"Google My Maps 'RAK - MSW Sub-Sector Collection Routes' (PSD), exported 15 Sep 2026, with the map's own styling"}},{"type":"Feature","geometry":{"type":"Polygon","coordinates":[[[55.873833,25.699166],[55.873092,25.699017],[55.868264,25.707679],[55.865796,25.70592],[55.863844,25.705108],[55.863307,25.703909],[55.85981,25.703039],[55.85554,25.701222],[55.852836,25.699733],[55.852278,25.700371],[55.844403,25.697973],[55.836314,25.695769],[55.837236,25.692617],[55.834897,25.691844],[55.834168,25.690703],[55.833723,25.690403],[55.831947,25.689161],[55.832939,25.687512],[55.832966,25.68744],[55.833438,25.68599],[55.832344,25.685564],[55.831593,25.686396],[55.830159,25.685701],[55.82752,25.68429],[55.828335,25.683458],[55.827391,25.68166],[55.828507,25.681408],[55.828357,25.680886],[55.833291,25.680027],[55.836768,25.676786],[55.841832,25.67199],[55.853763,25.657756],[55.85711,25.653036],[55.861144,25.655357],[55.880461,25.671346],[55.883527,25.680905],[55.882799,25.684426],[55.878139,25.692875],[55.873833,25.699166]]]},"properties":{"layer":"6A","name":"6A R02","sectorNo":"6","subSector":"6A","kind":"route","areaKm2":18.881,"fill":"#01579B","fillOpacity":0.302,"stroke":"#01579B","strokeWidth":1.2,"source":"Google My Maps 'RAK - MSW Sub-Sector Collection Routes' (PSD), exported 15 Sep 2026, with the map's own styling"}},{"type":"Feature","geometry":{"type":"Polygon","coordinates":[[[55.841662,25.709336],[55.841297,25.709278],[55.840267,25.71239],[55.839816,25.712274],[55.839516,25.71326],[55.835976,25.712352],[55.83177,25.71154],[55.828058,25.711694],[55.823337,25.711694],[55.819131,25.710921],[55.816599,25.709761],[55.812737,25.706494],[55.809132,25.702936],[55.813037,25.699359],[55.820011,25.692843],[55.825032,25.686752],[55.82752,25.68429],[55.831593,25.686396],[55.832414,25.685708],[55.833336,25.686153],[55.833057,25.687274],[55.831813,25.689111],[55.832607,25.68973],[55.834897,25.691844],[55.837236,25.692617],[55.836555,25.69586],[55.840632,25.697097],[55.844408,25.698102],[55.844108,25.69934],[55.844344,25.699514],[55.843808,25.701022],[55.842134,25.706126],[55.842713,25.706397],[55.841662,25.709336]]]},"properties":{"layer":"6A","name":"6A R03","sectorNo":"6","subSector":"6A","kind":"route","areaKm2":6.611,"fill":"#AFB42B","fillOpacity":0.302,"stroke":"#AFB42B","strokeWidth":1.2,"source":"Google My Maps 'RAK - MSW Sub-Sector Collection Routes' (PSD), exported 15 Sep 2026, with the map's own styling"}},{"type":"Feature","geometry":{"type":"MultiPolygon","coordinates":[[[[55.817669,25.710613],[55.817533,25.710508],[55.817799,25.71064],[55.817669,25.710613]]],[[[55.817003,25.710246],[55.81468,25.708289],[55.817533,25.710508],[55.817003,25.710246]]],[[[55.812969,25.706959],[55.811403,25.705533],[55.811424,25.705548],[55.81468,25.708289],[55.812969,25.706959]]],[[[55.809665,25.704291],[55.80312,25.706998],[55.796318,25.707675],[55.795825,25.708487],[55.794644,25.708661],[55.791662,25.710111],[55.790355,25.708695],[55.78778,25.705177],[55.79336,25.699454],[55.799539,25.695238],[55.803378,25.698472],[55.809064,25.703402],[55.811403,25.705533],[55.809665,25.704291]]],[[[55.817799,25.71064],[55.823205,25.711735],[55.827389,25.711793],[55.834191,25.712102],[55.839663,25.713185],[55.839877,25.712392],[55.840414,25.712218],[55.841293,25.709473],[55.841851,25.709221],[55.842967,25.706341],[55.842134,25.706126],[55.842624,25.70491],[55.844405,25.699844],[55.844254,25.69938],[55.844576,25.698085],[55.848696,25.699438],[55.852022,25.700463],[55.853009,25.699902],[55.854897,25.701062],[55.859082,25.702822],[55.863352,25.70404],[55.863545,25.705045],[55.865626,25.705954],[55.868264,25.707679],[55.866184,25.711077],[55.861506,25.718327],[55.85773,25.71651],[55.853546,25.715427],[55.841465,25.713649],[55.837946,25.713127],[55.833182,25.712179],[55.822797,25.711831],[55.818098,25.710787],[55.817799,25.71064]]]]},"properties":{"layer":"6A","name":"6A R04","sectorNo":"6","subSector":"6A","kind":"route","areaKm2":5.676,"fill":"#FF5252","fillOpacity":0.302,"stroke":"#FF5252","strokeWidth":1.2,"source":"Google My Maps 'RAK - MSW Sub-Sector Collection Routes' (PSD), exported 15 Sep 2026, with the map's own styling"}},{"type":"Feature","geometry":{"type":"Polygon","coordinates":[[[55.819826,25.711508],[55.825534,25.712282],[55.825824,25.714855],[55.822892,25.7155],[55.8218,25.718893],[55.817337,25.717579],[55.816242,25.718062],[55.802638,25.718739],[55.802145,25.716805],[55.804913,25.717134],[55.809161,25.715974],[55.815835,25.716921],[55.816886,25.715143],[55.815749,25.714795],[55.809676,25.713383],[55.804784,25.714292],[55.801029,25.715704],[55.799913,25.712591],[55.800922,25.71145],[55.800514,25.710271],[55.796823,25.712668],[55.796458,25.713925],[55.796416,25.71493],[55.799656,25.719087],[55.799248,25.722064],[55.796158,25.71754],[55.792339,25.71551],[55.794763,25.713248],[55.793326,25.711972],[55.791866,25.710232],[55.794644,25.708661],[55.795825,25.708487],[55.796716,25.707719],[55.802123,25.707255],[55.803368,25.707042],[55.8062,25.705824],[55.809869,25.704548],[55.811886,25.706346],[55.816607,25.710368],[55.819826,25.711508]]]},"properties":{"layer":"6A","name":"6A R05","sectorNo":"6","subSector":"6A","kind":"route","areaKm2":2.798,"fill":"#F9A825","fillOpacity":0.302,"stroke":"#F9A825","strokeWidth":1.2,"source":"Google My Maps 'RAK - MSW Sub-Sector Collection Routes' (PSD), exported 15 Sep 2026, with the map's own styling"}},{"type":"Feature","geometry":{"type":"Polygon","coordinates":[[[55.861181,25.718562],[55.859915,25.720476],[55.8541,25.718388],[55.853005,25.71976],[55.850473,25.725251],[55.848714,25.726855],[55.847941,25.724458],[55.847512,25.727841],[55.845924,25.72728],[55.84174,25.725251],[55.840345,25.726217],[55.839444,25.724439],[55.83968,25.721732],[55.838371,25.721114],[55.83865,25.726082],[55.837706,25.72324],[55.835131,25.72324],[55.835796,25.724342],[55.833178,25.724825],[55.831934,25.722254],[55.829938,25.721114],[55.825969,25.720959],[55.823479,25.720572],[55.822857,25.721539],[55.82363,25.717228],[55.825604,25.716493],[55.82732,25.717672],[55.831011,25.71717],[55.832427,25.716029],[55.831977,25.714753],[55.827599,25.714231],[55.825944,25.714804],[55.825534,25.712282],[55.824338,25.711969],[55.832878,25.712105],[55.83659,25.713033],[55.841912,25.713806],[55.8491,25.714792],[55.856095,25.716145],[55.861181,25.718562]]]},"properties":{"layer":"6A","name":"Commercial","sectorNo":null,"subSector":null,"kind":"area","areaKm2":3.368,"fill":"#000000","fillOpacity":0.51,"stroke":"#000000","strokeWidth":1.2,"source":"Google My Maps 'RAK - MSW Sub-Sector Collection Routes' (PSD), exported 15 Sep 2026, with the map's own styling"}},{"type":"Feature","geometry":{"type":"Polygon","coordinates":[[[55.808882,25.702643],[55.798381,25.694889],[55.788495,25.703923],[55.784345,25.703201],[55.775762,25.695157],[55.770995,25.686387],[55.759898,25.69386],[55.755678,25.691135],[55.75727,25.681053],[55.751571,25.682545],[55.741322,25.694985],[55.730676,25.690395],[55.741934,25.668029],[55.752406,25.657585],[55.761247,25.663986],[55.773177,25.654645],[55.78691,25.642961],[55.808144,25.624534],[55.834465,25.637446],[55.856518,25.65302],[55.838666,25.674991],[55.833216,25.679497],[55.82725,25.680599],[55.827765,25.683732],[55.821156,25.691003],[55.808882,25.702643]]]},"properties":{"layer":"6A","name":"Commercial","sectorNo":null,"subSector":null,"kind":"area","areaKm2":57.057,"fill":"#000000","fillOpacity":0.439,"stroke":"#000000","strokeWidth":1.2,"source":"Google My Maps 'RAK - MSW Sub-Sector Collection Routes' (PSD), exported 15 Sep 2026, with the map's own styling"}},{"type":"Feature","geometry":{"type":"MultiPolygon","coordinates":[[[[55.98402,25.438038],[55.98443,25.43685],[55.984466,25.43907],[55.98402,25.438038]]],[[[55.992325,25.410954],[55.992455,25.410963],[55.99218,25.411849],[55.992325,25.410954]]],[[[55.984412,25.435723],[55.987759,25.425957],[55.990592,25.416964],[55.99218,25.411849],[55.991401,25.416644],[55.98443,25.43685],[55.984412,25.435723]]],[[[55.992944,25.409387],[55.999473,25.390887],[56.007949,25.389108],[56.039773,25.382306],[56.061917,25.389828],[56.077747,25.395594],[56.099891,25.401797],[56.101694,25.404666],[56.099033,25.409938],[56.100321,25.413426],[56.083755,25.412302],[56.075172,25.410132],[56.063671,25.406198],[56.059894,25.401293],[56.056289,25.402224],[56.043184,25.40839],[56.026181,25.414452],[56.01772,25.414205],[56.011189,25.412945],[56.002072,25.411651],[55.992455,25.410963],[55.992944,25.409387]]],[[[55.984466,25.43907],[55.986767,25.444394],[55.983677,25.450439],[55.978527,25.464544],[55.979728,25.476477],[55.98299,25.486704],[55.990214,25.512098],[55.986067,25.512798],[55.982546,25.516309],[55.97372,25.52079],[55.944881,25.535506],[55.927314,25.544809],[55.91218,25.548051],[55.890121,25.554788],[55.882911,25.562144],[55.873899,25.577087],[55.866003,25.590093],[55.85845,25.60302],[55.84322,25.5884],[55.896264,25.545196],[55.898152,25.52537],[55.908795,25.519019],[55.936089,25.519174],[55.954114,25.499808],[55.97025,25.486172],[55.978146,25.477649],[55.978318,25.462461],[55.984514,25.442036],[55.984466,25.43907]]]]},"properties":{"layer":"7A","name":"7A R01","sectorNo":"7","subSector":"7A","kind":"route","areaKm2":61.391,"fill":"#A52714","fillOpacity":0.302,"stroke":"#A52714","strokeWidth":1.2,"source":"Google My Maps 'RAK - MSW Sub-Sector Collection Routes' (PSD), exported 15 Sep 2026, with the map's own styling"}},{"type":"Feature","geometry":{"type":"Polygon","coordinates":[[[55.992838,25.512369],[55.986615,25.49676],[55.980435,25.466852],[55.98816,25.445773],[55.98507,25.436782],[55.994935,25.412541],[56.027242,25.415403],[56.031095,25.413011],[56.059894,25.401293],[56.067639,25.40872],[56.091328,25.413217],[56.121927,25.461776],[56.142355,25.476499],[56.134802,25.485642],[56.082445,25.477042],[56.068197,25.49858],[56.042791,25.490523],[56.026483,25.498271],[56.019445,25.51051],[56.009317,25.512679],[55.992838,25.512369]]]},"properties":{"layer":"7A","name":"7A R02","sectorNo":"7","subSector":"7A","kind":"route","areaKm2":120.775,"fill":"#B2EBF2","fillOpacity":0.541,"stroke":"#B2EBF2","strokeWidth":1.2,"source":"Google My Maps 'RAK - MSW Sub-Sector Collection Routes' (PSD), exported 15 Sep 2026, with the map's own styling"}},{"type":"Feature","geometry":{"type":"Polygon","coordinates":[[[55.998717,25.384577],[55.994254,25.404737],[55.983267,25.443651],[55.976401,25.476509],[55.969191,25.485652],[55.934001,25.518653],[55.910998,25.516484],[55.89881,25.524385],[55.892287,25.547619],[55.843363,25.586951],[55.834609,25.57379],[55.85126,25.554433],[55.914088,25.501766],[55.934172,25.488131],[55.948935,25.422722],[55.946875,25.378839],[55.93606,25.360226],[55.973139,25.35278],[55.981551,25.375116],[55.998717,25.384577]]]},"properties":{"layer":"7A","name":"Commercial","sectorNo":null,"subSector":null,"kind":"area","areaKm2":90.255,"fill":"#000000","fillOpacity":0.302,"stroke":"#000000","strokeWidth":3.001,"source":"Google My Maps 'RAK - MSW Sub-Sector Collection Routes' (PSD), exported 15 Sep 2026, with the map's own styling"}},{"type":"Feature","geometry":{"type":"Polygon","coordinates":[[[56.168988,25.354093],[56.167958,25.373327],[56.164182,25.399381],[56.15202,25.416361],[56.14185,25.407751],[56.129603,25.406409],[56.124757,25.417102],[56.100277,25.416627],[56.106418,25.358279],[56.117307,25.357968],[56.133819,25.368599],[56.149366,25.365743],[56.164854,25.369891],[56.164681,25.347989],[56.151479,25.334855],[56.142827,25.314459],[56.167524,25.306524],[56.176072,25.30998],[56.18598,25.305201],[56.181878,25.298843],[56.166654,25.294257],[56.150696,25.278744],[56.1574,25.266942],[56.150661,25.25749],[56.162512,25.249637],[56.178949,25.247936],[56.182964,25.239565],[56.19164,25.237191],[56.207449,25.230433],[56.247526,25.240559],[56.224886,25.249323],[56.216153,25.292044],[56.210618,25.321869],[56.191544,25.334125],[56.176873,25.341596],[56.168988,25.354093]]]},"properties":{"layer":"8A&8C&9A","name":"8C R01","sectorNo":"8","subSector":"8C","kind":"route","areaKm2":101.344,"fill":"#9C27B0","fillOpacity":0.302,"stroke":"#9C27B0","strokeWidth":1.2,"source":"Google My Maps 'RAK - MSW Sub-Sector Collection Routes' (PSD), exported 15 Sep 2026, with the map's own styling"}},{"type":"Feature","geometry":{"type":"Polygon","coordinates":[[[56.161157,25.249251],[56.142411,25.23881],[56.11048,25.227194],[56.077528,25.237311],[56.043317,25.229266],[56.039335,25.237515],[55.996174,25.253689],[56.003877,25.210027],[55.984454,25.205082],[55.990854,25.185193],[56.00815,25.159942],[56.002656,25.128863],[55.982057,25.077254],[55.993484,25.043127],[55.961112,25.005606],[56.006843,24.994165],[56.036302,24.96588],[56.080934,24.982686],[56.130687,25.041721],[56.117348,25.066817],[56.177082,25.081765],[56.171606,25.187675],[56.178949,25.247936],[56.161157,25.249251]]]},"properties":{"layer":"8A&8C&9A","name":"8A R01","sectorNo":"8","subSector":"8A","kind":"route","areaKm2":461.118,"fill":"#006064","fillOpacity":0.302,"stroke":"#006064","strokeWidth":3.001,"source":"Google My Maps 'RAK - MSW Sub-Sector Collection Routes' (PSD), exported 15 Sep 2026, with the map's own styling"}},{"type":"Feature","geometry":{"type":"Polygon","coordinates":[[[56.177082,25.081765],[56.118363,25.062143],[56.134487,25.048066],[56.114196,25.018853],[56.080934,24.982686],[56.045983,24.968233],[56.041396,24.946531],[56.063377,24.947574],[56.041386,24.898265],[56.051342,24.876428],[56.09497,24.856971],[56.132264,24.839552],[56.145458,24.846075],[56.184617,24.849564],[56.200866,24.840864],[56.259196,24.85845],[56.282424,24.879398],[56.272022,24.903995],[56.255401,24.907609],[56.234925,24.913406],[56.22848,24.925258],[56.212421,24.918461],[56.194443,24.939229],[56.195122,24.951207],[56.184905,24.964743],[56.178959,24.977304],[56.188174,24.992272],[56.190696,25.000335],[56.196947,25.018766],[56.186294,25.03503],[56.169494,25.065858],[56.177082,25.081765]]]},"properties":{"layer":"8A&8C&9A","name":"9A R01","sectorNo":"9","subSector":"9A","kind":"route","areaKm2":335.64,"fill":"#FFD600","fillOpacity":0.302,"stroke":"#FFD600","strokeWidth":1.2,"source":"Google My Maps 'RAK - MSW Sub-Sector Collection Routes' (PSD), exported 15 Sep 2026, with the map's own styling"}}]}